caseid,"""Case Identification"""
v000,"""Country code and phase"""
v001,"""Cluster number"""
v002,"""Household number"""
v003,"""Respondent's line number"""
v004,"""Ultimate area unit"""
v005,"""Women's individual sample weight (6 decimals)"""
v006,"""Month of interview"""
v007,"""Year of interview"""
v008,"""Date of interview (CMC)"""
v008a,"""Date of interview Century Day Code (CDC)"""
v009,"""Respondent's month of birth"""
v010,"""Respondent's year of birth"""
v011,"""Date of birth (CMC)"""
v012,"""Respondent's current age"""
v013,"""Age in 5-year groups"""
v014,"""Completeness of age information"""
v015,"""Result of individual interview"""
v016,"""Day of interview"""
v017,"""CMC start of calendar"""
v018,"""Row of month of interview"""
v019,"""Length of calendar"""
v019a,"""Number of calendar columns"""
v020,"""Ever-married sample"""
v021,"""Primary sampling unit"""
v022,"""Sample strata for sampling errors"""
v023,"""Stratification used in sample design"""
v024,"""Region"""
v025,"""Type of place of residence"""
v026,"""NA - De facto place of residence"""
v027,"""Number of visits"""
v028,"""Interviewer identification"""
v029,"""NA - Keyer identification"""
v030,"""Field supervisor"""
v031,"""NA - Field editor"""
v032,"""NA - Office editor"""
v034,"""Line number of husband"""
v040,"""Cluster altitude in meters"""
v042,"""Household selected for hemoglobin"""
v044,"""Selected for Domestic Violence module"""
v045a,"""Language of questionnaire"""
v045b,"""Language of interview"""
v045c,"""Native language of respondent"""
v046,"""Translator used"""
v101,"""Region"""
v102,"""Type of place of residence"""
v103,"""NA - Childhood place of residence"""
v104,"""Years lived in place of residence"""
v105,"""Type of place of previous residence"""
v105a,"""Region of previous residence"""
v106,"""Highest educational level"""
v107,"""Highest year of education"""
v113,"""Source of drinking water"""
v115,"""Time to get to water source"""
v116,"""Type of toilet facility"""
v119,"""Household has: electricity"""
v120,"""Household has: radio"""
v121,"""Household has: television"""
v122,"""Household has: refrigerator"""
v123,"""Household has: bicycle"""
v124,"""Household has: motorcycle/scooter"""
v125,"""Household has: car/truck"""
v127,"""Main floor material"""
v128,"""Main wall material"""
v129,"""Main roof material"""
v130,"""Religion"""
v131,"""Ethnicity"""
v133,"""Education in single years"""
v134,"""NA - De facto place of residence"""
v135,"""Usual resident or visitor"""
v136,"""Number of household members (listed)"""
v137,"""Number of children 5 and under in household (de jure)"""
v138,"""Number of eligible women in household (de facto)"""
v139,"""De jure region of residence"""
v140,"""De jure type of place of residence"""
v141,"""NA - De jure place of residence"""
v149,"""Educational attainment"""
v150,"""Relationship to household head"""
v151,"""Sex of household head"""
v152,"""Age of household head"""
v153,"""Household has: telephone (land-line)"""
awfactt,"""All woman factor - total"""
awfactu,"""All woman factor - urban/rural"""
awfactr,"""All woman factor - regional"""
awfacte,"""All woman factor - educational"""
awfactw,"""All woman factor - wealth index"""
v155,"""Literacy"""
v156,"""NA - Ever participated in a literacy program outside of primary"""
v157,"""Frequency of reading newspaper or magazine"""
v158,"""Frequency of listening to radio"""
v159,"""Frequency of watching television"""
v160,"""Toilet facilities shared with other households"""
v161,"""Type of cooking fuel"""
v166,"""NA - Result of salt test for iodine"""
v167,"""Number of trips in last 12 months"""
v168,"""Away for more than one month in last 12 months"""
v169a,"""Owns a mobile telephone"""
v169b,"""Use mobile telephone for financial transactions"""
v170,"""Has an account in a bank or other financial institution"""
v171a,"""Use of internet"""
v171b,"""Frequency of using internet last month"""
v190,"""Wealth index combined"""
v191,"""Wealth index factor score combined (5 decimals)"""
v190a,"""Wealth index for urban/rural"""
v191a,"""Wealth index factor score for urban/rural (5 decimals)"""
ml101,"""Type of mosquito bed net(s) slept under last night"""
bidx_01,"""Birth column number"""
bidx_02,"""Birth column number"""
bidx_03,"""Birth column number"""
bidx_04,"""Birth column number"""
bidx_05,"""Birth column number"""
bidx_06,"""Birth column number"""
bidx_07,"""Birth column number"""
bidx_08,"""Birth column number"""
bidx_09,"""Birth column number"""
bidx_10,"""Birth column number"""
bidx_11,"""Birth column number"""
bidx_12,"""Birth column number"""
bidx_13,"""Birth column number"""
bidx_14,"""Birth column number"""
bidx_15,"""Birth column number"""
bidx_16,"""Birth column number"""
bidx_17,"""Birth column number"""
bidx_18,"""Birth column number"""
bidx_19,"""Birth column number"""
bidx_20,"""Birth column number"""
bord_01,"""Birth order number"""
bord_02,"""Birth order number"""
bord_03,"""Birth order number"""
bord_04,"""Birth order number"""
bord_05,"""Birth order number"""
bord_06,"""Birth order number"""
bord_07,"""Birth order number"""
bord_08,"""Birth order number"""
bord_09,"""Birth order number"""
bord_10,"""Birth order number"""
bord_11,"""Birth order number"""
bord_12,"""Birth order number"""
bord_13,"""Birth order number"""
bord_14,"""Birth order number"""
bord_15,"""Birth order number"""
bord_16,"""Birth order number"""
bord_17,"""Birth order number"""
bord_18,"""Birth order number"""
bord_19,"""Birth order number"""
bord_20,"""Birth order number"""
b0_01,"""Child is twin"""
b0_02,"""Child is twin"""
b0_03,"""Child is twin"""
b0_04,"""Child is twin"""
b0_05,"""Child is twin"""
b0_06,"""Child is twin"""
b0_07,"""Child is twin"""
b0_08,"""Child is twin"""
b0_09,"""Child is twin"""
b0_10,"""Child is twin"""
b0_11,"""Child is twin"""
b0_12,"""Child is twin"""
b0_13,"""Child is twin"""
b0_14,"""Child is twin"""
b0_15,"""Child is twin"""
b0_16,"""Child is twin"""
b0_17,"""Child is twin"""
b0_18,"""Child is twin"""
b0_19,"""Child is twin"""
b0_20,"""Child is twin"""
b1_01,"""Month of birth"""
b1_02,"""Month of birth"""
b1_03,"""Month of birth"""
b1_04,"""Month of birth"""
b1_05,"""Month of birth"""
b1_06,"""Month of birth"""
b1_07,"""Month of birth"""
b1_08,"""Month of birth"""
b1_09,"""Month of birth"""
b1_10,"""Month of birth"""
b1_11,"""Month of birth"""
b1_12,"""Month of birth"""
b1_13,"""Month of birth"""
b1_14,"""Month of birth"""
b1_15,"""Month of birth"""
b1_16,"""Month of birth"""
b1_17,"""Month of birth"""
b1_18,"""Month of birth"""
b1_19,"""Month of birth"""
b1_20,"""Month of birth"""
b2_01,"""Year of birth"""
b2_02,"""Year of birth"""
b2_03,"""Year of birth"""
b2_04,"""Year of birth"""
b2_05,"""Year of birth"""
b2_06,"""Year of birth"""
b2_07,"""Year of birth"""
b2_08,"""Year of birth"""
b2_09,"""Year of birth"""
b2_10,"""Year of birth"""
b2_11,"""Year of birth"""
b2_12,"""Year of birth"""
b2_13,"""Year of birth"""
b2_14,"""Year of birth"""
b2_15,"""Year of birth"""
b2_16,"""Year of birth"""
b2_17,"""Year of birth"""
b2_18,"""Year of birth"""
b2_19,"""Year of birth"""
b2_20,"""Year of birth"""
b3_01,"""Date of birth (CMC)"""
b3_02,"""Date of birth (CMC)"""
b3_03,"""Date of birth (CMC)"""
b3_04,"""Date of birth (CMC)"""
b3_05,"""Date of birth (CMC)"""
b3_06,"""Date of birth (CMC)"""
b3_07,"""Date of birth (CMC)"""
b3_08,"""Date of birth (CMC)"""
b3_09,"""Date of birth (CMC)"""
b3_10,"""Date of birth (CMC)"""
b3_11,"""Date of birth (CMC)"""
b3_12,"""Date of birth (CMC)"""
b3_13,"""Date of birth (CMC)"""
b3_14,"""Date of birth (CMC)"""
b3_15,"""Date of birth (CMC)"""
b3_16,"""Date of birth (CMC)"""
b3_17,"""Date of birth (CMC)"""
b3_18,"""Date of birth (CMC)"""
b3_19,"""Date of birth (CMC)"""
b3_20,"""Date of birth (CMC)"""
b4_01,"""Sex of child"""
b4_02,"""Sex of child"""
b4_03,"""Sex of child"""
b4_04,"""Sex of child"""
b4_05,"""Sex of child"""
b4_06,"""Sex of child"""
b4_07,"""Sex of child"""
b4_08,"""Sex of child"""
b4_09,"""Sex of child"""
b4_10,"""Sex of child"""
b4_11,"""Sex of child"""
b4_12,"""Sex of child"""
b4_13,"""Sex of child"""
b4_14,"""Sex of child"""
b4_15,"""Sex of child"""
b4_16,"""Sex of child"""
b4_17,"""Sex of child"""
b4_18,"""Sex of child"""
b4_19,"""Sex of child"""
b4_20,"""Sex of child"""
b5_01,"""Child is alive"""
b5_02,"""Child is alive"""
b5_03,"""Child is alive"""
b5_04,"""Child is alive"""
b5_05,"""Child is alive"""
b5_06,"""Child is alive"""
b5_07,"""Child is alive"""
b5_08,"""Child is alive"""
b5_09,"""Child is alive"""
b5_10,"""Child is alive"""
b5_11,"""Child is alive"""
b5_12,"""Child is alive"""
b5_13,"""Child is alive"""
b5_14,"""Child is alive"""
b5_15,"""Child is alive"""
b5_16,"""Child is alive"""
b5_17,"""Child is alive"""
b5_18,"""Child is alive"""
b5_19,"""Child is alive"""
b5_20,"""Child is alive"""
b6_01,"""Age at death"""
b6_02,"""Age at death"""
b6_03,"""Age at death"""
b6_04,"""Age at death"""
b6_05,"""Age at death"""
b6_06,"""Age at death"""
b6_07,"""Age at death"""
b6_08,"""Age at death"""
b6_09,"""Age at death"""
b6_10,"""Age at death"""
b6_11,"""Age at death"""
b6_12,"""Age at death"""
b6_13,"""Age at death"""
b6_14,"""Age at death"""
b6_15,"""Age at death"""
b6_16,"""Age at death"""
b6_17,"""Age at death"""
b6_18,"""Age at death"""
b6_19,"""Age at death"""
b6_20,"""Age at death"""
b7_01,"""Age at death (months, imputed)"""
b7_02,"""Age at death (months, imputed)"""
b7_03,"""Age at death (months, imputed)"""
b7_04,"""Age at death (months, imputed)"""
b7_05,"""Age at death (months, imputed)"""
b7_06,"""Age at death (months, imputed)"""
b7_07,"""Age at death (months, imputed)"""
b7_08,"""Age at death (months, imputed)"""
b7_09,"""Age at death (months, imputed)"""
b7_10,"""Age at death (months, imputed)"""
b7_11,"""Age at death (months, imputed)"""
b7_12,"""Age at death (months, imputed)"""
b7_13,"""Age at death (months, imputed)"""
b7_14,"""Age at death (months, imputed)"""
b7_15,"""Age at death (months, imputed)"""
b7_16,"""Age at death (months, imputed)"""
b7_17,"""Age at death (months, imputed)"""
b7_18,"""Age at death (months, imputed)"""
b7_19,"""Age at death (months, imputed)"""
b7_20,"""Age at death (months, imputed)"""
b8_01,"""Current age of child"""
b8_02,"""Current age of child"""
b8_03,"""Current age of child"""
b8_04,"""Current age of child"""
b8_05,"""Current age of child"""
b8_06,"""Current age of child"""
b8_07,"""Current age of child"""
b8_08,"""Current age of child"""
b8_09,"""Current age of child"""
b8_10,"""Current age of child"""
b8_11,"""Current age of child"""
b8_12,"""Current age of child"""
b8_13,"""Current age of child"""
b8_14,"""Current age of child"""
b8_15,"""Current age of child"""
b8_16,"""Current age of child"""
b8_17,"""Current age of child"""
b8_18,"""Current age of child"""
b8_19,"""Current age of child"""
b8_20,"""Current age of child"""
b9_01,"""Child lives with whom"""
b9_02,"""Child lives with whom"""
b9_03,"""Child lives with whom"""
b9_04,"""Child lives with whom"""
b9_05,"""Child lives with whom"""
b9_06,"""Child lives with whom"""
b9_07,"""Child lives with whom"""
b9_08,"""Child lives with whom"""
b9_09,"""Child lives with whom"""
b9_10,"""Child lives with whom"""
b9_11,"""Child lives with whom"""
b9_12,"""Child lives with whom"""
b9_13,"""Child lives with whom"""
b9_14,"""Child lives with whom"""
b9_15,"""Child lives with whom"""
b9_16,"""Child lives with whom"""
b9_17,"""Child lives with whom"""
b9_18,"""Child lives with whom"""
b9_19,"""Child lives with whom"""
b9_20,"""Child lives with whom"""
b10_01,"""Completeness of information"""
b10_02,"""Completeness of information"""
b10_03,"""Completeness of information"""
b10_04,"""Completeness of information"""
b10_05,"""Completeness of information"""
b10_06,"""Completeness of information"""
b10_07,"""Completeness of information"""
b10_08,"""Completeness of information"""
b10_09,"""Completeness of information"""
b10_10,"""Completeness of information"""
b10_11,"""Completeness of information"""
b10_12,"""Completeness of information"""
b10_13,"""Completeness of information"""
b10_14,"""Completeness of information"""
b10_15,"""Completeness of information"""
b10_16,"""Completeness of information"""
b10_17,"""Completeness of information"""
b10_18,"""Completeness of information"""
b10_19,"""Completeness of information"""
b10_20,"""Completeness of information"""
b11_01,"""Preceding birth interval (months)"""
b11_02,"""Preceding birth interval (months)"""
b11_03,"""Preceding birth interval (months)"""
b11_04,"""Preceding birth interval (months)"""
b11_05,"""Preceding birth interval (months)"""
b11_06,"""Preceding birth interval (months)"""
b11_07,"""Preceding birth interval (months)"""
b11_08,"""Preceding birth interval (months)"""
b11_09,"""Preceding birth interval (months)"""
b11_10,"""Preceding birth interval (months)"""
b11_11,"""Preceding birth interval (months)"""
b11_12,"""Preceding birth interval (months)"""
b11_13,"""Preceding birth interval (months)"""
b11_14,"""Preceding birth interval (months)"""
b11_15,"""Preceding birth interval (months)"""
b11_16,"""Preceding birth interval (months)"""
b11_17,"""Preceding birth interval (months)"""
b11_18,"""Preceding birth interval (months)"""
b11_19,"""Preceding birth interval (months)"""
b11_20,"""Preceding birth interval (months)"""
b12_01,"""Succeeding birth interval (months)"""
b12_02,"""Succeeding birth interval (months)"""
b12_03,"""Succeeding birth interval (months)"""
b12_04,"""Succeeding birth interval (months)"""
b12_05,"""Succeeding birth interval (months)"""
b12_06,"""Succeeding birth interval (months)"""
b12_07,"""Succeeding birth interval (months)"""
b12_08,"""Succeeding birth interval (months)"""
b12_09,"""Succeeding birth interval (months)"""
b12_10,"""Succeeding birth interval (months)"""
b12_11,"""Succeeding birth interval (months)"""
b12_12,"""Succeeding birth interval (months)"""
b12_13,"""Succeeding birth interval (months)"""
b12_14,"""Succeeding birth interval (months)"""
b12_15,"""Succeeding birth interval (months)"""
b12_16,"""Succeeding birth interval (months)"""
b12_17,"""Succeeding birth interval (months)"""
b12_18,"""Succeeding birth interval (months)"""
b12_19,"""Succeeding birth interval (months)"""
b12_20,"""Succeeding birth interval (months)"""
b13_01,"""Flag for age at death"""
b13_02,"""Flag for age at death"""
b13_03,"""Flag for age at death"""
b13_04,"""Flag for age at death"""
b13_05,"""Flag for age at death"""
b13_06,"""Flag for age at death"""
b13_07,"""Flag for age at death"""
b13_08,"""Flag for age at death"""
b13_09,"""Flag for age at death"""
b13_10,"""Flag for age at death"""
b13_11,"""Flag for age at death"""
b13_12,"""Flag for age at death"""
b13_13,"""Flag for age at death"""
b13_14,"""Flag for age at death"""
b13_15,"""Flag for age at death"""
b13_16,"""Flag for age at death"""
b13_17,"""Flag for age at death"""
b13_18,"""Flag for age at death"""
b13_19,"""Flag for age at death"""
b13_20,"""Flag for age at death"""
b15_01,"""Live birth between births"""
b15_02,"""Live birth between births"""
b15_03,"""Live birth between births"""
b15_04,"""Live birth between births"""
b15_05,"""Live birth between births"""
b15_06,"""Live birth between births"""
b15_07,"""Live birth between births"""
b15_08,"""Live birth between births"""
b15_09,"""Live birth between births"""
b15_10,"""Live birth between births"""
b15_11,"""Live birth between births"""
b15_12,"""Live birth between births"""
b15_13,"""Live birth between births"""
b15_14,"""Live birth between births"""
b15_15,"""Live birth between births"""
b15_16,"""Live birth between births"""
b15_17,"""Live birth between births"""
b15_18,"""Live birth between births"""
b15_19,"""Live birth between births"""
b15_20,"""Live birth between births"""
b16_01,"""Child's line number in household"""
b16_02,"""Child's line number in household"""
b16_03,"""Child's line number in household"""
b16_04,"""Child's line number in household"""
b16_05,"""Child's line number in household"""
b16_06,"""Child's line number in household"""
b16_07,"""Child's line number in household"""
b16_08,"""Child's line number in household"""
b16_09,"""Child's line number in household"""
b16_10,"""Child's line number in household"""
b16_11,"""Child's line number in household"""
b16_12,"""Child's line number in household"""
b16_13,"""Child's line number in household"""
b16_14,"""Child's line number in household"""
b16_15,"""Child's line number in household"""
b16_16,"""Child's line number in household"""
b16_17,"""Child's line number in household"""
b16_18,"""Child's line number in household"""
b16_19,"""Child's line number in household"""
b16_20,"""Child's line number in household"""
b17_01,"""Day of birth"""
b17_02,"""Day of birth"""
b17_03,"""Day of birth"""
b17_04,"""Day of birth"""
b17_05,"""Day of birth"""
b17_06,"""Day of birth"""
b17_07,"""Day of birth"""
b17_08,"""Day of birth"""
b17_09,"""Day of birth"""
b17_10,"""Day of birth"""
b17_11,"""Day of birth"""
b17_12,"""Day of birth"""
b17_13,"""Day of birth"""
b17_14,"""Day of birth"""
b17_15,"""Day of birth"""
b17_16,"""Day of birth"""
b17_17,"""Day of birth"""
b17_18,"""Day of birth"""
b17_19,"""Day of birth"""
b17_20,"""Day of birth"""
b18_01,"""Century Day Code of birth (CDC)"""
b18_02,"""Century Day Code of birth (CDC)"""
b18_03,"""Century Day Code of birth (CDC)"""
b18_04,"""Century Day Code of birth (CDC)"""
b18_05,"""Century Day Code of birth (CDC)"""
b18_06,"""Century Day Code of birth (CDC)"""
b18_07,"""Century Day Code of birth (CDC)"""
b18_08,"""Century Day Code of birth (CDC)"""
b18_09,"""Century Day Code of birth (CDC)"""
b18_10,"""Century Day Code of birth (CDC)"""
b18_11,"""Century Day Code of birth (CDC)"""
b18_12,"""Century Day Code of birth (CDC)"""
b18_13,"""Century Day Code of birth (CDC)"""
b18_14,"""Century Day Code of birth (CDC)"""
b18_15,"""Century Day Code of birth (CDC)"""
b18_16,"""Century Day Code of birth (CDC)"""
b18_17,"""Century Day Code of birth (CDC)"""
b18_18,"""Century Day Code of birth (CDC)"""
b18_19,"""Century Day Code of birth (CDC)"""
b18_20,"""Century Day Code of birth (CDC)"""
b19_01,"""Current age of child in months"""
b19_02,"""Current age of child in months"""
b19_03,"""Current age of child in months"""
b19_04,"""Current age of child in months"""
b19_05,"""Current age of child in months"""
b19_06,"""Current age of child in months"""
b19_07,"""Current age of child in months"""
b19_08,"""Current age of child in months"""
b19_09,"""Current age of child in months"""
b19_10,"""Current age of child in months"""
b19_11,"""Current age of child in months"""
b19_12,"""Current age of child in months"""
b19_13,"""Current age of child in months"""
b19_14,"""Current age of child in months"""
b19_15,"""Current age of child in months"""
b19_16,"""Current age of child in months"""
b19_17,"""Current age of child in months"""
b19_18,"""Current age of child in months"""
b19_19,"""Current age of child in months"""
b19_20,"""Current age of child in months"""
b20_01,"""Duration of pregnancy"""
b20_02,"""Duration of pregnancy"""
b20_03,"""Duration of pregnancy"""
b20_04,"""Duration of pregnancy"""
b20_05,"""Duration of pregnancy"""
b20_06,"""Duration of pregnancy"""
b20_07,"""Duration of pregnancy"""
b20_08,"""Duration of pregnancy"""
b20_09,"""Duration of pregnancy"""
b20_10,"""Duration of pregnancy"""
b20_11,"""Duration of pregnancy"""
b20_12,"""Duration of pregnancy"""
b20_13,"""Duration of pregnancy"""
b20_14,"""Duration of pregnancy"""
b20_15,"""Duration of pregnancy"""
b20_16,"""Duration of pregnancy"""
b20_17,"""Duration of pregnancy"""
b20_18,"""Duration of pregnancy"""
b20_19,"""Duration of pregnancy"""
b20_20,"""Duration of pregnancy"""
v201,"""Total children ever born"""
v202,"""Sons at home"""
v203,"""Daughters at home"""
v204,"""Sons elsewhere"""
v205,"""Daughters elsewhere"""
v206,"""Sons who have died"""
v207,"""Daughters who have died"""
v208,"""Births in last five years"""
v209,"""Births in past year"""
v210,"""Births in month of interview"""
v211,"""Date of first birth (CMC)"""
v212,"""Age of respondent at 1st birth"""
v213,"""Currently pregnant"""
v214,"""Duration of current pregnancy"""
v215,"""Time since last menstrual period"""
v216,"""Menstruated in last six weeks"""
v217,"""Knowledge of ovulatory cycle"""
v218,"""Number of living children"""
v219,"""Living children + current pregnancy"""
v220,"""Living children + current pregnancy (grouped)"""
v221,"""Marriage to first birth interval (months)"""
v222,"""Last birth to interview (months)"""
v223,"""Completeness of current pregnancy information"""
v224,"""Entries in birth history"""
v225,"""Current pregnancy wanted"""
v226,"""Time since last period (comp) (months)"""
v227,"""Flag for last period"""
v228,"""Ever had a terminated pregnancy"""
v229,"""Month pregnancy ended"""
v230,"""Year pregnancy ended"""
v231,"""CMC pregnancy ended"""
v232,"""Completeness of last termination information"""
v233,"""Months when pregnancy ended"""
v234,"""Other such pregnancies"""
v235,"""Index last child prior to maternity-health (calendar)"""
v237,"""Birth between last and interview"""
v238,"""Births in last three years"""
v239,"""Pregnancies terminated before calendar beginning"""
v240,"""Month of last termination prior to calendar"""
v241,"""Year of last termination prior to calendar"""
v242,"""CMC termination ended prior to calendar"""
v243,"""Completeness of last termination date prior to calendar"""
v244,"""Can women get pregnant after birth and before period"""
v301,"""Knowledge of any method"""
v302,"""Ever use of any method"""
v302a,"""Ever used anything or tried to delay or avoid getting pregnant"""
v304a_01,"""Type of method"""
v304a_02,"""Type of method"""
v304a_03,"""Type of method"""
v304a_04,"""Type of method"""
v304a_05,"""Type of method"""
v304a_06,"""Type of method"""
v304a_07,"""Type of method"""
v304a_08,"""Type of method"""
v304a_09,"""Type of method"""
v304a_10,"""Type of method"""
v304a_11,"""Type of method"""
v304a_12,"""Type of method"""
v304a_13,"""Type of method"""
v304a_14,"""Type of method"""
v304a_15,"""Type of method"""
v304a_16,"""Type of method"""
v304a_17,"""Type of method"""
v304a_18,"""Type of method"""
v304a_19,"""Type of method"""
v304a_20,"""Type of method"""
v304_01,"""Knows method"""
v304_02,"""Knows method"""
v304_03,"""Knows method"""
v304_04,"""Knows method"""
v304_05,"""Knows method"""
v304_06,"""Knows method"""
v304_07,"""Knows method"""
v304_08,"""Knows method"""
v304_09,"""Knows method"""
v304_10,"""Knows method"""
v304_11,"""Knows method"""
v304_12,"""Knows method"""
v304_13,"""Knows method"""
v304_14,"""Knows method"""
v304_15,"""Knows method"""
v304_16,"""Knows method"""
v304_17,"""Knows method"""
v304_18,"""Knows method"""
v304_19,"""Knows method"""
v304_20,"""Knows method"""
v305_01,"""NA - Ever used method"""
v305_02,"""NA - Ever used method"""
v305_03,"""NA - Ever used method"""
v305_04,"""NA - Ever used method"""
v305_05,"""NA - Ever used method"""
v305_06,"""NA - Ever used method"""
v305_07,"""NA - Ever used method"""
v305_08,"""NA - Ever used method"""
v305_09,"""NA - Ever used method"""
v305_10,"""NA - Ever used method"""
v305_11,"""NA - Ever used method"""
v305_12,"""NA - Ever used method"""
v305_13,"""NA - Ever used method"""
v305_14,"""NA - Ever used method"""
v305_15,"""NA - Ever used method"""
v305_16,"""NA - Ever used method"""
v305_17,"""NA - Ever used method"""
v305_18,"""NA - Ever used method"""
v305_19,"""NA - Ever used method"""
v305_20,"""NA - Ever used method"""
v307_01,"""Method currently used"""
v307_02,"""Method currently used"""
v307_03,"""Method currently used"""
v307_04,"""Method currently used"""
v307_05,"""Method currently used"""
v307_06,"""Method currently used"""
v307_07,"""Method currently used"""
v307_08,"""Method currently used"""
v307_09,"""Method currently used"""
v307_10,"""Method currently used"""
v307_11,"""Method currently used"""
v307_12,"""Method currently used"""
v307_13,"""Method currently used"""
v307_14,"""Method currently used"""
v307_15,"""Method currently used"""
v307_16,"""Method currently used"""
v307_17,"""Method currently used"""
v307_18,"""Method currently used"""
v307_19,"""Method currently used"""
v307_20,"""Method currently used"""
v310,"""NA - Living children at first use"""
v311,"""NA - Children at first use (grouped)"""
v312,"""Current contraceptive method"""
v313,"""Current use by method type"""
v315,"""Month of start of use of method"""
v316,"""Year of start of use of method"""
v317,"""Date of start of use of method (CMC)"""
v318,"""Completeness of information"""
v319,"""Years since sterilization"""
v320,"""Age at sterilization"""
v321,"""Marital duration at sterilization"""
v322,"""Parity at sterilization"""
v323,"""Brand of pill used"""
v323a,"""Brand of condom used"""
v325a,"""NA - Cost of current method (in CURRENCY)"""
v326,"""Last source for current users"""
v327,"""Last source for users by type"""
v337,"""Months of use of current method"""
v359,"""Last method discontinued in last 5 years"""
v360,"""Reason of last discontinuation"""
v361,"""Pattern of use"""
v362,"""Intention to use"""
v363,"""NA - Preferred future method"""
v364,"""Contraceptive use and intention"""
v367,"""Wanted last child"""
v372,"""NA - Shown pill package"""
v372a,"""NA - Shown condom package"""
v375a,"""NA - Main reason not using a method"""
v376,"""NA - Main reason not to use a method"""
v376a,"""NA - Would ever use method if married"""
v379,"""Source known for any method"""
v380,"""Source known for any method"""
v384a,"""Heard family planning on radio last few months"""
v384b,"""Heard family planning on TV last few months"""
v384c,"""Heard family planning in newspaper/magazine last few months"""
v384d,"""Heard family planning by text messages on mobile phone"""
v393,"""Visited by fieldworker in last 12 months"""
v393a,"""Did fieldworker talkk about family planning"""
v394,"""Visited health facility last 12 months"""
v395,"""At health facility, told of family planning"""
v3a00a,"""NA - Source of family planning for non-users: government hospital"""
v3a00b,"""NA - Source of family planning for non-users: CS public sector"""
v3a00c,"""NA - Source of family planning for non-users: CS public sector"""
v3a00d,"""NA - Source of family planning for non-users: CS public sector"""
v3a00e,"""NA - Source of family planning for non-users: CS public sector"""
v3a00f,"""NA - Source of family planning for non-users: CS public sector"""
v3a00g,"""NA - Source of family planning for non-users: CS public sector"""
v3a00h,"""NA - Source of family planning for non-users: CS public sector"""
v3a00i,"""NA - Source of family planning for non-users: CS public sector"""
v3a00j,"""NA - Source of family planning for non-users: private hospital/clinic"""
v3a00k,"""NA - Source of family planning for non-users: pharmacy"""
v3a00l,"""NA - Source of family planning for non-users: private doctor"""
v3a00m,"""NA - Source of family planning for non-users: CS private sector"""
v3a00n,"""NA - Source of family planning for non-users: CS private sector"""
v3a00o,"""NA - Source of family planning for non-users: CS private sector"""
v3a00p,"""NA - Source of family planning for non-users: CS private sector"""
v3a00q,"""NA - Source of family planning for non-users: CS private sector"""
v3a00r,"""NA - Source of family planning for non-users: CS private sector"""
v3a00s,"""NA - Source of family planning for non-users: CS other"""
v3a00t,"""NA - Source of family planning for non-users: CS other"""
v3a00u,"""NA - Source of family planning for non-users: CS other"""
v3a00v,"""NA - Source of family planning for non-users: CS other"""
v3a00w,"""Source of family planning for non-users: CS other"""
v3a00x,"""NA - Source of family planning for non-users: other"""
v3a00y,"""Source of family planning for non-users: no source"""
v3a00z,"""Source of family planning for non-users: any source"""
v3a01,"""NA - Told sterilization would mean no more children"""
v3a02,"""Told about side effects"""
v3a03,"""Told about side effects by health or family planning worker"""
v3a04,"""Told how to deal with side effects"""
v3a05,"""Told about other family planning methods"""
v3a06,"""Told about other family planning methods by health or family planning worker"""
v3a07,"""First source for current method"""
v3a08a,"""Reason not using: not married"""
v3a08b,"""Reason not using: not having sex"""
v3a08c,"""Reason not using: infrequent sex"""
v3a08d,"""Reason not using: menopausal/hysterectomy"""
v3a08e,"""Reason not using: subfecund/infecund"""
v3a08f,"""Reason not using: postpartum amenorrheic"""
v3a08g,"""Reason not using: breastfeeding"""
v3a08h,"""Reason not using: fatalistic"""
v3a08i,"""Reason not using: respondent opposed"""
v3a08j,"""Reason not using: husband/partner opposed"""
v3a08k,"""Reason not using: others opposed"""
v3a08l,"""Reason not using: religious prohibition"""
v3a08m,"""Reason not using: knows no method"""
v3a08n,"""Reason not using: knows no source"""
v3a08o,"""NA - Reason not using: health concerns"""
v3a08p,"""Reason not using: fear of side effects/health concerns"""
v3a08q,"""Reason not using: lack of access/too far"""
v3a08r,"""Reason not using: costs too much"""
v3a08s,"""Reason not using: inconvenient to use"""
v3a08t,"""Reason not using: interferes with bodyÂ?s processes"""
v3a08u,"""Reason not using: preferred method not available"""
v3a08v,"""Reason not using: no method available"""
v3a08w,"""NA - Reason not using: CS"""
v3a08aa,"""NA - Reason not using: CS"""
v3a08ab,"""NA - Reason not using: CS"""
v3a08ac,"""NA - Reason not using: CS"""
v3a08ad,"""NA - Reason not using: CS"""
v3a08x,"""Reason not using: other"""
v3a08z,"""Reason not using: don't know"""
v3a09a,"""NA - How many pill cycles did get last time"""
v3a09b,"""NA - How many condoms did get last time"""
midx_1,"""Index to Birth History"""
midx_2,"""Index to Birth History"""
midx_3,"""Index to Birth History"""
midx_4,"""Index to Birth History"""
midx_5,"""Index to Birth History"""
midx_6,"""Index to Birth History"""
m1_1,"""Number of tetanus injections before birth"""
m1_2,"""Number of tetanus injections before birth"""
m1_3,"""Number of tetanus injections before birth"""
m1_4,"""Number of tetanus injections before birth"""
m1_5,"""Number of tetanus injections before birth"""
m1_6,"""Number of tetanus injections before birth"""
m1a_1,"""NA - Number of tetanus injections before pregnancy"""
m1a_2,"""NA - Number of tetanus injections before pregnancy"""
m1a_3,"""NA - Number of tetanus injections before pregnancy"""
m1a_4,"""NA - Number of tetanus injections before pregnancy"""
m1a_5,"""NA - Number of tetanus injections before pregnancy"""
m1a_6,"""NA - Number of tetanus injections before pregnancy"""
m1b_1,"""NA - Month of last tetanus injection before pregnancy"""
m1b_2,"""NA - Month of last tetanus injection before pregnancy"""
m1b_3,"""NA - Month of last tetanus injection before pregnancy"""
m1b_4,"""NA - Month of last tetanus injection before pregnancy"""
m1b_5,"""NA - Month of last tetanus injection before pregnancy"""
m1b_6,"""NA - Month of last tetanus injection before pregnancy"""
m1c_1,"""Year of last tetanus injection before pregnancy"""
m1c_2,"""Year of last tetanus injection before pregnancy"""
m1c_3,"""Year of last tetanus injection before pregnancy"""
m1c_4,"""Year of last tetanus injection before pregnancy"""
m1c_5,"""Year of last tetanus injection before pregnancy"""
m1c_6,"""Year of last tetanus injection before pregnancy"""
m1d_1,"""Years ago received last tetanus injection before pregnancy"""
m1d_2,"""Years ago received last tetanus injection before pregnancy"""
m1d_3,"""Years ago received last tetanus injection before pregnancy"""
m1d_4,"""Years ago received last tetanus injection before pregnancy"""
m1d_5,"""Years ago received last tetanus injection before pregnancy"""
m1d_6,"""Years ago received last tetanus injection before pregnancy"""
m1e_1,"""Last tetanus injection before pregnancy (CMC)"""
m1e_2,"""Last tetanus injection before pregnancy (CMC)"""
m1e_3,"""Last tetanus injection before pregnancy (CMC)"""
m1e_4,"""Last tetanus injection before pregnancy (CMC)"""
m1e_5,"""Last tetanus injection before pregnancy (CMC)"""
m1e_6,"""Last tetanus injection before pregnancy (CMC)"""
m2a_1,"""Prenatal: doctor / clinical officer / medical assistant"""
m2a_2,"""Prenatal: doctor / clinical officer / medical assistant"""
m2a_3,"""Prenatal: doctor / clinical officer / medical assistant"""
m2a_4,"""Prenatal: doctor / clinical officer / medical assistant"""
m2a_5,"""Prenatal: doctor / clinical officer / medical assistant"""
m2a_6,"""Prenatal: doctor / clinical officer / medical assistant"""
m2b_1,"""Prenatal: nurse / midwife"""
m2b_2,"""Prenatal: nurse / midwife"""
m2b_3,"""Prenatal: nurse / midwife"""
m2b_4,"""Prenatal: nurse / midwife"""
m2b_5,"""Prenatal: nurse / midwife"""
m2b_6,"""Prenatal: nurse / midwife"""
m2c_1,"""NA - Prenatal: CS health professional"""
m2c_2,"""NA - Prenatal: CS health professional"""
m2c_3,"""NA - Prenatal: CS health professional"""
m2c_4,"""NA - Prenatal: CS health professional"""
m2c_5,"""NA - Prenatal: CS health professional"""
m2c_6,"""NA - Prenatal: CS health professional"""
m2d_1,"""NA - Prenatal: CS health professional"""
m2d_2,"""NA - Prenatal: CS health professional"""
m2d_3,"""NA - Prenatal: CS health professional"""
m2d_4,"""NA - Prenatal: CS health professional"""
m2d_5,"""NA - Prenatal: CS health professional"""
m2d_6,"""NA - Prenatal: CS health professional"""
m2e_1,"""NA - Prenatal: CS health professional"""
m2e_2,"""NA - Prenatal: CS health professional"""
m2e_3,"""NA - Prenatal: CS health professional"""
m2e_4,"""NA - Prenatal: CS health professional"""
m2e_5,"""NA - Prenatal: CS health professional"""
m2e_6,"""NA - Prenatal: CS health professional"""
m2f_1,"""NA - Prenatal: CS health professional"""
m2f_2,"""NA - Prenatal: CS health professional"""
m2f_3,"""NA - Prenatal: CS health professional"""
m2f_4,"""NA - Prenatal: CS health professional"""
m2f_5,"""NA - Prenatal: CS health professional"""
m2f_6,"""NA - Prenatal: CS health professional"""
m2g_1,"""Prenatal: traditional birth attendant"""
m2g_2,"""Prenatal: traditional birth attendant"""
m2g_3,"""Prenatal: traditional birth attendant"""
m2g_4,"""Prenatal: traditional birth attendant"""
m2g_5,"""Prenatal: traditional birth attendant"""
m2g_6,"""Prenatal: traditional birth attendant"""
m2h_1,"""Prenatal: patient attendant"""
m2h_2,"""Prenatal: patient attendant"""
m2h_3,"""Prenatal: patient attendant"""
m2h_4,"""Prenatal: patient attendant"""
m2h_5,"""Prenatal: patient attendant"""
m2h_6,"""Prenatal: patient attendant"""
m2i_1,"""Prenatal: HSA"""
m2i_2,"""Prenatal: HSA"""
m2i_3,"""Prenatal: HSA"""
m2i_4,"""Prenatal: HSA"""
m2i_5,"""Prenatal: HSA"""
m2i_6,"""Prenatal: HSA"""
m2j_1,"""NA - Prenatal: CS other person"""
m2j_2,"""NA - Prenatal: CS other person"""
m2j_3,"""NA - Prenatal: CS other person"""
m2j_4,"""NA - Prenatal: CS other person"""
m2j_5,"""NA - Prenatal: CS other person"""
m2j_6,"""NA - Prenatal: CS other person"""
m2k_1,"""Prenatal: other"""
m2k_2,"""Prenatal: other"""
m2k_3,"""Prenatal: other"""
m2k_4,"""Prenatal: other"""
m2k_5,"""Prenatal: other"""
m2k_6,"""Prenatal: other"""
m2l_1,"""NA - Prenatal: CS other"""
m2l_2,"""NA - Prenatal: CS other"""
m2l_3,"""NA - Prenatal: CS other"""
m2l_4,"""NA - Prenatal: CS other"""
m2l_5,"""NA - Prenatal: CS other"""
m2l_6,"""NA - Prenatal: CS other"""
m2m_1,"""NA - Prenatal: CS other"""
m2m_2,"""NA - Prenatal: CS other"""
m2m_3,"""NA - Prenatal: CS other"""
m2m_4,"""NA - Prenatal: CS other"""
m2m_5,"""NA - Prenatal: CS other"""
m2m_6,"""NA - Prenatal: CS other"""
m2n_1,"""Prenatal: no one"""
m2n_2,"""Prenatal: no one"""
m2n_3,"""Prenatal: no one"""
m2n_4,"""Prenatal: no one"""
m2n_5,"""Prenatal: no one"""
m2n_6,"""Prenatal: no one"""
m3a_1,"""Assistance: doctor / clinical officer / medical assistant"""
m3a_2,"""Assistance: doctor / clinical officer / medical assistant"""
m3a_3,"""Assistance: doctor / clinical officer / medical assistant"""
m3a_4,"""Assistance: doctor / clinical officer / medical assistant"""
m3a_5,"""Assistance: doctor / clinical officer / medical assistant"""
m3a_6,"""Assistance: doctor / clinical officer / medical assistant"""
m3b_1,"""Assistance: nurse / midwife"""
m3b_2,"""Assistance: nurse / midwife"""
m3b_3,"""Assistance: nurse / midwife"""
m3b_4,"""Assistance: nurse / midwife"""
m3b_5,"""Assistance: nurse / midwife"""
m3b_6,"""Assistance: nurse / midwife"""
m3c_1,"""NA - Assistance: CS health professional"""
m3c_2,"""NA - Assistance: CS health professional"""
m3c_3,"""NA - Assistance: CS health professional"""
m3c_4,"""NA - Assistance: CS health professional"""
m3c_5,"""NA - Assistance: CS health professional"""
m3c_6,"""NA - Assistance: CS health professional"""
m3d_1,"""NA - Assistance: CS health professional"""
m3d_2,"""NA - Assistance: CS health professional"""
m3d_3,"""NA - Assistance: CS health professional"""
m3d_4,"""NA - Assistance: CS health professional"""
m3d_5,"""NA - Assistance: CS health professional"""
m3d_6,"""NA - Assistance: CS health professional"""
m3e_1,"""NA - Assistance: CS health professional"""
m3e_2,"""NA - Assistance: CS health professional"""
m3e_3,"""NA - Assistance: CS health professional"""
m3e_4,"""NA - Assistance: CS health professional"""
m3e_5,"""NA - Assistance: CS health professional"""
m3e_6,"""NA - Assistance: CS health professional"""
m3f_1,"""NA - Assistance: CS health professional"""
m3f_2,"""NA - Assistance: CS health professional"""
m3f_3,"""NA - Assistance: CS health professional"""
m3f_4,"""NA - Assistance: CS health professional"""
m3f_5,"""NA - Assistance: CS health professional"""
m3f_6,"""NA - Assistance: CS health professional"""
m3g_1,"""Assistance: traditional birth attendant"""
m3g_2,"""Assistance: traditional birth attendant"""
m3g_3,"""Assistance: traditional birth attendant"""
m3g_4,"""Assistance: traditional birth attendant"""
m3g_5,"""Assistance: traditional birth attendant"""
m3g_6,"""Assistance: traditional birth attendant"""
m3h_1,"""Assistance: patient attendant"""
m3h_2,"""Assistance: patient attendant"""
m3h_3,"""Assistance: patient attendant"""
m3h_4,"""Assistance: patient attendant"""
m3h_5,"""Assistance: patient attendant"""
m3h_6,"""Assistance: patient attendant"""
m3i_1,"""Assistance: relative/friend"""
m3i_2,"""Assistance: relative/friend"""
m3i_3,"""Assistance: relative/friend"""
m3i_4,"""Assistance: relative/friend"""
m3i_5,"""Assistance: relative/friend"""
m3i_6,"""Assistance: relative/friend"""
m3j_1,"""NA - Assistance: CS other person"""
m3j_2,"""NA - Assistance: CS other person"""
m3j_3,"""NA - Assistance: CS other person"""
m3j_4,"""NA - Assistance: CS other person"""
m3j_5,"""NA - Assistance: CS other person"""
m3j_6,"""NA - Assistance: CS other person"""
m3k_1,"""Assistance: other"""
m3k_2,"""Assistance: other"""
m3k_3,"""Assistance: other"""
m3k_4,"""Assistance: other"""
m3k_5,"""Assistance: other"""
m3k_6,"""Assistance: other"""
m3l_1,"""NA - Assistance: CS other"""
m3l_2,"""NA - Assistance: CS other"""
m3l_3,"""NA - Assistance: CS other"""
m3l_4,"""NA - Assistance: CS other"""
m3l_5,"""NA - Assistance: CS other"""
m3l_6,"""NA - Assistance: CS other"""
m3m_1,"""NA - Assistance: CS other"""
m3m_2,"""NA - Assistance: CS other"""
m3m_3,"""NA - Assistance: CS other"""
m3m_4,"""NA - Assistance: CS other"""
m3m_5,"""NA - Assistance: CS other"""
m3m_6,"""NA - Assistance: CS other"""
m3n_1,"""Assistance: no one"""
m3n_2,"""Assistance: no one"""
m3n_3,"""Assistance: no one"""
m3n_4,"""Assistance: no one"""
m3n_5,"""Assistance: no one"""
m3n_6,"""Assistance: no one"""
m4_1,"""Duration of breastfeeding"""
m4_2,"""Duration of breastfeeding"""
m4_3,"""Duration of breastfeeding"""
m4_4,"""Duration of breastfeeding"""
m4_5,"""Duration of breastfeeding"""
m4_6,"""Duration of breastfeeding"""
m5_1,"""Months of breastfeeding"""
m5_2,"""Months of breastfeeding"""
m5_3,"""Months of breastfeeding"""
m5_4,"""Months of breastfeeding"""
m5_5,"""Months of breastfeeding"""
m5_6,"""Months of breastfeeding"""
m6_1,"""Duration of amenorrhea"""
m6_2,"""Duration of amenorrhea"""
m6_3,"""Duration of amenorrhea"""
m6_4,"""Duration of amenorrhea"""
m6_5,"""Duration of amenorrhea"""
m6_6,"""Duration of amenorrhea"""
m7_1,"""Months of amenorrhea"""
m7_2,"""Months of amenorrhea"""
m7_3,"""Months of amenorrhea"""
m7_4,"""Months of amenorrhea"""
m7_5,"""Months of amenorrhea"""
m7_6,"""Months of amenorrhea"""
m8_1,"""Duration of abstinence"""
m8_2,"""Duration of abstinence"""
m8_3,"""Duration of abstinence"""
m8_4,"""Duration of abstinence"""
m8_5,"""Duration of abstinence"""
m8_6,"""Duration of abstinence"""
m9_1,"""Months of abstinence"""
m9_2,"""Months of abstinence"""
m9_3,"""Months of abstinence"""
m9_4,"""Months of abstinence"""
m9_5,"""Months of abstinence"""
m9_6,"""Months of abstinence"""
m10_1,"""Wanted pregnancy when became pregnant"""
m10_2,"""Wanted pregnancy when became pregnant"""
m10_3,"""Wanted pregnancy when became pregnant"""
m10_4,"""Wanted pregnancy when became pregnant"""
m10_5,"""Wanted pregnancy when became pregnant"""
m10_6,"""Wanted pregnancy when became pregnant"""
m11_1,"""Desired time would have waited"""
m11_2,"""Desired time would have waited"""
m11_3,"""Desired time would have waited"""
m11_4,"""Desired time would have waited"""
m11_5,"""Desired time would have waited"""
m11_6,"""Desired time would have waited"""
m13_1,"""Timing of 1st antenatal check (months)"""
m13_2,"""Timing of 1st antenatal check (months)"""
m13_3,"""Timing of 1st antenatal check (months)"""
m13_4,"""Timing of 1st antenatal check (months)"""
m13_5,"""Timing of 1st antenatal check (months)"""
m13_6,"""Timing of 1st antenatal check (months)"""
m14_1,"""Number of antenatal visits during pregnancy"""
m14_2,"""Number of antenatal visits during pregnancy"""
m14_3,"""Number of antenatal visits during pregnancy"""
m14_4,"""Number of antenatal visits during pregnancy"""
m14_5,"""Number of antenatal visits during pregnancy"""
m14_6,"""Number of antenatal visits during pregnancy"""
m15_1,"""Place of delivery"""
m15_2,"""Place of delivery"""
m15_3,"""Place of delivery"""
m15_4,"""Place of delivery"""
m15_5,"""Place of delivery"""
m15_6,"""Place of delivery"""
m17_1,"""Delivery by caesarean section"""
m17_2,"""Delivery by caesarean section"""
m17_3,"""Delivery by caesarean section"""
m17_4,"""Delivery by caesarean section"""
m17_5,"""Delivery by caesarean section"""
m17_6,"""Delivery by caesarean section"""
m17a_1,"""Timing on decision for caesarean section"""
m17a_2,"""Timing on decision for caesarean section"""
m17a_3,"""Timing on decision for caesarean section"""
m17a_4,"""Timing on decision for caesarean section"""
m17a_5,"""Timing on decision for caesarean section"""
m17a_6,"""Timing on decision for caesarean section"""
m18_1,"""Size of child at birth"""
m18_2,"""Size of child at birth"""
m18_3,"""Size of child at birth"""
m18_4,"""Size of child at birth"""
m18_5,"""Size of child at birth"""
m18_6,"""Size of child at birth"""
m19_1,"""Birth weight in kilograms (3 decimals)"""
m19_2,"""Birth weight in kilograms (3 decimals)"""
m19_3,"""Birth weight in kilograms (3 decimals)"""
m19_4,"""Birth weight in kilograms (3 decimals)"""
m19_5,"""Birth weight in kilograms (3 decimals)"""
m19_6,"""Birth weight in kilograms (3 decimals)"""
m19a_1,"""Weight at birth/recall"""
m19a_2,"""Weight at birth/recall"""
m19a_3,"""Weight at birth/recall"""
m19a_4,"""Weight at birth/recall"""
m19a_5,"""Weight at birth/recall"""
m19a_6,"""Weight at birth/recall"""
m27_1,"""NA - Flag for breastfeeding"""
m27_2,"""NA - Flag for breastfeeding"""
m27_3,"""NA - Flag for breastfeeding"""
m27_4,"""NA - Flag for breastfeeding"""
m27_5,"""NA - Flag for breastfeeding"""
m27_6,"""NA - Flag for breastfeeding"""
m28_1,"""Flag for amenorrhea"""
m28_2,"""Flag for amenorrhea"""
m28_3,"""Flag for amenorrhea"""
m28_4,"""Flag for amenorrhea"""
m28_5,"""Flag for amenorrhea"""
m28_6,"""Flag for amenorrhea"""
m29_1,"""Flag for abstinence"""
m29_2,"""Flag for abstinence"""
m29_3,"""Flag for abstinence"""
m29_4,"""Flag for abstinence"""
m29_5,"""Flag for abstinence"""
m29_6,"""Flag for abstinence"""
m34_1,"""When child put to breast"""
m34_2,"""When child put to breast"""
m34_3,"""When child put to breast"""
m34_4,"""When child put to breast"""
m34_5,"""When child put to breast"""
m34_6,"""When child put to breast"""
m35_1,"""NA - Number of times breastfed during previous night"""
m35_2,"""NA - Number of times breastfed during previous night"""
m35_3,"""NA - Number of times breastfed during previous night"""
m35_4,"""NA - Number of times breastfed during previous night"""
m35_5,"""NA - Number of times breastfed during previous night"""
m35_6,"""NA - Number of times breastfed during previous night"""
m36_1,"""NA - Number of times breastfed during previous day"""
m36_2,"""NA - Number of times breastfed during previous day"""
m36_3,"""NA - Number of times breastfed during previous day"""
m36_4,"""NA - Number of times breastfed during previous day"""
m36_5,"""NA - Number of times breastfed during previous day"""
m36_6,"""NA - Number of times breastfed during previous day"""
m38_1,"""Drank from bottle with nipple yesterday/last night"""
m38_2,"""Drank from bottle with nipple yesterday/last night"""
m38_3,"""Drank from bottle with nipple yesterday/last night"""
m38_4,"""Drank from bottle with nipple yesterday/last night"""
m38_5,"""Drank from bottle with nipple yesterday/last night"""
m38_6,"""Drank from bottle with nipple yesterday/last night"""
m39a_1,"""Did eat any solid, semi-solid or soft foods yesterday"""
m39a_2,"""Did eat any solid, semi-solid or soft foods yesterday"""
m39a_3,"""Did eat any solid, semi-solid or soft foods yesterday"""
m39a_4,"""Did eat any solid, semi-solid or soft foods yesterday"""
m39a_5,"""Did eat any solid, semi-solid or soft foods yesterday"""
m39a_6,"""Did eat any solid, semi-solid or soft foods yesterday"""
m39_1,"""Number of times ate solid, semi-solid or soft food yesterday"""
m39_2,"""Number of times ate solid, semi-solid or soft food yesterday"""
m39_3,"""Number of times ate solid, semi-solid or soft food yesterday"""
m39_4,"""Number of times ate solid, semi-solid or soft food yesterday"""
m39_5,"""Number of times ate solid, semi-solid or soft food yesterday"""
m39_6,"""Number of times ate solid, semi-solid or soft food yesterday"""
m42a_1,"""During pregnancy: weighed"""
m42a_2,"""During pregnancy: weighed"""
m42a_3,"""During pregnancy: weighed"""
m42a_4,"""During pregnancy: weighed"""
m42a_5,"""During pregnancy: weighed"""
m42a_6,"""During pregnancy: weighed"""
m42b_1,"""During pregnancy: height measured"""
m42b_2,"""During pregnancy: height measured"""
m42b_3,"""During pregnancy: height measured"""
m42b_4,"""During pregnancy: height measured"""
m42b_5,"""During pregnancy: height measured"""
m42b_6,"""During pregnancy: height measured"""
m42c_1,"""During pregnancy: blood pressure taken"""
m42c_2,"""During pregnancy: blood pressure taken"""
m42c_3,"""During pregnancy: blood pressure taken"""
m42c_4,"""During pregnancy: blood pressure taken"""
m42c_5,"""During pregnancy: blood pressure taken"""
m42c_6,"""During pregnancy: blood pressure taken"""
m42d_1,"""During pregnancy: urine sample taken"""
m42d_2,"""During pregnancy: urine sample taken"""
m42d_3,"""During pregnancy: urine sample taken"""
m42d_4,"""During pregnancy: urine sample taken"""
m42d_5,"""During pregnancy: urine sample taken"""
m42d_6,"""During pregnancy: urine sample taken"""
m42e_1,"""During pregnancy: blood sample taken"""
m42e_2,"""During pregnancy: blood sample taken"""
m42e_3,"""During pregnancy: blood sample taken"""
m42e_4,"""During pregnancy: blood sample taken"""
m42e_5,"""During pregnancy: blood sample taken"""
m42e_6,"""During pregnancy: blood sample taken"""
m43_1,"""NA - Told about pregnancy complications"""
m43_2,"""NA - Told about pregnancy complications"""
m43_3,"""NA - Told about pregnancy complications"""
m43_4,"""NA - Told about pregnancy complications"""
m43_5,"""NA - Told about pregnancy complications"""
m43_6,"""NA - Told about pregnancy complications"""
m44_1,"""NA - Told where to go for pregnancy complications"""
m44_2,"""NA - Told where to go for pregnancy complications"""
m44_3,"""NA - Told where to go for pregnancy complications"""
m44_4,"""NA - Told where to go for pregnancy complications"""
m44_5,"""NA - Told where to go for pregnancy complications"""
m44_6,"""NA - Told where to go for pregnancy complications"""
m45_1,"""During pregnancy, given or bought iron tablets/syrup"""
m45_2,"""During pregnancy, given or bought iron tablets/syrup"""
m45_3,"""During pregnancy, given or bought iron tablets/syrup"""
m45_4,"""During pregnancy, given or bought iron tablets/syrup"""
m45_5,"""During pregnancy, given or bought iron tablets/syrup"""
m45_6,"""During pregnancy, given or bought iron tablets/syrup"""
m46_1,"""Days tablets or syrup taken"""
m46_2,"""Days tablets or syrup taken"""
m46_3,"""Days tablets or syrup taken"""
m46_4,"""Days tablets or syrup taken"""
m46_5,"""Days tablets or syrup taken"""
m46_6,"""Days tablets or syrup taken"""
m47_1,"""NA - During pregnancy, had difficulty with daylight vision"""
m47_2,"""NA - During pregnancy, had difficulty with daylight vision"""
m47_3,"""NA - During pregnancy, had difficulty with daylight vision"""
m47_4,"""NA - During pregnancy, had difficulty with daylight vision"""
m47_5,"""NA - During pregnancy, had difficulty with daylight vision"""
m47_6,"""NA - During pregnancy, had difficulty with daylight vision"""
m48_1,"""NA - During pregnancy, had difficulty with night blindness"""
m48_2,"""NA - During pregnancy, had difficulty with night blindness"""
m48_3,"""NA - During pregnancy, had difficulty with night blindness"""
m48_4,"""NA - During pregnancy, had difficulty with night blindness"""
m48_5,"""NA - During pregnancy, had difficulty with night blindness"""
m48_6,"""NA - During pregnancy, had difficulty with night blindness"""
m49a_1,"""During pregnancy took: SP/fansidar for malaria"""
m49a_2,"""During pregnancy took: SP/fansidar for malaria"""
m49a_3,"""During pregnancy took: SP/fansidar for malaria"""
m49a_4,"""During pregnancy took: SP/fansidar for malaria"""
m49a_5,"""During pregnancy took: SP/fansidar for malaria"""
m49a_6,"""During pregnancy took: SP/fansidar for malaria"""
m49b_1,"""NA - During pregnancy took: chloroquine for malaria"""
m49b_2,"""NA - During pregnancy took: chloroquine for malaria"""
m49b_3,"""NA - During pregnancy took: chloroquine for malaria"""
m49b_4,"""NA - During pregnancy took: chloroquine for malaria"""
m49b_5,"""NA - During pregnancy took: chloroquine for malaria"""
m49b_6,"""NA - During pregnancy took: chloroquine for malaria"""
m49c_1,"""NA - During pregnancy took: CS drug for malaria"""
m49c_2,"""NA - During pregnancy took: CS drug for malaria"""
m49c_3,"""NA - During pregnancy took: CS drug for malaria"""
m49c_4,"""NA - During pregnancy took: CS drug for malaria"""
m49c_5,"""NA - During pregnancy took: CS drug for malaria"""
m49c_6,"""NA - During pregnancy took: CS drug for malaria"""
m49d_1,"""NA - During pregnancy took: CS drug for malaria"""
m49d_2,"""NA - During pregnancy took: CS drug for malaria"""
m49d_3,"""NA - During pregnancy took: CS drug for malaria"""
m49d_4,"""NA - During pregnancy took: CS drug for malaria"""
m49d_5,"""NA - During pregnancy took: CS drug for malaria"""
m49d_6,"""NA - During pregnancy took: CS drug for malaria"""
m49e_1,"""NA - During pregnancy took: CS drug for malaria"""
m49e_2,"""NA - During pregnancy took: CS drug for malaria"""
m49e_3,"""NA - During pregnancy took: CS drug for malaria"""
m49e_4,"""NA - During pregnancy took: CS drug for malaria"""
m49e_5,"""NA - During pregnancy took: CS drug for malaria"""
m49e_6,"""NA - During pregnancy took: CS drug for malaria"""
m49f_1,"""NA - During pregnancy took: CS drug for malaria"""
m49f_2,"""NA - During pregnancy took: CS drug for malaria"""
m49f_3,"""NA - During pregnancy took: CS drug for malaria"""
m49f_4,"""NA - During pregnancy took: CS drug for malaria"""
m49f_5,"""NA - During pregnancy took: CS drug for malaria"""
m49f_6,"""NA - During pregnancy took: CS drug for malaria"""
m49g_1,"""NA - During pregnancy took: CS drug for malaria"""
m49g_2,"""NA - During pregnancy took: CS drug for malaria"""
m49g_3,"""NA - During pregnancy took: CS drug for malaria"""
m49g_4,"""NA - During pregnancy took: CS drug for malaria"""
m49g_5,"""NA - During pregnancy took: CS drug for malaria"""
m49g_6,"""NA - During pregnancy took: CS drug for malaria"""
m49x_1,"""NA - During pregnancy took: other drug for malaria"""
m49x_2,"""NA - During pregnancy took: other drug for malaria"""
m49x_3,"""NA - During pregnancy took: other drug for malaria"""
m49x_4,"""NA - During pregnancy took: other drug for malaria"""
m49x_5,"""NA - During pregnancy took: other drug for malaria"""
m49x_6,"""NA - During pregnancy took: other drug for malaria"""
m49z_1,"""NA - During pregnancy took: don't know"""
m49z_2,"""NA - During pregnancy took: don't know"""
m49z_3,"""NA - During pregnancy took: don't know"""
m49z_4,"""NA - During pregnancy took: don't know"""
m49z_5,"""NA - During pregnancy took: don't know"""
m49z_6,"""NA - During pregnancy took: don't know"""
m49y_1,"""NA - During pregnancy took: no drug for malaria"""
m49y_2,"""NA - During pregnancy took: no drug for malaria"""
m49y_3,"""NA - During pregnancy took: no drug for malaria"""
m49y_4,"""NA - During pregnancy took: no drug for malaria"""
m49y_5,"""NA - During pregnancy took: no drug for malaria"""
m49y_6,"""NA - During pregnancy took: no drug for malaria"""
m54_1,"""NA - Received Vitamin A dose in first 2 months after delivery"""
m54_2,"""NA - Received Vitamin A dose in first 2 months after delivery"""
m54_3,"""NA - Received Vitamin A dose in first 2 months after delivery"""
m54_4,"""NA - Received Vitamin A dose in first 2 months after delivery"""
m54_5,"""NA - Received Vitamin A dose in first 2 months after delivery"""
m54_6,"""NA - Received Vitamin A dose in first 2 months after delivery"""
m55_1,"""Gviven child anything other than breast milk"""
m55_2,"""Gviven child anything other than breast milk"""
m55_3,"""Gviven child anything other than breast milk"""
m55_4,"""Gviven child anything other than breast milk"""
m55_5,"""Gviven child anything other than breast milk"""
m55_6,"""Gviven child anything other than breast milk"""
m55a_1,"""NA - First 3 days, given milk (other than breast milk)"""
m55a_2,"""NA - First 3 days, given milk (other than breast milk)"""
m55a_3,"""NA - First 3 days, given milk (other than breast milk)"""
m55a_4,"""NA - First 3 days, given milk (other than breast milk)"""
m55a_5,"""NA - First 3 days, given milk (other than breast milk)"""
m55a_6,"""NA - First 3 days, given milk (other than breast milk)"""
m55b_1,"""NA - First 3 days, given plain water"""
m55b_2,"""NA - First 3 days, given plain water"""
m55b_3,"""NA - First 3 days, given plain water"""
m55b_4,"""NA - First 3 days, given plain water"""
m55b_5,"""NA - First 3 days, given plain water"""
m55b_6,"""NA - First 3 days, given plain water"""
m55c_1,"""NA - First 3 days, given sugar/glucose water"""
m55c_2,"""NA - First 3 days, given sugar/glucose water"""
m55c_3,"""NA - First 3 days, given sugar/glucose water"""
m55c_4,"""NA - First 3 days, given sugar/glucose water"""
m55c_5,"""NA - First 3 days, given sugar/glucose water"""
m55c_6,"""NA - First 3 days, given sugar/glucose water"""
m55d_1,"""NA - First 3 days, given gripe water"""
m55d_2,"""NA - First 3 days, given gripe water"""
m55d_3,"""NA - First 3 days, given gripe water"""
m55d_4,"""NA - First 3 days, given gripe water"""
m55d_5,"""NA - First 3 days, given gripe water"""
m55d_6,"""NA - First 3 days, given gripe water"""
m55e_1,"""NA - First 3 days, given sugar/salt solution"""
m55e_2,"""NA - First 3 days, given sugar/salt solution"""
m55e_3,"""NA - First 3 days, given sugar/salt solution"""
m55e_4,"""NA - First 3 days, given sugar/salt solution"""
m55e_5,"""NA - First 3 days, given sugar/salt solution"""
m55e_6,"""NA - First 3 days, given sugar/salt solution"""
m55f_1,"""NA - First 3 days, given fruit juice"""
m55f_2,"""NA - First 3 days, given fruit juice"""
m55f_3,"""NA - First 3 days, given fruit juice"""
m55f_4,"""NA - First 3 days, given fruit juice"""
m55f_5,"""NA - First 3 days, given fruit juice"""
m55f_6,"""NA - First 3 days, given fruit juice"""
m55g_1,"""NA - First 3 days, given infant formula"""
m55g_2,"""NA - First 3 days, given infant formula"""
m55g_3,"""NA - First 3 days, given infant formula"""
m55g_4,"""NA - First 3 days, given infant formula"""
m55g_5,"""NA - First 3 days, given infant formula"""
m55g_6,"""NA - First 3 days, given infant formula"""
m55h_1,"""NA - First 3 days, given tea/infusions"""
m55h_2,"""NA - First 3 days, given tea/infusions"""
m55h_3,"""NA - First 3 days, given tea/infusions"""
m55h_4,"""NA - First 3 days, given tea/infusions"""
m55h_5,"""NA - First 3 days, given tea/infusions"""
m55h_6,"""NA - First 3 days, given tea/infusions"""
m55i_1,"""NA - First 3 days, given honey"""
m55i_2,"""NA - First 3 days, given honey"""
m55i_3,"""NA - First 3 days, given honey"""
m55i_4,"""NA - First 3 days, given honey"""
m55i_5,"""NA - First 3 days, given honey"""
m55i_6,"""NA - First 3 days, given honey"""
m55j_1,"""NA - First 3 days, given coffee"""
m55j_2,"""NA - First 3 days, given coffee"""
m55j_3,"""NA - First 3 days, given coffee"""
m55j_4,"""NA - First 3 days, given coffee"""
m55j_5,"""NA - First 3 days, given coffee"""
m55j_6,"""NA - First 3 days, given coffee"""
m55k_1,"""NA - First 3 days, given country specific"""
m55k_2,"""NA - First 3 days, given country specific"""
m55k_3,"""NA - First 3 days, given country specific"""
m55k_4,"""NA - First 3 days, given country specific"""
m55k_5,"""NA - First 3 days, given country specific"""
m55k_6,"""NA - First 3 days, given country specific"""
m55l_1,"""NA - First 3 days, given country specific"""
m55l_2,"""NA - First 3 days, given country specific"""
m55l_3,"""NA - First 3 days, given country specific"""
m55l_4,"""NA - First 3 days, given country specific"""
m55l_5,"""NA - First 3 days, given country specific"""
m55l_6,"""NA - First 3 days, given country specific"""
m55m_1,"""NA - First 3 days, given country specific"""
m55m_2,"""NA - First 3 days, given country specific"""
m55m_3,"""NA - First 3 days, given country specific"""
m55m_4,"""NA - First 3 days, given country specific"""
m55m_5,"""NA - First 3 days, given country specific"""
m55m_6,"""NA - First 3 days, given country specific"""
m55n_1,"""NA - First 3 days, given country specific"""
m55n_2,"""NA - First 3 days, given country specific"""
m55n_3,"""NA - First 3 days, given country specific"""
m55n_4,"""NA - First 3 days, given country specific"""
m55n_5,"""NA - First 3 days, given country specific"""
m55n_6,"""NA - First 3 days, given country specific"""
m55o_1,"""NA - First 3 days, given country specific"""
m55o_2,"""NA - First 3 days, given country specific"""
m55o_3,"""NA - First 3 days, given country specific"""
m55o_4,"""NA - First 3 days, given country specific"""
m55o_5,"""NA - First 3 days, given country specific"""
m55o_6,"""NA - First 3 days, given country specific"""
m55x_1,"""NA - First 3 days, given other"""
m55x_2,"""NA - First 3 days, given other"""
m55x_3,"""NA - First 3 days, given other"""
m55x_4,"""NA - First 3 days, given other"""
m55x_5,"""NA - First 3 days, given other"""
m55x_6,"""NA - First 3 days, given other"""
m55z_1,"""NA - First 3 days, given nothing"""
m55z_2,"""NA - First 3 days, given nothing"""
m55z_3,"""NA - First 3 days, given nothing"""
m55z_4,"""NA - First 3 days, given nothing"""
m55z_5,"""NA - First 3 days, given nothing"""
m55z_6,"""NA - First 3 days, given nothing"""
m57a_1,"""Antenatal care: respondent's home"""
m57a_2,"""Antenatal care: respondent's home"""
m57a_3,"""Antenatal care: respondent's home"""
m57a_4,"""Antenatal care: respondent's home"""
m57a_5,"""Antenatal care: respondent's home"""
m57a_6,"""Antenatal care: respondent's home"""
m57b_1,"""Antenatal care: other home"""
m57b_2,"""Antenatal care: other home"""
m57b_3,"""Antenatal care: other home"""
m57b_4,"""Antenatal care: other home"""
m57b_5,"""Antenatal care: other home"""
m57b_6,"""Antenatal care: other home"""
m57c_1,"""NA - Antenatal care: CS home"""
m57c_2,"""NA - Antenatal care: CS home"""
m57c_3,"""NA - Antenatal care: CS home"""
m57c_4,"""NA - Antenatal care: CS home"""
m57c_5,"""NA - Antenatal care: CS home"""
m57c_6,"""NA - Antenatal care: CS home"""
m57d_1,"""NA - Antenatal care: CS home"""
m57d_2,"""NA - Antenatal care: CS home"""
m57d_3,"""NA - Antenatal care: CS home"""
m57d_4,"""NA - Antenatal care: CS home"""
m57d_5,"""NA - Antenatal care: CS home"""
m57d_6,"""NA - Antenatal care: CS home"""
m57e_1,"""Antenatal care: government hospital"""
m57e_2,"""Antenatal care: government hospital"""
m57e_3,"""Antenatal care: government hospital"""
m57e_4,"""Antenatal care: government hospital"""
m57e_5,"""Antenatal care: government hospital"""
m57e_6,"""Antenatal care: government hospital"""
m57f_1,"""Antenatal care: government health center"""
m57f_2,"""Antenatal care: government health center"""
m57f_3,"""Antenatal care: government health center"""
m57f_4,"""Antenatal care: government health center"""
m57f_5,"""Antenatal care: government health center"""
m57f_6,"""Antenatal care: government health center"""
m57g_1,"""Antenatal care: government health post"""
m57g_2,"""Antenatal care: government health post"""
m57g_3,"""Antenatal care: government health post"""
m57g_4,"""Antenatal care: government health post"""
m57g_5,"""Antenatal care: government health post"""
m57g_6,"""Antenatal care: government health post"""
m57h_1,"""Antenatal care: government mobile clinic"""
m57h_2,"""Antenatal care: government mobile clinic"""
m57h_3,"""Antenatal care: government mobile clinic"""
m57h_4,"""Antenatal care: government mobile clinic"""
m57h_5,"""Antenatal care: government mobile clinic"""
m57h_6,"""Antenatal care: government mobile clinic"""
m57i_1,"""NA - Antenatal care: CS public health"""
m57i_2,"""NA - Antenatal care: CS public health"""
m57i_3,"""NA - Antenatal care: CS public health"""
m57i_4,"""NA - Antenatal care: CS public health"""
m57i_5,"""NA - Antenatal care: CS public health"""
m57i_6,"""NA - Antenatal care: CS public health"""
m57j_1,"""NA - Antenatal care: CS public health"""
m57j_2,"""NA - Antenatal care: CS public health"""
m57j_3,"""NA - Antenatal care: CS public health"""
m57j_4,"""NA - Antenatal care: CS public health"""
m57j_5,"""NA - Antenatal care: CS public health"""
m57j_6,"""NA - Antenatal care: CS public health"""
m57k_1,"""NA - Antenatal care: CS public health"""
m57k_2,"""NA - Antenatal care: CS public health"""
m57k_3,"""NA - Antenatal care: CS public health"""
m57k_4,"""NA - Antenatal care: CS public health"""
m57k_5,"""NA - Antenatal care: CS public health"""
m57k_6,"""NA - Antenatal care: CS public health"""
m57l_1,"""Antenatal care: other public sector"""
m57l_2,"""Antenatal care: other public sector"""
m57l_3,"""Antenatal care: other public sector"""
m57l_4,"""Antenatal care: other public sector"""
m57l_5,"""Antenatal care: other public sector"""
m57l_6,"""Antenatal care: other public sector"""
m57m_1,"""Antenatal care: private hospital/clinic"""
m57m_2,"""Antenatal care: private hospital/clinic"""
m57m_3,"""Antenatal care: private hospital/clinic"""
m57m_4,"""Antenatal care: private hospital/clinic"""
m57m_5,"""Antenatal care: private hospital/clinic"""
m57m_6,"""Antenatal care: private hospital/clinic"""
m57n_1,"""Antenatal care: private mobile clinic"""
m57n_2,"""Antenatal care: private mobile clinic"""
m57n_3,"""Antenatal care: private mobile clinic"""
m57n_4,"""Antenatal care: private mobile clinic"""
m57n_5,"""Antenatal care: private mobile clinic"""
m57n_6,"""Antenatal care: private mobile clinic"""
m57o_1,"""Antenatal care: CHAM / MISSION hospital"""
m57o_2,"""Antenatal care: CHAM / MISSION hospital"""
m57o_3,"""Antenatal care: CHAM / MISSION hospital"""
m57o_4,"""Antenatal care: CHAM / MISSION hospital"""
m57o_5,"""Antenatal care: CHAM / MISSION hospital"""
m57o_6,"""Antenatal care: CHAM / MISSION hospital"""
m57p_1,"""Antenatal care: CHAM / MISSION health center"""
m57p_2,"""Antenatal care: CHAM / MISSION health center"""
m57p_3,"""Antenatal care: CHAM / MISSION health center"""
m57p_4,"""Antenatal care: CHAM / MISSION health center"""
m57p_5,"""Antenatal care: CHAM / MISSION health center"""
m57p_6,"""Antenatal care: CHAM / MISSION health center"""
m57q_1,"""NA - Antenatal care: CS private medical"""
m57q_2,"""NA - Antenatal care: CS private medical"""
m57q_3,"""NA - Antenatal care: CS private medical"""
m57q_4,"""NA - Antenatal care: CS private medical"""
m57q_5,"""NA - Antenatal care: CS private medical"""
m57q_6,"""NA - Antenatal care: CS private medical"""
m57r_1,"""Antenatal care: other private medical"""
m57r_2,"""Antenatal care: other private medical"""
m57r_3,"""Antenatal care: other private medical"""
m57r_4,"""Antenatal care: other private medical"""
m57r_5,"""Antenatal care: other private medical"""
m57r_6,"""Antenatal care: other private medical"""
m57s_1,"""Antenatal care: BLM"""
m57s_2,"""Antenatal care: BLM"""
m57s_3,"""Antenatal care: BLM"""
m57s_4,"""Antenatal care: BLM"""
m57s_5,"""Antenatal care: BLM"""
m57s_6,"""Antenatal care: BLM"""
m57t_1,"""NA - Antenatal care: CS other"""
m57t_2,"""NA - Antenatal care: CS other"""
m57t_3,"""NA - Antenatal care: CS other"""
m57t_4,"""NA - Antenatal care: CS other"""
m57t_5,"""NA - Antenatal care: CS other"""
m57t_6,"""NA - Antenatal care: CS other"""
m57u_1,"""NA - Antenatal care: CS other"""
m57u_2,"""NA - Antenatal care: CS other"""
m57u_3,"""NA - Antenatal care: CS other"""
m57u_4,"""NA - Antenatal care: CS other"""
m57u_5,"""NA - Antenatal care: CS other"""
m57u_6,"""NA - Antenatal care: CS other"""
m57v_1,"""NA - Antenatal care: CS other"""
m57v_2,"""NA - Antenatal care: CS other"""
m57v_3,"""NA - Antenatal care: CS other"""
m57v_4,"""NA - Antenatal care: CS other"""
m57v_5,"""NA - Antenatal care: CS other"""
m57v_6,"""NA - Antenatal care: CS other"""
m57x_1,"""Antenatal care: other"""
m57x_2,"""Antenatal care: other"""
m57x_3,"""Antenatal care: other"""
m57x_4,"""Antenatal care: other"""
m57x_5,"""Antenatal care: other"""
m57x_6,"""Antenatal care: other"""
m60_1,"""Drugs for intestinal parasites during pregnancy"""
m60_2,"""Drugs for intestinal parasites during pregnancy"""
m60_3,"""Drugs for intestinal parasites during pregnancy"""
m60_4,"""Drugs for intestinal parasites during pregnancy"""
m60_5,"""Drugs for intestinal parasites during pregnancy"""
m60_6,"""Drugs for intestinal parasites during pregnancy"""
m61_1,"""Time spent at place of delivery"""
m61_2,"""Time spent at place of delivery"""
m61_3,"""Time spent at place of delivery"""
m61_4,"""Time spent at place of delivery"""
m61_5,"""Time spent at place of delivery"""
m61_6,"""Time spent at place of delivery"""
m62_1,"""Respondent's health checked before discharge"""
m62_2,"""Respondent's health checked before discharge"""
m62_3,"""Respondent's health checked before discharge"""
m62_4,"""Respondent's health checked before discharge"""
m62_5,"""Respondent's health checked before discharge"""
m62_6,"""Respondent's health checked before discharge"""
m63_1,"""How long before discharging respondent health check took place"""
m63_2,"""How long before discharging respondent health check took place"""
m63_3,"""How long before discharging respondent health check took place"""
m63_4,"""How long before discharging respondent health check took place"""
m63_5,"""How long before discharging respondent health check took place"""
m63_6,"""How long before discharging respondent health check took place"""
m64_1,"""Who checked respondent health before discharge"""
m64_2,"""Who checked respondent health before discharge"""
m64_3,"""Who checked respondent health before discharge"""
m64_4,"""Who checked respondent health before discharge"""
m64_5,"""Who checked respondent health before discharge"""
m64_6,"""Who checked respondent health before discharge"""
m65a_1,"""NA - Reason didn't deliver at health facility: cost too much"""
m65a_2,"""NA - Reason didn't deliver at health facility: cost too much"""
m65a_3,"""NA - Reason didn't deliver at health facility: cost too much"""
m65a_4,"""NA - Reason didn't deliver at health facility: cost too much"""
m65a_5,"""NA - Reason didn't deliver at health facility: cost too much"""
m65a_6,"""NA - Reason didn't deliver at health facility: cost too much"""
m65b_1,"""NA - Reason didn't deliver at health facility: facility not open"""
m65b_2,"""NA - Reason didn't deliver at health facility: facility not open"""
m65b_3,"""NA - Reason didn't deliver at health facility: facility not open"""
m65b_4,"""NA - Reason didn't deliver at health facility: facility not open"""
m65b_5,"""NA - Reason didn't deliver at health facility: facility not open"""
m65b_6,"""NA - Reason didn't deliver at health facility: facility not open"""
m65c_1,"""NA - Reason didn't deliver at health facility: too far/no transport"""
m65c_2,"""NA - Reason didn't deliver at health facility: too far/no transport"""
m65c_3,"""NA - Reason didn't deliver at health facility: too far/no transport"""
m65c_4,"""NA - Reason didn't deliver at health facility: too far/no transport"""
m65c_5,"""NA - Reason didn't deliver at health facility: too far/no transport"""
m65c_6,"""NA - Reason didn't deliver at health facility: too far/no transport"""
m65d_1,"""NA - Reason didn't deliver at health facility: don't trust facility/poor service"""
m65d_2,"""NA - Reason didn't deliver at health facility: don't trust facility/poor service"""
m65d_3,"""NA - Reason didn't deliver at health facility: don't trust facility/poor service"""
m65d_4,"""NA - Reason didn't deliver at health facility: don't trust facility/poor service"""
m65d_5,"""NA - Reason didn't deliver at health facility: don't trust facility/poor service"""
m65d_6,"""NA - Reason didn't deliver at health facility: don't trust facility/poor service"""
m65e_1,"""NA - Reason didn't deliver at health facility: no female provider"""
m65e_2,"""NA - Reason didn't deliver at health facility: no female provider"""
m65e_3,"""NA - Reason didn't deliver at health facility: no female provider"""
m65e_4,"""NA - Reason didn't deliver at health facility: no female provider"""
m65e_5,"""NA - Reason didn't deliver at health facility: no female provider"""
m65e_6,"""NA - Reason didn't deliver at health facility: no female provider"""
m65f_1,"""NA - Reason didn't deliver at health facility: husband/family didn't allow"""
m65f_2,"""NA - Reason didn't deliver at health facility: husband/family didn't allow"""
m65f_3,"""NA - Reason didn't deliver at health facility: husband/family didn't allow"""
m65f_4,"""NA - Reason didn't deliver at health facility: husband/family didn't allow"""
m65f_5,"""NA - Reason didn't deliver at health facility: husband/family didn't allow"""
m65f_6,"""NA - Reason didn't deliver at health facility: husband/family didn't allow"""
m65g_1,"""NA - Reason didn't deliver at health facility: not necessary"""
m65g_2,"""NA - Reason didn't deliver at health facility: not necessary"""
m65g_3,"""NA - Reason didn't deliver at health facility: not necessary"""
m65g_4,"""NA - Reason didn't deliver at health facility: not necessary"""
m65g_5,"""NA - Reason didn't deliver at health facility: not necessary"""
m65g_6,"""NA - Reason didn't deliver at health facility: not necessary"""
m65h_1,"""NA - Reason didn't deliver at health facility: not customary"""
m65h_2,"""NA - Reason didn't deliver at health facility: not customary"""
m65h_3,"""NA - Reason didn't deliver at health facility: not customary"""
m65h_4,"""NA - Reason didn't deliver at health facility: not customary"""
m65h_5,"""NA - Reason didn't deliver at health facility: not customary"""
m65h_6,"""NA - Reason didn't deliver at health facility: not customary"""
m65i_1,"""NA - Reason didn't deliver at health facility: CS"""
m65i_2,"""NA - Reason didn't deliver at health facility: CS"""
m65i_3,"""NA - Reason didn't deliver at health facility: CS"""
m65i_4,"""NA - Reason didn't deliver at health facility: CS"""
m65i_5,"""NA - Reason didn't deliver at health facility: CS"""
m65i_6,"""NA - Reason didn't deliver at health facility: CS"""
m65j_1,"""NA - Reason didn't deliver at health facility: CS"""
m65j_2,"""NA - Reason didn't deliver at health facility: CS"""
m65j_3,"""NA - Reason didn't deliver at health facility: CS"""
m65j_4,"""NA - Reason didn't deliver at health facility: CS"""
m65j_5,"""NA - Reason didn't deliver at health facility: CS"""
m65j_6,"""NA - Reason didn't deliver at health facility: CS"""
m65k_1,"""NA - Reason didn't deliver at health facility: CS"""
m65k_2,"""NA - Reason didn't deliver at health facility: CS"""
m65k_3,"""NA - Reason didn't deliver at health facility: CS"""
m65k_4,"""NA - Reason didn't deliver at health facility: CS"""
m65k_5,"""NA - Reason didn't deliver at health facility: CS"""
m65k_6,"""NA - Reason didn't deliver at health facility: CS"""
m65l_1,"""NA - Reason didn't deliver at health facility: CS"""
m65l_2,"""NA - Reason didn't deliver at health facility: CS"""
m65l_3,"""NA - Reason didn't deliver at health facility: CS"""
m65l_4,"""NA - Reason didn't deliver at health facility: CS"""
m65l_5,"""NA - Reason didn't deliver at health facility: CS"""
m65l_6,"""NA - Reason didn't deliver at health facility: CS"""
m65x_1,"""NA - Reason didn't deliver at health facility: other"""
m65x_2,"""NA - Reason didn't deliver at health facility: other"""
m65x_3,"""NA - Reason didn't deliver at health facility: other"""
m65x_4,"""NA - Reason didn't deliver at health facility: other"""
m65x_5,"""NA - Reason didn't deliver at health facility: other"""
m65x_6,"""NA - Reason didn't deliver at health facility: other"""
m66_1,"""Respondent's health checked after discharge/delivery at home"""
m66_2,"""Respondent's health checked after discharge/delivery at home"""
m66_3,"""Respondent's health checked after discharge/delivery at home"""
m66_4,"""Respondent's health checked after discharge/delivery at home"""
m66_5,"""Respondent's health checked after discharge/delivery at home"""
m66_6,"""Respondent's health checked after discharge/delivery at home"""
m67_1,"""How long after discharge/delivery at home respondent health check took place"""
m67_2,"""How long after discharge/delivery at home respondent health check took place"""
m67_3,"""How long after discharge/delivery at home respondent health check took place"""
m67_4,"""How long after discharge/delivery at home respondent health check took place"""
m67_5,"""How long after discharge/delivery at home respondent health check took place"""
m67_6,"""How long after discharge/delivery at home respondent health check took place"""
m68_1,"""Who checked respondent health after discharge/delivery at home"""
m68_2,"""Who checked respondent health after discharge/delivery at home"""
m68_3,"""Who checked respondent health after discharge/delivery at home"""
m68_4,"""Who checked respondent health after discharge/delivery at home"""
m68_5,"""Who checked respondent health after discharge/delivery at home"""
m68_6,"""Who checked respondent health after discharge/delivery at home"""
m69_1,"""Where respondent check after discharge/delivery at home took place"""
m69_2,"""Where respondent check after discharge/delivery at home took place"""
m69_3,"""Where respondent check after discharge/delivery at home took place"""
m69_4,"""Where respondent check after discharge/delivery at home took place"""
m69_5,"""Where respondent check after discharge/delivery at home took place"""
m69_6,"""Where respondent check after discharge/delivery at home took place"""
m70_1,"""Baby postnatal check within 2 months"""
m70_2,"""Baby postnatal check within 2 months"""
m70_3,"""Baby postnatal check within 2 months"""
m70_4,"""Baby postnatal check within 2 months"""
m70_5,"""Baby postnatal check within 2 months"""
m70_6,"""Baby postnatal check within 2 months"""
m71_1,"""Time after delivery postnatal check took place"""
m71_2,"""Time after delivery postnatal check took place"""
m71_3,"""Time after delivery postnatal check took place"""
m71_4,"""Time after delivery postnatal check took place"""
m71_5,"""Time after delivery postnatal check took place"""
m71_6,"""Time after delivery postnatal check took place"""
m72_1,"""Person who performed postnatal checkup"""
m72_2,"""Person who performed postnatal checkup"""
m72_3,"""Person who performed postnatal checkup"""
m72_4,"""Person who performed postnatal checkup"""
m72_5,"""Person who performed postnatal checkup"""
m72_6,"""Person who performed postnatal checkup"""
m73_1,"""Place baby was first checked"""
m73_2,"""Place baby was first checked"""
m73_3,"""Place baby was first checked"""
m73_4,"""Place baby was first checked"""
m73_5,"""Place baby was first checked"""
m73_6,"""Place baby was first checked"""
m74_1,"""Child's health checked before discharge"""
m74_2,"""Child's health checked before discharge"""
m74_3,"""Child's health checked before discharge"""
m74_4,"""Child's health checked before discharge"""
m74_5,"""Child's health checked before discharge"""
m74_6,"""Child's health checked before discharge"""
m75_1,"""How long before discharging child health check took place"""
m75_2,"""How long before discharging child health check took place"""
m75_3,"""How long before discharging child health check took place"""
m75_4,"""How long before discharging child health check took place"""
m75_5,"""How long before discharging child health check took place"""
m75_6,"""How long before discharging child health check took place"""
m76_1,"""Who checked child health before discharge"""
m76_2,"""Who checked child health before discharge"""
m76_3,"""Who checked child health before discharge"""
m76_4,"""Who checked child health before discharge"""
m76_5,"""Who checked child health before discharge"""
m76_6,"""Who checked child health before discharge"""
m77_1,"""Was child put on mother's bare skin after birth"""
m77_2,"""Was child put on mother's bare skin after birth"""
m77_3,"""Was child put on mother's bare skin after birth"""
m77_4,"""Was child put on mother's bare skin after birth"""
m77_5,"""Was child put on mother's bare skin after birth"""
m77_6,"""Was child put on mother's bare skin after birth"""
m78a_1,"""During first 2 days health provider: examine cord"""
m78a_2,"""During first 2 days health provider: examine cord"""
m78a_3,"""During first 2 days health provider: examine cord"""
m78a_4,"""During first 2 days health provider: examine cord"""
m78a_5,"""During first 2 days health provider: examine cord"""
m78a_6,"""During first 2 days health provider: examine cord"""
m78b_1,"""During first 2 days health provider: measure temperature"""
m78b_2,"""During first 2 days health provider: measure temperature"""
m78b_3,"""During first 2 days health provider: measure temperature"""
m78b_4,"""During first 2 days health provider: measure temperature"""
m78b_5,"""During first 2 days health provider: measure temperature"""
m78b_6,"""During first 2 days health provider: measure temperature"""
m78c_1,"""During first 2 days health provider: counsel on newborn dangers"""
m78c_2,"""During first 2 days health provider: counsel on newborn dangers"""
m78c_3,"""During first 2 days health provider: counsel on newborn dangers"""
m78c_4,"""During first 2 days health provider: counsel on newborn dangers"""
m78c_5,"""During first 2 days health provider: counsel on newborn dangers"""
m78c_6,"""During first 2 days health provider: counsel on newborn dangers"""
m78d_1,"""During first 2 days health provider: counsel on breastfeeding"""
m78d_2,"""During first 2 days health provider: counsel on breastfeeding"""
m78d_3,"""During first 2 days health provider: counsel on breastfeeding"""
m78d_4,"""During first 2 days health provider: counsel on breastfeeding"""
m78d_5,"""During first 2 days health provider: counsel on breastfeeding"""
m78d_6,"""During first 2 days health provider: counsel on breastfeeding"""
m78e_1,"""During first 2 days health provider: observe breastfeeding"""
m78e_2,"""During first 2 days health provider: observe breastfeeding"""
m78e_3,"""During first 2 days health provider: observe breastfeeding"""
m78e_4,"""During first 2 days health provider: observe breastfeeding"""
m78e_5,"""During first 2 days health provider: observe breastfeeding"""
m78e_6,"""During first 2 days health provider: observe breastfeeding"""
m78f_1,"""NA - During first 2 days health provider: CS"""
m78f_2,"""NA - During first 2 days health provider: CS"""
m78f_3,"""NA - During first 2 days health provider: CS"""
m78f_4,"""NA - During first 2 days health provider: CS"""
m78f_5,"""NA - During first 2 days health provider: CS"""
m78f_6,"""NA - During first 2 days health provider: CS"""
m78g_1,"""NA - During first 2 days health provider: CS"""
m78g_2,"""NA - During first 2 days health provider: CS"""
m78g_3,"""NA - During first 2 days health provider: CS"""
m78g_4,"""NA - During first 2 days health provider: CS"""
m78g_5,"""NA - During first 2 days health provider: CS"""
m78g_6,"""NA - During first 2 days health provider: CS"""
m78h_1,"""NA - During first 2 days health provider: CS"""
m78h_2,"""NA - During first 2 days health provider: CS"""
m78h_3,"""NA - During first 2 days health provider: CS"""
m78h_4,"""NA - During first 2 days health provider: CS"""
m78h_5,"""NA - During first 2 days health provider: CS"""
m78h_6,"""NA - During first 2 days health provider: CS"""
m78i_1,"""NA - During first 2 days health provider: CS"""
m78i_2,"""NA - During first 2 days health provider: CS"""
m78i_3,"""NA - During first 2 days health provider: CS"""
m78i_4,"""NA - During first 2 days health provider: CS"""
m78i_5,"""NA - During first 2 days health provider: CS"""
m78i_6,"""NA - During first 2 days health provider: CS"""
m78j_1,"""NA - During first 2 days health provider: CS"""
m78j_2,"""NA - During first 2 days health provider: CS"""
m78j_3,"""NA - During first 2 days health provider: CS"""
m78j_4,"""NA - During first 2 days health provider: CS"""
m78j_5,"""NA - During first 2 days health provider: CS"""
m78j_6,"""NA - During first 2 days health provider: CS"""
v401,"""Last birth a caesarean section"""
v404,"""Currently breastfeeding"""
v405,"""Currently amenorrheic"""
v406,"""Currently abstaining"""
v407,"""NA - Number of times breastfed during night"""
v408,"""NA - Number of times breastfed during day"""
v409,"""Gave child plain water"""
v409a,"""NA - Gave child sugar water"""
v410,"""Gave child juice"""
v410a,"""NA - Gave child tea or coffee"""
v411,"""Gave child tinned, powdered or fresh milk"""
v411a,"""Gave child baby formula"""
v412,"""NA - Gave child fresh milk"""
v412a,"""Gave child fortified baby food (cerelac, etc)"""
v412b,"""NA - Gave child other porridge/gruel"""
v412c,"""Gave child soup/clear broth"""
v413,"""Gave child other liquid"""
v413a,"""Gave child CS liquid: soft drinks"""
v413b,"""NA - Gave child CS liquid"""
v413c,"""NA - Gave child CS liquid"""
v413d,"""NA - Gave child CS liquid"""
v414a,"""NA - Gave child CS foods"""
v414b,"""NA - Gave child CS foods"""
v414c,"""NA - Gave child CS foods"""
v414d,"""NA - Gave child CS foods"""
v414e,"""Gave child bread, noodles, other made from grains"""
v414f,"""Gave child potatoes, cassava, or other tubers"""
v414g,"""Gave child eggs"""
v414h,"""Gave child meat (beef, pork, lamb, chicken, etc)"""
v414i,"""Gave child pumpkin, carrots, squash (yellow or orange inside)"""
v414j,"""Gave child any dark green leafy vegetables"""
v414k,"""Gave child mangoes, papayas, other vitamin A fruits"""
v414l,"""Gave child any other fruits"""
v414m,"""Gave child liver, heart, other organs"""
v414n,"""Gave child fish or shellfish"""
v414o,"""Gave child food made from beans, peas, lentils, nuts"""
v414p,"""Gave child cheese, yogurt, other milk products"""
v414q,"""Gave child oil, fats, butter, products made of them"""
v414r,"""Gave child chocolates, sweets, candies, pastries, etc"""
v414s,"""Gave child other solid-semisolid food"""
v414t,"""Gave child grubs, snails, insects"""
v414u,"""NA - Gave child CS foods"""
v414v,"""Gave child yogurt"""
v414w,"""NA - Gave child CS foods"""
v415,"""Drank from bottle with nipple yesterday/last night"""
v416,"""Heard of oral rehydration"""
v417,"""Entries in pregnancy and postnatal care roster"""
v418,"""Entries in immunization roster"""
v418a,"""Entries in child health roster"""
v419,"""Entries in height/weight roster"""
v420,"""Measurer's code"""
v421,"""NA - Assistant measurer's code"""
v426,"""When child put to breast"""
v437,"""Respondent's weight in kilograms (1 decimal)"""
v438,"""Respondent's height in centimeters (1 decimal)"""
v439,"""Height/Age percentile"""
v440,"""Height/Age standard deviation"""
v441,"""Height/Age percent ref. median"""
v442,"""Weight/Height percent ref. median (DHS)"""
v443,"""Weight/Height percent ref. median (Fog)"""
v444,"""Weight/Height percent ref. median (WHO)"""
v444a,"""Weight/Height standard deviation (DHS)"""
v445,"""Body Mass Index"""
v446,"""Rohrer's index"""
v447,"""Result of measurement - height/weight"""
v447a,"""Women's age in years (from household questionnaire)"""
v452a,"""Under age 18 (from household questionnaire)"""
v452b,"""Line number of parent/caretaker"""
v452c,"""Read consent statement - hemoglobin"""
v453,"""Hemoglobin level (g/dl - 1 decimal)"""
v454,"""Currently pregnant (from household questionnaire)"""
v455,"""Result of measurement - hemoglobin"""
v456,"""Hemoglobin level adjusted for altitude and smoking (g/dl - 1 decimal)"""
v457,"""Anemia level"""
v458,"""NA - Agrees to referral - anemia"""
v459,"""Have mosquito bed net for sleeping (from household questionnaire)"""
v460,"""Children under 5 slept under mosquito bed net last night (household questionnair"""
v461,"""Respondent slept under mosquito bed net"""
v462,"""NA - Washed hands before preparing last meal"""
v463a,"""Smokes cigarettes"""
v463b,"""Smokes pipe full of tobacco"""
v463c,"""Chews tobacco"""
v463d,"""Snuffs by nose"""
v463e,"""NA - Smokes kreteks"""
v463f,"""Smokes cigars, cheroots or cigarillos"""
v463g,"""Smokes water pipe"""
v463h,"""Snuff by mouth"""
v463i,"""NA - Chews betel quid with tobacco"""
v463j,"""NA - Smokes country specific"""
v463k,"""NA - Smokes country specific"""
v463l,"""NA - Smokes country specific"""
v463x,"""Smokes other"""
v463z,"""Does not use cigarettes and tobacco"""
v463aa,"""Frequency smokes cigarettes"""
v463ab,"""Frequency currently uses other type of tobacco"""
v464,"""Number of cigarettes in last 24 hours"""
v465,"""Disposal of youngest child's stools when not using toilet"""
v466,"""NA - When child is seriously ill, can decide whether medical treatment sought"""
v467a,"""NA - Getting medical help for self: know where to go"""
v467b,"""Getting medical help for self: getting permission to go"""
v467c,"""Getting medical help for self: getting money needed for treatment"""
v467d,"""Getting medical help for self: distance to health facility"""
v467e,"""NA - Getting medical help for self: having to take transport"""
v467f,"""Getting medical help for self: not wanting to go alone"""
v467g,"""Getting medical help for self: concern no female health provider"""
v467h,"""Getting medical help for self: concern no provider"""
v467i,"""Getting medical help for self: concern no drugs available"""
v467j,"""NA - Getting medical help for self: CS"""
v467k,"""NA - Getting medical help for self: CS"""
v467l,"""NA - Getting medical help for self: CS"""
v467m,"""NA - Getting medical help for self: CS"""
v468,"""Record for Last Birth"""
v469e,"""Times gave child powdered/tinned/fresh milk"""
v469f,"""Times gave child infant formula"""
v469x,"""Times gave child yogurt"""
v471a,"""NA - Mother had tinned, powdered or fresh milk"""
v471b,"""NA - Mother had tea or coffee"""
v471c,"""NA - Mother had any other liquid"""
v471d,"""NA - Mother had CS liquid"""
v471e,"""NA - Mother had CS liquid"""
v471f,"""NA - Mother had CS liquid"""
v471g,"""NA - Mother had CS liquid"""
v472a,"""NA - Mother had CS foods"""
v472b,"""NA - Mother had CS foods"""
v472c,"""NA - Mother had CS foods"""
v472d,"""NA - Mother had CS foods"""
v472e,"""NA - Mother had bread, noodles, other made from grains"""
v472f,"""NA - Mother had potatoes, cassava, or other tubers"""
v472g,"""NA - Mother had eggs"""
v472h,"""NA - Mother had meat (beef, pork, lamb, chicken, etc)"""
v472i,"""NA - Mother had pumpkin, carrots, squash (yellow or orange inside)"""
v472j,"""NA - Mother had any dark green leafy vegetables"""
v472k,"""NA - Mother had mangoes, papayas, other vitamin A fruits"""
v472l,"""NA - Mother had any other fruits"""
v472m,"""NA - Mother had liver, heart, other organs"""
v472n,"""NA - Mother had fish or shellfish"""
v472o,"""NA - Mother had food made from beans, peas, lentils, nuts"""
v472p,"""NA - Mother had cheese, yogurt, other milk products"""
v472q,"""NA - Mother had oil, fats, butter, products made of them"""
v472r,"""NA - Mother had chocolates, sweets, candies, pastries, etc"""
v472s,"""NA - Mother had other solid-semisolid food"""
v472t,"""NA - Mother had CS foods"""
v472u,"""NA - Mother had CS foods"""
v473a,"""Read consent statement - HIV"""
v473b,"""Result of measurement - HIV"""
v474,"""Heard of tuberculosis or TB"""
v474a,"""Tuberculosis spread by: air when coughing or sneezing"""
v474b,"""Tuberculosis spread by: sharing utensils"""
v474c,"""Tuberculosis spread by: touching a person with TB"""
v474d,"""Tuberculosis spread by: food"""
v474e,"""Tuberculosis spread by: sexual contact"""
v474f,"""Tuberculosis spread by: mosquito bites"""
v474g,"""NA - Tuberculosis spread by: CS"""
v474h,"""NA - Tuberculosis spread by: CS"""
v474i,"""NA - Tuberculosis spread by: CS"""
v474j,"""NA - Tuberculosis spread by: CS"""
v474x,"""Tuberculosis spread by: other"""
v474z,"""Tuberculosis spread by: don't know"""
v475,"""Tuberculosis can be cured"""
v476,"""Keep secret when family member gets TB"""
v477,"""Number of injections in last 12 months"""
v478,"""Number of injections administered by a health worker"""
v479,"""NA - Place of injection by health worker"""
v480,"""Syringe and needle from new, unopened package"""
v481,"""Covered by health insurance"""
v481a,"""NA - Health insurance type: mutual/community organization"""
v481b,"""Health insurance type: provided by employer"""
v481c,"""NA - Health insurance type: social security"""
v481d,"""Health insurance type: private/commercially purchased"""
v481e,"""NA - Health insurance type: CS"""
v481f,"""NA - Health insurance type: CS"""
v481g,"""NA - Health insurance type: CS"""
v481h,"""NA - Health insurance type: CS"""
v481x,"""Health insurance type: other"""
v482a,"""NA - Arrange care of biological children under age 18"""
v482b,"""NA - Primary caregiver of children under age 18"""
v482c,"""NA - Arrange care of non-biological children < 18"""
hidx_1,"""Index to birth history"""
hidx_2,"""Index to birth history"""
hidx_3,"""Index to birth history"""
hidx_4,"""Index to birth history"""
hidx_5,"""Index to birth history"""
hidx_6,"""Index to birth history"""
h1_1,"""Has health card"""
h1_2,"""Has health card"""
h1_3,"""Has health card"""
h1_4,"""Has health card"""
h1_5,"""Has health card"""
h1_6,"""Has health card"""
h1a_1,"""Has health card and or other vaccination document"""
h1a_2,"""Has health card and or other vaccination document"""
h1a_3,"""Has health card and or other vaccination document"""
h1a_4,"""Has health card and or other vaccination document"""
h1a_5,"""Has health card and or other vaccination document"""
h1a_6,"""Has health card and or other vaccination document"""
h2_1,"""Received BCG"""
h2_2,"""Received BCG"""
h2_3,"""Received BCG"""
h2_4,"""Received BCG"""
h2_5,"""Received BCG"""
h2_6,"""Received BCG"""
h2d_1,"""BCG day"""
h2d_2,"""BCG day"""
h2d_3,"""BCG day"""
h2d_4,"""BCG day"""
h2d_5,"""BCG day"""
h2d_6,"""BCG day"""
h2m_1,"""BCG month"""
h2m_2,"""BCG month"""
h2m_3,"""BCG month"""
h2m_4,"""BCG month"""
h2m_5,"""BCG month"""
h2m_6,"""BCG month"""
h2y_1,"""BCG year"""
h2y_2,"""BCG year"""
h2y_3,"""BCG year"""
h2y_4,"""BCG year"""
h2y_5,"""BCG year"""
h2y_6,"""BCG year"""
h3_1,"""Received DPT 1"""
h3_2,"""Received DPT 1"""
h3_3,"""Received DPT 1"""
h3_4,"""Received DPT 1"""
h3_5,"""Received DPT 1"""
h3_6,"""Received DPT 1"""
h3d_1,"""DPT 1 day"""
h3d_2,"""DPT 1 day"""
h3d_3,"""DPT 1 day"""
h3d_4,"""DPT 1 day"""
h3d_5,"""DPT 1 day"""
h3d_6,"""DPT 1 day"""
h3m_1,"""DPT 1 month"""
h3m_2,"""DPT 1 month"""
h3m_3,"""DPT 1 month"""
h3m_4,"""DPT 1 month"""
h3m_5,"""DPT 1 month"""
h3m_6,"""DPT 1 month"""
h3y_1,"""DPT 1 year"""
h3y_2,"""DPT 1 year"""
h3y_3,"""DPT 1 year"""
h3y_4,"""DPT 1 year"""
h3y_5,"""DPT 1 year"""
h3y_6,"""DPT 1 year"""
h4_1,"""Received POLIO 1"""
h4_2,"""Received POLIO 1"""
h4_3,"""Received POLIO 1"""
h4_4,"""Received POLIO 1"""
h4_5,"""Received POLIO 1"""
h4_6,"""Received POLIO 1"""
h4d_1,"""POLIO 1 day"""
h4d_2,"""POLIO 1 day"""
h4d_3,"""POLIO 1 day"""
h4d_4,"""POLIO 1 day"""
h4d_5,"""POLIO 1 day"""
h4d_6,"""POLIO 1 day"""
h4m_1,"""POLIO 1 month"""
h4m_2,"""POLIO 1 month"""
h4m_3,"""POLIO 1 month"""
h4m_4,"""POLIO 1 month"""
h4m_5,"""POLIO 1 month"""
h4m_6,"""POLIO 1 month"""
h4y_1,"""POLIO 1 year"""
h4y_2,"""POLIO 1 year"""
h4y_3,"""POLIO 1 year"""
h4y_4,"""POLIO 1 year"""
h4y_5,"""POLIO 1 year"""
h4y_6,"""POLIO 1 year"""
h5_1,"""Received DPT 2"""
h5_2,"""Received DPT 2"""
h5_3,"""Received DPT 2"""
h5_4,"""Received DPT 2"""
h5_5,"""Received DPT 2"""
h5_6,"""Received DPT 2"""
h5d_1,"""DPT 2 day"""
h5d_2,"""DPT 2 day"""
h5d_3,"""DPT 2 day"""
h5d_4,"""DPT 2 day"""
h5d_5,"""DPT 2 day"""
h5d_6,"""DPT 2 day"""
h5m_1,"""DPT 2 month"""
h5m_2,"""DPT 2 month"""
h5m_3,"""DPT 2 month"""
h5m_4,"""DPT 2 month"""
h5m_5,"""DPT 2 month"""
h5m_6,"""DPT 2 month"""
h5y_1,"""DPT 2 year"""
h5y_2,"""DPT 2 year"""
h5y_3,"""DPT 2 year"""
h5y_4,"""DPT 2 year"""
h5y_5,"""DPT 2 year"""
h5y_6,"""DPT 2 year"""
h6_1,"""Received POLIO 2"""
h6_2,"""Received POLIO 2"""
h6_3,"""Received POLIO 2"""
h6_4,"""Received POLIO 2"""
h6_5,"""Received POLIO 2"""
h6_6,"""Received POLIO 2"""
h6d_1,"""POLIO 2 day"""
h6d_2,"""POLIO 2 day"""
h6d_3,"""POLIO 2 day"""
h6d_4,"""POLIO 2 day"""
h6d_5,"""POLIO 2 day"""
h6d_6,"""POLIO 2 day"""
h6m_1,"""POLIO 2 month"""
h6m_2,"""POLIO 2 month"""
h6m_3,"""POLIO 2 month"""
h6m_4,"""POLIO 2 month"""
h6m_5,"""POLIO 2 month"""
h6m_6,"""POLIO 2 month"""
h6y_1,"""POLIO 2 year"""
h6y_2,"""POLIO 2 year"""
h6y_3,"""POLIO 2 year"""
h6y_4,"""POLIO 2 year"""
h6y_5,"""POLIO 2 year"""
h6y_6,"""POLIO 2 year"""
h7_1,"""Received DPT 3"""
h7_2,"""Received DPT 3"""
h7_3,"""Received DPT 3"""
h7_4,"""Received DPT 3"""
h7_5,"""Received DPT 3"""
h7_6,"""Received DPT 3"""
h7d_1,"""DPT 3 day"""
h7d_2,"""DPT 3 day"""
h7d_3,"""DPT 3 day"""
h7d_4,"""DPT 3 day"""
h7d_5,"""DPT 3 day"""
h7d_6,"""DPT 3 day"""
h7m_1,"""DPT 3 month"""
h7m_2,"""DPT 3 month"""
h7m_3,"""DPT 3 month"""
h7m_4,"""DPT 3 month"""
h7m_5,"""DPT 3 month"""
h7m_6,"""DPT 3 month"""
h7y_1,"""DPT 3 year"""
h7y_2,"""DPT 3 year"""
h7y_3,"""DPT 3 year"""
h7y_4,"""DPT 3 year"""
h7y_5,"""DPT 3 year"""
h7y_6,"""DPT 3 year"""
h8_1,"""Received POLIO 3"""
h8_2,"""Received POLIO 3"""
h8_3,"""Received POLIO 3"""
h8_4,"""Received POLIO 3"""
h8_5,"""Received POLIO 3"""
h8_6,"""Received POLIO 3"""
h8d_1,"""POLIO 3 day"""
h8d_2,"""POLIO 3 day"""
h8d_3,"""POLIO 3 day"""
h8d_4,"""POLIO 3 day"""
h8d_5,"""POLIO 3 day"""
h8d_6,"""POLIO 3 day"""
h8m_1,"""POLIO 3 month"""
h8m_2,"""POLIO 3 month"""
h8m_3,"""POLIO 3 month"""
h8m_4,"""POLIO 3 month"""
h8m_5,"""POLIO 3 month"""
h8m_6,"""POLIO 3 month"""
h8y_1,"""POLIO 3 year"""
h8y_2,"""POLIO 3 year"""
h8y_3,"""POLIO 3 year"""
h8y_4,"""POLIO 3 year"""
h8y_5,"""POLIO 3 year"""
h8y_6,"""POLIO 3 year"""
h9_1,"""Received MEASLES 1"""
h9_2,"""Received MEASLES 1"""
h9_3,"""Received MEASLES 1"""
h9_4,"""Received MEASLES 1"""
h9_5,"""Received MEASLES 1"""
h9_6,"""Received MEASLES 1"""
h9d_1,"""MEASLES 1 day"""
h9d_2,"""MEASLES 1 day"""
h9d_3,"""MEASLES 1 day"""
h9d_4,"""MEASLES 1 day"""
h9d_5,"""MEASLES 1 day"""
h9d_6,"""MEASLES 1 day"""
h9m_1,"""MEASLES 1 month"""
h9m_2,"""MEASLES 1 month"""
h9m_3,"""MEASLES 1 month"""
h9m_4,"""MEASLES 1 month"""
h9m_5,"""MEASLES 1 month"""
h9m_6,"""MEASLES 1 month"""
h9y_1,"""MEASLES 1 year"""
h9y_2,"""MEASLES 1 year"""
h9y_3,"""MEASLES 1 year"""
h9y_4,"""MEASLES 1 year"""
h9y_5,"""MEASLES 1 year"""
h9y_6,"""MEASLES 1 year"""
h9a_1,"""Received MEASLES 2"""
h9a_2,"""Received MEASLES 2"""
h9a_3,"""Received MEASLES 2"""
h9a_4,"""Received MEASLES 2"""
h9a_5,"""Received MEASLES 2"""
h9a_6,"""Received MEASLES 2"""
h9ad_1,"""MEASLES 2 day"""
h9ad_2,"""MEASLES 2 day"""
h9ad_3,"""MEASLES 2 day"""
h9ad_4,"""MEASLES 2 day"""
h9ad_5,"""MEASLES 2 day"""
h9ad_6,"""MEASLES 2 day"""
h9am_1,"""MEASLES 2 month"""
h9am_2,"""MEASLES 2 month"""
h9am_3,"""MEASLES 2 month"""
h9am_4,"""MEASLES 2 month"""
h9am_5,"""MEASLES 2 month"""
h9am_6,"""MEASLES 2 month"""
h9ay_1,"""MEASLES 2 year"""
h9ay_2,"""MEASLES 2 year"""
h9ay_3,"""MEASLES 2 year"""
h9ay_4,"""MEASLES 2 year"""
h9ay_5,"""MEASLES 2 year"""
h9ay_6,"""MEASLES 2 year"""
h0_1,"""Received POLIO 0"""
h0_2,"""Received POLIO 0"""
h0_3,"""Received POLIO 0"""
h0_4,"""Received POLIO 0"""
h0_5,"""Received POLIO 0"""
h0_6,"""Received POLIO 0"""
h0d_1,"""POLIO 0 day"""
h0d_2,"""POLIO 0 day"""
h0d_3,"""POLIO 0 day"""
h0d_4,"""POLIO 0 day"""
h0d_5,"""POLIO 0 day"""
h0d_6,"""POLIO 0 day"""
h0m_1,"""POLIO 0 month"""
h0m_2,"""POLIO 0 month"""
h0m_3,"""POLIO 0 month"""
h0m_4,"""POLIO 0 month"""
h0m_5,"""POLIO 0 month"""
h0m_6,"""POLIO 0 month"""
h0y_1,"""POLIO 0 year"""
h0y_2,"""POLIO 0 year"""
h0y_3,"""POLIO 0 year"""
h0y_4,"""POLIO 0 year"""
h0y_5,"""POLIO 0 year"""
h0y_6,"""POLIO 0 year"""
h10_1,"""Ever had vaccination"""
h10_2,"""Ever had vaccination"""
h10_3,"""Ever had vaccination"""
h10_4,"""Ever had vaccination"""
h10_5,"""Ever had vaccination"""
h10_6,"""Ever had vaccination"""
h33_1,"""Received Vitamin A1 (most recent)"""
h33_2,"""Received Vitamin A1 (most recent)"""
h33_3,"""Received Vitamin A1 (most recent)"""
h33_4,"""Received Vitamin A1 (most recent)"""
h33_5,"""Received Vitamin A1 (most recent)"""
h33_6,"""Received Vitamin A1 (most recent)"""
h33d_1,"""Vitamin A1 day"""
h33d_2,"""Vitamin A1 day"""
h33d_3,"""Vitamin A1 day"""
h33d_4,"""Vitamin A1 day"""
h33d_5,"""Vitamin A1 day"""
h33d_6,"""Vitamin A1 day"""
h33m_1,"""Vitamin A1 month"""
h33m_2,"""Vitamin A1 month"""
h33m_3,"""Vitamin A1 month"""
h33m_4,"""Vitamin A1 month"""
h33m_5,"""Vitamin A1 month"""
h33m_6,"""Vitamin A1 month"""
h33y_1,"""Vitamin A1 year"""
h33y_2,"""Vitamin A1 year"""
h33y_3,"""Vitamin A1 year"""
h33y_4,"""Vitamin A1 year"""
h33y_5,"""Vitamin A1 year"""
h33y_6,"""Vitamin A1 year"""
h35_1,"""NA - Any vaccinations in last 2 years part of campaign"""
h35_2,"""NA - Any vaccinations in last 2 years part of campaign"""
h35_3,"""NA - Any vaccinations in last 2 years part of campaign"""
h35_4,"""NA - Any vaccinations in last 2 years part of campaign"""
h35_5,"""NA - Any vaccinations in last 2 years part of campaign"""
h35_6,"""NA - Any vaccinations in last 2 years part of campaign"""
h36a_1,"""NA - Vaccinated during Campaign A"""
h36a_2,"""NA - Vaccinated during Campaign A"""
h36a_3,"""NA - Vaccinated during Campaign A"""
h36a_4,"""NA - Vaccinated during Campaign A"""
h36a_5,"""NA - Vaccinated during Campaign A"""
h36a_6,"""NA - Vaccinated during Campaign A"""
h36b_1,"""NA - Vaccinated during Campaign B"""
h36b_2,"""NA - Vaccinated during Campaign B"""
h36b_3,"""NA - Vaccinated during Campaign B"""
h36b_4,"""NA - Vaccinated during Campaign B"""
h36b_5,"""NA - Vaccinated during Campaign B"""
h36b_6,"""NA - Vaccinated during Campaign B"""
h36c_1,"""NA - Vaccinated during Campaign C"""
h36c_2,"""NA - Vaccinated during Campaign C"""
h36c_3,"""NA - Vaccinated during Campaign C"""
h36c_4,"""NA - Vaccinated during Campaign C"""
h36c_5,"""NA - Vaccinated during Campaign C"""
h36c_6,"""NA - Vaccinated during Campaign C"""
h36d_1,"""NA - Vaccinated during Campaign D"""
h36d_2,"""NA - Vaccinated during Campaign D"""
h36d_3,"""NA - Vaccinated during Campaign D"""
h36d_4,"""NA - Vaccinated during Campaign D"""
h36d_5,"""NA - Vaccinated during Campaign D"""
h36d_6,"""NA - Vaccinated during Campaign D"""
h36e_1,"""NA - Vaccinated during Campaign E"""
h36e_2,"""NA - Vaccinated during Campaign E"""
h36e_3,"""NA - Vaccinated during Campaign E"""
h36e_4,"""NA - Vaccinated during Campaign E"""
h36e_5,"""NA - Vaccinated during Campaign E"""
h36e_6,"""NA - Vaccinated during Campaign E"""
h36f_1,"""NA - Vaccinated during Campaign F"""
h36f_2,"""NA - Vaccinated during Campaign F"""
h36f_3,"""NA - Vaccinated during Campaign F"""
h36f_4,"""NA - Vaccinated during Campaign F"""
h36f_5,"""NA - Vaccinated during Campaign F"""
h36f_6,"""NA - Vaccinated during Campaign F"""
h40_1,"""NA - Received Vitamin A2 (2nd most recent)"""
h40_2,"""NA - Received Vitamin A2 (2nd most recent)"""
h40_3,"""NA - Received Vitamin A2 (2nd most recent)"""
h40_4,"""NA - Received Vitamin A2 (2nd most recent)"""
h40_5,"""NA - Received Vitamin A2 (2nd most recent)"""
h40_6,"""NA - Received Vitamin A2 (2nd most recent)"""
h40d_1,"""NA - Vitamin A2 day"""
h40d_2,"""NA - Vitamin A2 day"""
h40d_3,"""NA - Vitamin A2 day"""
h40d_4,"""NA - Vitamin A2 day"""
h40d_5,"""NA - Vitamin A2 day"""
h40d_6,"""NA - Vitamin A2 day"""
h40m_1,"""NA - Vitamin A2 month"""
h40m_2,"""NA - Vitamin A2 month"""
h40m_3,"""NA - Vitamin A2 month"""
h40m_4,"""NA - Vitamin A2 month"""
h40m_5,"""NA - Vitamin A2 month"""
h40m_6,"""NA - Vitamin A2 month"""
h40y_1,"""NA - Vitamin A2 year"""
h40y_2,"""NA - Vitamin A2 year"""
h40y_3,"""NA - Vitamin A2 year"""
h40y_4,"""NA - Vitamin A2 year"""
h40y_5,"""NA - Vitamin A2 year"""
h40y_6,"""NA - Vitamin A2 year"""
h41a_1,"""NA - Received vitamin A after most recent in card"""
h41a_2,"""NA - Received vitamin A after most recent in card"""
h41a_3,"""NA - Received vitamin A after most recent in card"""
h41a_4,"""NA - Received vitamin A after most recent in card"""
h41a_5,"""NA - Received vitamin A after most recent in card"""
h41a_6,"""NA - Received vitamin A after most recent in card"""
h41b_1,"""NA - Ever received Vitamin A dose"""
h41b_2,"""NA - Ever received Vitamin A dose"""
h41b_3,"""NA - Ever received Vitamin A dose"""
h41b_4,"""NA - Ever received Vitamin A dose"""
h41b_5,"""NA - Ever received Vitamin A dose"""
h41b_6,"""NA - Ever received Vitamin A dose"""
h50_1,"""NA - Received Hepatitis B at birth"""
h50_2,"""NA - Received Hepatitis B at birth"""
h50_3,"""NA - Received Hepatitis B at birth"""
h50_4,"""NA - Received Hepatitis B at birth"""
h50_5,"""NA - Received Hepatitis B at birth"""
h50_6,"""NA - Received Hepatitis B at birth"""
h50d_1,"""NA - Hepatitis B at birth day"""
h50d_2,"""NA - Hepatitis B at birth day"""
h50d_3,"""NA - Hepatitis B at birth day"""
h50d_4,"""NA - Hepatitis B at birth day"""
h50d_5,"""NA - Hepatitis B at birth day"""
h50d_6,"""NA - Hepatitis B at birth day"""
h50m_1,"""NA - Hepatitis B at birth month"""
h50m_2,"""NA - Hepatitis B at birth month"""
h50m_3,"""NA - Hepatitis B at birth month"""
h50m_4,"""NA - Hepatitis B at birth month"""
h50m_5,"""NA - Hepatitis B at birth month"""
h50m_6,"""NA - Hepatitis B at birth month"""
h50y_1,"""NA - Hepatitis B at birth year"""
h50y_2,"""NA - Hepatitis B at birth year"""
h50y_3,"""NA - Hepatitis B at birth year"""
h50y_4,"""NA - Hepatitis B at birth year"""
h50y_5,"""NA - Hepatitis B at birth year"""
h50y_6,"""NA - Hepatitis B at birth year"""
h51_1,"""Received Pentavalent 1"""
h51_2,"""Received Pentavalent 1"""
h51_3,"""Received Pentavalent 1"""
h51_4,"""Received Pentavalent 1"""
h51_5,"""Received Pentavalent 1"""
h51_6,"""Received Pentavalent 1"""
h51d_1,"""Pentavalent 1 day"""
h51d_2,"""Pentavalent 1 day"""
h51d_3,"""Pentavalent 1 day"""
h51d_4,"""Pentavalent 1 day"""
h51d_5,"""Pentavalent 1 day"""
h51d_6,"""Pentavalent 1 day"""
h51m_1,"""Pentavalent 1 month"""
h51m_2,"""Pentavalent 1 month"""
h51m_3,"""Pentavalent 1 month"""
h51m_4,"""Pentavalent 1 month"""
h51m_5,"""Pentavalent 1 month"""
h51m_6,"""Pentavalent 1 month"""
h51y_1,"""Pentavalent 1 year"""
h51y_2,"""Pentavalent 1 year"""
h51y_3,"""Pentavalent 1 year"""
h51y_4,"""Pentavalent 1 year"""
h51y_5,"""Pentavalent 1 year"""
h51y_6,"""Pentavalent 1 year"""
h52_1,"""Received Pentavalent 2"""
h52_2,"""Received Pentavalent 2"""
h52_3,"""Received Pentavalent 2"""
h52_4,"""Received Pentavalent 2"""
h52_5,"""Received Pentavalent 2"""
h52_6,"""Received Pentavalent 2"""
h52d_1,"""Pentavalent 2 day"""
h52d_2,"""Pentavalent 2 day"""
h52d_3,"""Pentavalent 2 day"""
h52d_4,"""Pentavalent 2 day"""
h52d_5,"""Pentavalent 2 day"""
h52d_6,"""Pentavalent 2 day"""
h52m_1,"""Pentavalent 2 month"""
h52m_2,"""Pentavalent 2 month"""
h52m_3,"""Pentavalent 2 month"""
h52m_4,"""Pentavalent 2 month"""
h52m_5,"""Pentavalent 2 month"""
h52m_6,"""Pentavalent 2 month"""
h52y_1,"""Pentavalent 2 year"""
h52y_2,"""Pentavalent 2 year"""
h52y_3,"""Pentavalent 2 year"""
h52y_4,"""Pentavalent 2 year"""
h52y_5,"""Pentavalent 2 year"""
h52y_6,"""Pentavalent 2 year"""
h53_1,"""Received Pentavalent 3"""
h53_2,"""Received Pentavalent 3"""
h53_3,"""Received Pentavalent 3"""
h53_4,"""Received Pentavalent 3"""
h53_5,"""Received Pentavalent 3"""
h53_6,"""Received Pentavalent 3"""
h53d_1,"""Pentavalent 3 day"""
h53d_2,"""Pentavalent 3 day"""
h53d_3,"""Pentavalent 3 day"""
h53d_4,"""Pentavalent 3 day"""
h53d_5,"""Pentavalent 3 day"""
h53d_6,"""Pentavalent 3 day"""
h53m_1,"""Pentavalent 3 month"""
h53m_2,"""Pentavalent 3 month"""
h53m_3,"""Pentavalent 3 month"""
h53m_4,"""Pentavalent 3 month"""
h53m_5,"""Pentavalent 3 month"""
h53m_6,"""Pentavalent 3 month"""
h53y_1,"""Pentavalent 3 year"""
h53y_2,"""Pentavalent 3 year"""
h53y_3,"""Pentavalent 3 year"""
h53y_4,"""Pentavalent 3 year"""
h53y_5,"""Pentavalent 3 year"""
h53y_6,"""Pentavalent 3 year"""
h54_1,"""Received Pneumococcal 1"""
h54_2,"""Received Pneumococcal 1"""
h54_3,"""Received Pneumococcal 1"""
h54_4,"""Received Pneumococcal 1"""
h54_5,"""Received Pneumococcal 1"""
h54_6,"""Received Pneumococcal 1"""
h54d_1,"""Pneumococcal 1 day"""
h54d_2,"""Pneumococcal 1 day"""
h54d_3,"""Pneumococcal 1 day"""
h54d_4,"""Pneumococcal 1 day"""
h54d_5,"""Pneumococcal 1 day"""
h54d_6,"""Pneumococcal 1 day"""
h54m_1,"""Pneumococcal 1 month"""
h54m_2,"""Pneumococcal 1 month"""
h54m_3,"""Pneumococcal 1 month"""
h54m_4,"""Pneumococcal 1 month"""
h54m_5,"""Pneumococcal 1 month"""
h54m_6,"""Pneumococcal 1 month"""
h54y_1,"""Pneumococcal 1 year"""
h54y_2,"""Pneumococcal 1 year"""
h54y_3,"""Pneumococcal 1 year"""
h54y_4,"""Pneumococcal 1 year"""
h54y_5,"""Pneumococcal 1 year"""
h54y_6,"""Pneumococcal 1 year"""
h55_1,"""Received Pneumococcal 2"""
h55_2,"""Received Pneumococcal 2"""
h55_3,"""Received Pneumococcal 2"""
h55_4,"""Received Pneumococcal 2"""
h55_5,"""Received Pneumococcal 2"""
h55_6,"""Received Pneumococcal 2"""
h55d_1,"""Pneumococcal 2 day"""
h55d_2,"""Pneumococcal 2 day"""
h55d_3,"""Pneumococcal 2 day"""
h55d_4,"""Pneumococcal 2 day"""
h55d_5,"""Pneumococcal 2 day"""
h55d_6,"""Pneumococcal 2 day"""
h55m_1,"""Pneumococcal 2 month"""
h55m_2,"""Pneumococcal 2 month"""
h55m_3,"""Pneumococcal 2 month"""
h55m_4,"""Pneumococcal 2 month"""
h55m_5,"""Pneumococcal 2 month"""
h55m_6,"""Pneumococcal 2 month"""
h55y_1,"""Pneumococcal 2 year"""
h55y_2,"""Pneumococcal 2 year"""
h55y_3,"""Pneumococcal 2 year"""
h55y_4,"""Pneumococcal 2 year"""
h55y_5,"""Pneumococcal 2 year"""
h55y_6,"""Pneumococcal 2 year"""
h56_1,"""Received Pneumococcal 3"""
h56_2,"""Received Pneumococcal 3"""
h56_3,"""Received Pneumococcal 3"""
h56_4,"""Received Pneumococcal 3"""
h56_5,"""Received Pneumococcal 3"""
h56_6,"""Received Pneumococcal 3"""
h56d_1,"""Pneumococcal 3 day"""
h56d_2,"""Pneumococcal 3 day"""
h56d_3,"""Pneumococcal 3 day"""
h56d_4,"""Pneumococcal 3 day"""
h56d_5,"""Pneumococcal 3 day"""
h56d_6,"""Pneumococcal 3 day"""
h56m_1,"""Pneumococcal 3 month"""
h56m_2,"""Pneumococcal 3 month"""
h56m_3,"""Pneumococcal 3 month"""
h56m_4,"""Pneumococcal 3 month"""
h56m_5,"""Pneumococcal 3 month"""
h56m_6,"""Pneumococcal 3 month"""
h56y_1,"""Pneumococcal 3 year"""
h56y_2,"""Pneumococcal 3 year"""
h56y_3,"""Pneumococcal 3 year"""
h56y_4,"""Pneumococcal 3 year"""
h56y_5,"""Pneumococcal 3 year"""
h56y_6,"""Pneumococcal 3 year"""
h57_1,"""Received Rotavirus 1"""
h57_2,"""Received Rotavirus 1"""
h57_3,"""Received Rotavirus 1"""
h57_4,"""Received Rotavirus 1"""
h57_5,"""Received Rotavirus 1"""
h57_6,"""Received Rotavirus 1"""
h57d_1,"""Rotavirus 1 day"""
h57d_2,"""Rotavirus 1 day"""
h57d_3,"""Rotavirus 1 day"""
h57d_4,"""Rotavirus 1 day"""
h57d_5,"""Rotavirus 1 day"""
h57d_6,"""Rotavirus 1 day"""
h57m_1,"""Rotavirus 1 month"""
h57m_2,"""Rotavirus 1 month"""
h57m_3,"""Rotavirus 1 month"""
h57m_4,"""Rotavirus 1 month"""
h57m_5,"""Rotavirus 1 month"""
h57m_6,"""Rotavirus 1 month"""
h57y_1,"""Rotavirus 1 year"""
h57y_2,"""Rotavirus 1 year"""
h57y_3,"""Rotavirus 1 year"""
h57y_4,"""Rotavirus 1 year"""
h57y_5,"""Rotavirus 1 year"""
h57y_6,"""Rotavirus 1 year"""
h58_1,"""Received Rotavirus 2"""
h58_2,"""Received Rotavirus 2"""
h58_3,"""Received Rotavirus 2"""
h58_4,"""Received Rotavirus 2"""
h58_5,"""Received Rotavirus 2"""
h58_6,"""Received Rotavirus 2"""
h58d_1,"""Rotavirus 2 day"""
h58d_2,"""Rotavirus 2 day"""
h58d_3,"""Rotavirus 2 day"""
h58d_4,"""Rotavirus 2 day"""
h58d_5,"""Rotavirus 2 day"""
h58d_6,"""Rotavirus 2 day"""
h58m_1,"""Rotavirus 2 month"""
h58m_2,"""Rotavirus 2 month"""
h58m_3,"""Rotavirus 2 month"""
h58m_4,"""Rotavirus 2 month"""
h58m_5,"""Rotavirus 2 month"""
h58m_6,"""Rotavirus 2 month"""
h58y_1,"""Rotavirus 2 year"""
h58y_2,"""Rotavirus 2 year"""
h58y_3,"""Rotavirus 2 year"""
h58y_4,"""Rotavirus 2 year"""
h58y_5,"""Rotavirus 2 year"""
h58y_6,"""Rotavirus 2 year"""
h59_1,"""NA - Received Rotavirus 3"""
h59_2,"""NA - Received Rotavirus 3"""
h59_3,"""NA - Received Rotavirus 3"""
h59_4,"""NA - Received Rotavirus 3"""
h59_5,"""NA - Received Rotavirus 3"""
h59_6,"""NA - Received Rotavirus 3"""
h59d_1,"""NA - Rotavirus 3 day"""
h59d_2,"""NA - Rotavirus 3 day"""
h59d_3,"""NA - Rotavirus 3 day"""
h59d_4,"""NA - Rotavirus 3 day"""
h59d_5,"""NA - Rotavirus 3 day"""
h59d_6,"""NA - Rotavirus 3 day"""
h59m_1,"""NA - Rotavirus 3 month"""
h59m_2,"""NA - Rotavirus 3 month"""
h59m_3,"""NA - Rotavirus 3 month"""
h59m_4,"""NA - Rotavirus 3 month"""
h59m_5,"""NA - Rotavirus 3 month"""
h59m_6,"""NA - Rotavirus 3 month"""
h59y_1,"""NA - Rotavirus 3 year"""
h59y_2,"""NA - Rotavirus 3 year"""
h59y_3,"""NA - Rotavirus 3 year"""
h59y_4,"""NA - Rotavirus 3 year"""
h59y_5,"""NA - Rotavirus 3 year"""
h59y_6,"""NA - Rotavirus 3 year"""
h60_1,"""NA - Received Polio inactive"""
h60_2,"""NA - Received Polio inactive"""
h60_3,"""NA - Received Polio inactive"""
h60_4,"""NA - Received Polio inactive"""
h60_5,"""NA - Received Polio inactive"""
h60_6,"""NA - Received Polio inactive"""
h60d_1,"""NA - Polio inactive day"""
h60d_2,"""NA - Polio inactive day"""
h60d_3,"""NA - Polio inactive day"""
h60d_4,"""NA - Polio inactive day"""
h60d_5,"""NA - Polio inactive day"""
h60d_6,"""NA - Polio inactive day"""
h60m_1,"""NA - Polio inactive month"""
h60m_2,"""NA - Polio inactive month"""
h60m_3,"""NA - Polio inactive month"""
h60m_4,"""NA - Polio inactive month"""
h60m_5,"""NA - Polio inactive month"""
h60m_6,"""NA - Polio inactive month"""
h60y_1,"""NA - Polio inactive year"""
h60y_2,"""NA - Polio inactive year"""
h60y_3,"""NA - Polio inactive year"""
h60y_4,"""NA - Polio inactive year"""
h60y_5,"""NA - Polio inactive year"""
h60y_6,"""NA - Polio inactive year"""
h61_1,"""Received Hepatitis B 1"""
h61_2,"""Received Hepatitis B 1"""
h61_3,"""Received Hepatitis B 1"""
h61_4,"""Received Hepatitis B 1"""
h61_5,"""Received Hepatitis B 1"""
h61_6,"""Received Hepatitis B 1"""
h61d_1,"""Hepatitis B 1 day"""
h61d_2,"""Hepatitis B 1 day"""
h61d_3,"""Hepatitis B 1 day"""
h61d_4,"""Hepatitis B 1 day"""
h61d_5,"""Hepatitis B 1 day"""
h61d_6,"""Hepatitis B 1 day"""
h61m_1,"""Hepatitis B 1 month"""
h61m_2,"""Hepatitis B 1 month"""
h61m_3,"""Hepatitis B 1 month"""
h61m_4,"""Hepatitis B 1 month"""
h61m_5,"""Hepatitis B 1 month"""
h61m_6,"""Hepatitis B 1 month"""
h61y_1,"""Hepatitis B 1 year"""
h61y_2,"""Hepatitis B 1 year"""
h61y_3,"""Hepatitis B 1 year"""
h61y_4,"""Hepatitis B 1 year"""
h61y_5,"""Hepatitis B 1 year"""
h61y_6,"""Hepatitis B 1 year"""
h62_1,"""Received Hepatitis B 2"""
h62_2,"""Received Hepatitis B 2"""
h62_3,"""Received Hepatitis B 2"""
h62_4,"""Received Hepatitis B 2"""
h62_5,"""Received Hepatitis B 2"""
h62_6,"""Received Hepatitis B 2"""
h62d_1,"""Hepatitis B 2 day"""
h62d_2,"""Hepatitis B 2 day"""
h62d_3,"""Hepatitis B 2 day"""
h62d_4,"""Hepatitis B 2 day"""
h62d_5,"""Hepatitis B 2 day"""
h62d_6,"""Hepatitis B 2 day"""
h62m_1,"""Hepatitis B 2 month"""
h62m_2,"""Hepatitis B 2 month"""
h62m_3,"""Hepatitis B 2 month"""
h62m_4,"""Hepatitis B 2 month"""
h62m_5,"""Hepatitis B 2 month"""
h62m_6,"""Hepatitis B 2 month"""
h62y_1,"""Hepatitis B 2 year"""
h62y_2,"""Hepatitis B 2 year"""
h62y_3,"""Hepatitis B 2 year"""
h62y_4,"""Hepatitis B 2 year"""
h62y_5,"""Hepatitis B 2 year"""
h62y_6,"""Hepatitis B 2 year"""
h63_1,"""Received Hepatitis B 3"""
h63_2,"""Received Hepatitis B 3"""
h63_3,"""Received Hepatitis B 3"""
h63_4,"""Received Hepatitis B 3"""
h63_5,"""Received Hepatitis B 3"""
h63_6,"""Received Hepatitis B 3"""
h63d_1,"""Hepatitis B 3 day"""
h63d_2,"""Hepatitis B 3 day"""
h63d_3,"""Hepatitis B 3 day"""
h63d_4,"""Hepatitis B 3 day"""
h63d_5,"""Hepatitis B 3 day"""
h63d_6,"""Hepatitis B 3 day"""
h63m_1,"""Hepatitis B 3 month"""
h63m_2,"""Hepatitis B 3 month"""
h63m_3,"""Hepatitis B 3 month"""
h63m_4,"""Hepatitis B 3 month"""
h63m_5,"""Hepatitis B 3 month"""
h63m_6,"""Hepatitis B 3 month"""
h63y_1,"""Hepatitis B 4 year"""
h63y_2,"""Hepatitis B 4 year"""
h63y_3,"""Hepatitis B 4 year"""
h63y_4,"""Hepatitis B 4 year"""
h63y_5,"""Hepatitis B 4 year"""
h63y_6,"""Hepatitis B 4 year"""
h64_1,"""Received Antihemphilus 1"""
h64_2,"""Received Antihemphilus 1"""
h64_3,"""Received Antihemphilus 1"""
h64_4,"""Received Antihemphilus 1"""
h64_5,"""Received Antihemphilus 1"""
h64_6,"""Received Antihemphilus 1"""
h64d_1,"""Antihemphilus 1 day"""
h64d_2,"""Antihemphilus 1 day"""
h64d_3,"""Antihemphilus 1 day"""
h64d_4,"""Antihemphilus 1 day"""
h64d_5,"""Antihemphilus 1 day"""
h64d_6,"""Antihemphilus 1 day"""
h64m_1,"""Antihemphilus 1 month"""
h64m_2,"""Antihemphilus 1 month"""
h64m_3,"""Antihemphilus 1 month"""
h64m_4,"""Antihemphilus 1 month"""
h64m_5,"""Antihemphilus 1 month"""
h64m_6,"""Antihemphilus 1 month"""
h64y_1,"""Antihemphilus 1 year"""
h64y_2,"""Antihemphilus 1 year"""
h64y_3,"""Antihemphilus 1 year"""
h64y_4,"""Antihemphilus 1 year"""
h64y_5,"""Antihemphilus 1 year"""
h64y_6,"""Antihemphilus 1 year"""
h65_1,"""Received Antihemphilus 2"""
h65_2,"""Received Antihemphilus 2"""
h65_3,"""Received Antihemphilus 2"""
h65_4,"""Received Antihemphilus 2"""
h65_5,"""Received Antihemphilus 2"""
h65_6,"""Received Antihemphilus 2"""
h65d_1,"""Antihemphilus 2 day"""
h65d_2,"""Antihemphilus 2 day"""
h65d_3,"""Antihemphilus 2 day"""
h65d_4,"""Antihemphilus 2 day"""
h65d_5,"""Antihemphilus 2 day"""
h65d_6,"""Antihemphilus 2 day"""
h65m_1,"""Antihemphilus 2 month"""
h65m_2,"""Antihemphilus 2 month"""
h65m_3,"""Antihemphilus 2 month"""
h65m_4,"""Antihemphilus 2 month"""
h65m_5,"""Antihemphilus 2 month"""
h65m_6,"""Antihemphilus 2 month"""
h65y_1,"""Antihemphilus 2 year"""
h65y_2,"""Antihemphilus 2 year"""
h65y_3,"""Antihemphilus 2 year"""
h65y_4,"""Antihemphilus 2 year"""
h65y_5,"""Antihemphilus 2 year"""
h65y_6,"""Antihemphilus 2 year"""
h66_1,"""Received Antihemphilus 3"""
h66_2,"""Received Antihemphilus 3"""
h66_3,"""Received Antihemphilus 3"""
h66_4,"""Received Antihemphilus 3"""
h66_5,"""Received Antihemphilus 3"""
h66_6,"""Received Antihemphilus 3"""
h66d_1,"""Antihemphilus 3 day"""
h66d_2,"""Antihemphilus 3 day"""
h66d_3,"""Antihemphilus 3 day"""
h66d_4,"""Antihemphilus 3 day"""
h66d_5,"""Antihemphilus 3 day"""
h66d_6,"""Antihemphilus 3 day"""
h66m_1,"""Antihemphilus 3 month"""
h66m_2,"""Antihemphilus 3 month"""
h66m_3,"""Antihemphilus 3 month"""
h66m_4,"""Antihemphilus 3 month"""
h66m_5,"""Antihemphilus 3 month"""
h66m_6,"""Antihemphilus 3 month"""
h66y_1,"""Antihemphilus 3 year"""
h66y_2,"""Antihemphilus 3 year"""
h66y_3,"""Antihemphilus 3 year"""
h66y_4,"""Antihemphilus 3 year"""
h66y_5,"""Antihemphilus 3 year"""
h66y_6,"""Antihemphilus 3 year"""
h80a_1,"""In the last 7 days given: multiple micronutrient powder"""
h80a_2,"""In the last 7 days given: multiple micronutrient powder"""
h80a_3,"""In the last 7 days given: multiple micronutrient powder"""
h80a_4,"""In the last 7 days given: multiple micronutrient powder"""
h80a_5,"""In the last 7 days given: multiple micronutrient powder"""
h80a_6,"""In the last 7 days given: multiple micronutrient powder"""
h80b_1,"""In the last 7 days given: ready to use therapeutic food such as chiponde"""
h80b_2,"""In the last 7 days given: ready to use therapeutic food such as chiponde"""
h80b_3,"""In the last 7 days given: ready to use therapeutic food such as chiponde"""
h80b_4,"""In the last 7 days given: ready to use therapeutic food such as chiponde"""
h80b_5,"""In the last 7 days given: ready to use therapeutic food such as chiponde"""
h80b_6,"""In the last 7 days given: ready to use therapeutic food such as chiponde"""
h80c_1,"""In the last 7 days given: supplementary food such as likuni phala"""
h80c_2,"""In the last 7 days given: supplementary food such as likuni phala"""
h80c_3,"""In the last 7 days given: supplementary food such as likuni phala"""
h80c_4,"""In the last 7 days given: supplementary food such as likuni phala"""
h80c_5,"""In the last 7 days given: supplementary food such as likuni phala"""
h80c_6,"""In the last 7 days given: supplementary food such as likuni phala"""
h80d_1,"""NA - In the last 7 days given: CS"""
h80d_2,"""NA - In the last 7 days given: CS"""
h80d_3,"""NA - In the last 7 days given: CS"""
h80d_4,"""NA - In the last 7 days given: CS"""
h80d_5,"""NA - In the last 7 days given: CS"""
h80d_6,"""NA - In the last 7 days given: CS"""
h80e_1,"""NA - In the last 7 days given: CS"""
h80e_2,"""NA - In the last 7 days given: CS"""
h80e_3,"""NA - In the last 7 days given: CS"""
h80e_4,"""NA - In the last 7 days given: CS"""
h80e_5,"""NA - In the last 7 days given: CS"""
h80e_6,"""NA - In the last 7 days given: CS"""
h80f_1,"""NA - In the last 7 days given: CS"""
h80f_2,"""NA - In the last 7 days given: CS"""
h80f_3,"""NA - In the last 7 days given: CS"""
h80f_4,"""NA - In the last 7 days given: CS"""
h80f_5,"""NA - In the last 7 days given: CS"""
h80f_6,"""NA - In the last 7 days given: CS"""
h80g_1,"""NA - In the last 7 days given: CS"""
h80g_2,"""NA - In the last 7 days given: CS"""
h80g_3,"""NA - In the last 7 days given: CS"""
h80g_4,"""NA - In the last 7 days given: CS"""
h80g_5,"""NA - In the last 7 days given: CS"""
h80g_6,"""NA - In the last 7 days given: CS"""
hidxa_1,"""Index to birth history"""
hidxa_2,"""Index to birth history"""
hidxa_3,"""Index to birth history"""
hidxa_4,"""Index to birth history"""
hidxa_5,"""Index to birth history"""
hidxa_6,"""Index to birth history"""
h11_1,"""Had diarrhea recently"""
h11_2,"""Had diarrhea recently"""
h11_3,"""Had diarrhea recently"""
h11_4,"""Had diarrhea recently"""
h11_5,"""Had diarrhea recently"""
h11_6,"""Had diarrhea recently"""
h11b_1,"""NA - Blood in the stools"""
h11b_2,"""NA - Blood in the stools"""
h11b_3,"""NA - Blood in the stools"""
h11b_4,"""NA - Blood in the stools"""
h11b_5,"""NA - Blood in the stools"""
h11b_6,"""NA - Blood in the stools"""
h12a_1,"""Diarrhea: government hospital"""
h12a_2,"""Diarrhea: government hospital"""
h12a_3,"""Diarrhea: government hospital"""
h12a_4,"""Diarrhea: government hospital"""
h12a_5,"""Diarrhea: government hospital"""
h12a_6,"""Diarrhea: government hospital"""
h12b_1,"""Diarrhea: government health center"""
h12b_2,"""Diarrhea: government health center"""
h12b_3,"""Diarrhea: government health center"""
h12b_4,"""Diarrhea: government health center"""
h12b_5,"""Diarrhea: government health center"""
h12b_6,"""Diarrhea: government health center"""
h12c_1,"""Diarrhea: government health post / outreach"""
h12c_2,"""Diarrhea: government health post / outreach"""
h12c_3,"""Diarrhea: government health post / outreach"""
h12c_4,"""Diarrhea: government health post / outreach"""
h12c_5,"""Diarrhea: government health post / outreach"""
h12c_6,"""Diarrhea: government health post / outreach"""
h12d_1,"""Diarrhea: government mobile clinic"""
h12d_2,"""Diarrhea: government mobile clinic"""
h12d_3,"""Diarrhea: government mobile clinic"""
h12d_4,"""Diarrhea: government mobile clinic"""
h12d_5,"""Diarrhea: government mobile clinic"""
h12d_6,"""Diarrhea: government mobile clinic"""
h12e_1,"""Diarrhea: government HSA"""
h12e_2,"""Diarrhea: government HSA"""
h12e_3,"""Diarrhea: government HSA"""
h12e_4,"""Diarrhea: government HSA"""
h12e_5,"""Diarrhea: government HSA"""
h12e_6,"""Diarrhea: government HSA"""
h12f_1,"""Diarrhea: other public sector"""
h12f_2,"""Diarrhea: other public sector"""
h12f_3,"""Diarrhea: other public sector"""
h12f_4,"""Diarrhea: other public sector"""
h12f_5,"""Diarrhea: other public sector"""
h12f_6,"""Diarrhea: other public sector"""
h12g_1,"""NA - Diarrhea: CS public sector"""
h12g_2,"""NA - Diarrhea: CS public sector"""
h12g_3,"""NA - Diarrhea: CS public sector"""
h12g_4,"""NA - Diarrhea: CS public sector"""
h12g_5,"""NA - Diarrhea: CS public sector"""
h12g_6,"""NA - Diarrhea: CS public sector"""
h12h_1,"""NA - Diarrhea: CS public sector"""
h12h_2,"""NA - Diarrhea: CS public sector"""
h12h_3,"""NA - Diarrhea: CS public sector"""
h12h_4,"""NA - Diarrhea: CS public sector"""
h12h_5,"""NA - Diarrhea: CS public sector"""
h12h_6,"""NA - Diarrhea: CS public sector"""
h12i_1,"""NA - Diarrhea: CS public sector"""
h12i_2,"""NA - Diarrhea: CS public sector"""
h12i_3,"""NA - Diarrhea: CS public sector"""
h12i_4,"""NA - Diarrhea: CS public sector"""
h12i_5,"""NA - Diarrhea: CS public sector"""
h12i_6,"""NA - Diarrhea: CS public sector"""
h12j_1,"""Diarrhea: private hospital/clinic"""
h12j_2,"""Diarrhea: private hospital/clinic"""
h12j_3,"""Diarrhea: private hospital/clinic"""
h12j_4,"""Diarrhea: private hospital/clinic"""
h12j_5,"""Diarrhea: private hospital/clinic"""
h12j_6,"""Diarrhea: private hospital/clinic"""
h12k_1,"""Diarrhea: private pharmacy"""
h12k_2,"""Diarrhea: private pharmacy"""
h12k_3,"""Diarrhea: private pharmacy"""
h12k_4,"""Diarrhea: private pharmacy"""
h12k_5,"""Diarrhea: private pharmacy"""
h12k_6,"""Diarrhea: private pharmacy"""
h12l_1,"""Diarrhea: private doctor"""
h12l_2,"""Diarrhea: private doctor"""
h12l_3,"""Diarrhea: private doctor"""
h12l_4,"""Diarrhea: private doctor"""
h12l_5,"""Diarrhea: private doctor"""
h12l_6,"""Diarrhea: private doctor"""
h12m_1,"""Diarrhea: private mobile clinic"""
h12m_2,"""Diarrhea: private mobile clinic"""
h12m_3,"""Diarrhea: private mobile clinic"""
h12m_4,"""Diarrhea: private mobile clinic"""
h12m_5,"""Diarrhea: private mobile clinic"""
h12m_6,"""Diarrhea: private mobile clinic"""
h12n_1,"""Diarrhea: private HSA"""
h12n_2,"""Diarrhea: private HSA"""
h12n_3,"""Diarrhea: private HSA"""
h12n_4,"""Diarrhea: private HSA"""
h12n_5,"""Diarrhea: private HSA"""
h12n_6,"""Diarrhea: private HSA"""
h12o_1,"""Diarrhea: private CHAM / mission hospital"""
h12o_2,"""Diarrhea: private CHAM / mission hospital"""
h12o_3,"""Diarrhea: private CHAM / mission hospital"""
h12o_4,"""Diarrhea: private CHAM / mission hospital"""
h12o_5,"""Diarrhea: private CHAM / mission hospital"""
h12o_6,"""Diarrhea: private CHAM / mission hospital"""
h12p_1,"""Diarrhea: private CHAM / mission health center"""
h12p_2,"""Diarrhea: private CHAM / mission health center"""
h12p_3,"""Diarrhea: private CHAM / mission health center"""
h12p_4,"""Diarrhea: private CHAM / mission health center"""
h12p_5,"""Diarrhea: private CHAM / mission health center"""
h12p_6,"""Diarrhea: private CHAM / mission health center"""
h12q_1,"""Diarrhea: BLM"""
h12q_2,"""Diarrhea: BLM"""
h12q_3,"""Diarrhea: BLM"""
h12q_4,"""Diarrhea: BLM"""
h12q_5,"""Diarrhea: BLM"""
h12q_6,"""Diarrhea: BLM"""
h12r_1,"""Diarrhea: other private medical"""
h12r_2,"""Diarrhea: other private medical"""
h12r_3,"""Diarrhea: other private medical"""
h12r_4,"""Diarrhea: other private medical"""
h12r_5,"""Diarrhea: other private medical"""
h12r_6,"""Diarrhea: other private medical"""
h12s_1,"""Diarrhea: shop"""
h12s_2,"""Diarrhea: shop"""
h12s_3,"""Diarrhea: shop"""
h12s_4,"""Diarrhea: shop"""
h12s_5,"""Diarrhea: shop"""
h12s_6,"""Diarrhea: shop"""
h12t_1,"""Diarrhea: traditional practitioner"""
h12t_2,"""Diarrhea: traditional practitioner"""
h12t_3,"""Diarrhea: traditional practitioner"""
h12t_4,"""Diarrhea: traditional practitioner"""
h12t_5,"""Diarrhea: traditional practitioner"""
h12t_6,"""Diarrhea: traditional practitioner"""
h12u_1,"""Diarrhea: market"""
h12u_2,"""Diarrhea: market"""
h12u_3,"""Diarrhea: market"""
h12u_4,"""Diarrhea: market"""
h12u_5,"""Diarrhea: market"""
h12u_6,"""Diarrhea: market"""
h12v_1,"""Diarrhea: MACRO"""
h12v_2,"""Diarrhea: MACRO"""
h12v_3,"""Diarrhea: MACRO"""
h12v_4,"""Diarrhea: MACRO"""
h12v_5,"""Diarrhea: MACRO"""
h12v_6,"""Diarrhea: MACRO"""
h12w_1,"""Diarrhea: YOUTH DROP CENTER"""
h12w_2,"""Diarrhea: YOUTH DROP CENTER"""
h12w_3,"""Diarrhea: YOUTH DROP CENTER"""
h12w_4,"""Diarrhea: YOUTH DROP CENTER"""
h12w_5,"""Diarrhea: YOUTH DROP CENTER"""
h12w_6,"""Diarrhea: YOUTH DROP CENTER"""
h12x_1,"""Diarrhea: Other"""
h12x_2,"""Diarrhea: Other"""
h12x_3,"""Diarrhea: Other"""
h12x_4,"""Diarrhea: Other"""
h12x_5,"""Diarrhea: Other"""
h12x_6,"""Diarrhea: Other"""
h12y_1,"""Diarrhea: no treatment"""
h12y_2,"""Diarrhea: no treatment"""
h12y_3,"""Diarrhea: no treatment"""
h12y_4,"""Diarrhea: no treatment"""
h12y_5,"""Diarrhea: no treatment"""
h12y_6,"""Diarrhea: no treatment"""
h12z_1,"""Diarrhea: medical treatment"""
h12z_2,"""Diarrhea: medical treatment"""
h12z_3,"""Diarrhea: medical treatment"""
h12z_4,"""Diarrhea: medical treatment"""
h12z_5,"""Diarrhea: medical treatment"""
h12z_6,"""Diarrhea: medical treatment"""
h13_1,"""Given oral rehydration"""
h13_2,"""Given oral rehydration"""
h13_3,"""Given oral rehydration"""
h13_4,"""Given oral rehydration"""
h13_5,"""Given oral rehydration"""
h13_6,"""Given oral rehydration"""
h13b_1,"""NA - Given pre-packaged ORS liquid"""
h13b_2,"""NA - Given pre-packaged ORS liquid"""
h13b_3,"""NA - Given pre-packaged ORS liquid"""
h13b_4,"""NA - Given pre-packaged ORS liquid"""
h13b_5,"""NA - Given pre-packaged ORS liquid"""
h13b_6,"""NA - Given pre-packaged ORS liquid"""
h14_1,"""Given recommended home solution"""
h14_2,"""Given recommended home solution"""
h14_3,"""Given recommended home solution"""
h14_4,"""Given recommended home solution"""
h14_5,"""Given recommended home solution"""
h14_6,"""Given recommended home solution"""
h15_1,"""Given antibiotic pills or syrups"""
h15_2,"""Given antibiotic pills or syrups"""
h15_3,"""Given antibiotic pills or syrups"""
h15_4,"""Given antibiotic pills or syrups"""
h15_5,"""Given antibiotic pills or syrups"""
h15_6,"""Given antibiotic pills or syrups"""
h15a_1,"""Given antimotility"""
h15a_2,"""Given antimotility"""
h15a_3,"""Given antimotility"""
h15a_4,"""Given antimotility"""
h15a_5,"""Given antimotility"""
h15a_6,"""Given antimotility"""
h15b_1,"""Given antibiotic injection"""
h15b_2,"""Given antibiotic injection"""
h15b_3,"""Given antibiotic injection"""
h15b_4,"""Given antibiotic injection"""
h15b_5,"""Given antibiotic injection"""
h15b_6,"""Given antibiotic injection"""
h15c_1,"""Given intravenous (IV)"""
h15c_2,"""Given intravenous (IV)"""
h15c_3,"""Given intravenous (IV)"""
h15c_4,"""Given intravenous (IV)"""
h15c_5,"""Given intravenous (IV)"""
h15c_6,"""Given intravenous (IV)"""
h15d_1,"""Given home remedy, herbal medicine"""
h15d_2,"""Given home remedy, herbal medicine"""
h15d_3,"""Given home remedy, herbal medicine"""
h15d_4,"""Given home remedy, herbal medicine"""
h15d_5,"""Given home remedy, herbal medicine"""
h15d_6,"""Given home remedy, herbal medicine"""
h15e_1,"""Given zinc"""
h15e_2,"""Given zinc"""
h15e_3,"""Given zinc"""
h15e_4,"""Given zinc"""
h15e_5,"""Given zinc"""
h15e_6,"""Given zinc"""
h15f_1,"""Given other (not antibiotic, antimotility, zinc)"""
h15f_2,"""Given other (not antibiotic, antimotility, zinc)"""
h15f_3,"""Given other (not antibiotic, antimotility, zinc)"""
h15f_4,"""Given other (not antibiotic, antimotility, zinc)"""
h15f_5,"""Given other (not antibiotic, antimotility, zinc)"""
h15f_6,"""Given other (not antibiotic, antimotility, zinc)"""
h15g_1,"""Given unknown pill or syrup"""
h15g_2,"""Given unknown pill or syrup"""
h15g_3,"""Given unknown pill or syrup"""
h15g_4,"""Given unknown pill or syrup"""
h15g_5,"""Given unknown pill or syrup"""
h15g_6,"""Given unknown pill or syrup"""
h15h_1,"""Given non-antibiotic injection"""
h15h_2,"""Given non-antibiotic injection"""
h15h_3,"""Given non-antibiotic injection"""
h15h_4,"""Given non-antibiotic injection"""
h15h_5,"""Given non-antibiotic injection"""
h15h_6,"""Given non-antibiotic injection"""
h15i_1,"""Given unknown injection"""
h15i_2,"""Given unknown injection"""
h15i_3,"""Given unknown injection"""
h15i_4,"""Given unknown injection"""
h15i_5,"""Given unknown injection"""
h15i_6,"""Given unknown injection"""
h15j_1,"""Given sugar/saltwater Thanzi"""
h15j_2,"""Given sugar/saltwater Thanzi"""
h15j_3,"""Given sugar/saltwater Thanzi"""
h15j_4,"""Given sugar/saltwater Thanzi"""
h15j_5,"""Given sugar/saltwater Thanzi"""
h15j_6,"""Given sugar/saltwater Thanzi"""
h15k_1,"""NA - Given CS"""
h15k_2,"""NA - Given CS"""
h15k_3,"""NA - Given CS"""
h15k_4,"""NA - Given CS"""
h15k_5,"""NA - Given CS"""
h15k_6,"""NA - Given CS"""
h15l_1,"""NA - Given CS"""
h15l_2,"""NA - Given CS"""
h15l_3,"""NA - Given CS"""
h15l_4,"""NA - Given CS"""
h15l_5,"""NA - Given CS"""
h15l_6,"""NA - Given CS"""
h15m_1,"""NA - Given CS"""
h15m_2,"""NA - Given CS"""
h15m_3,"""NA - Given CS"""
h15m_4,"""NA - Given CS"""
h15m_5,"""NA - Given CS"""
h15m_6,"""NA - Given CS"""
h20_1,"""Given other treatment"""
h20_2,"""Given other treatment"""
h20_3,"""Given other treatment"""
h20_4,"""Given other treatment"""
h20_5,"""Given other treatment"""
h20_6,"""Given other treatment"""
h21a_1,"""Given no treatment"""
h21a_2,"""Given no treatment"""
h21a_3,"""Given no treatment"""
h21a_4,"""Given no treatment"""
h21a_5,"""Given no treatment"""
h21a_6,"""Given no treatment"""
h21_1,"""Received any treatment"""
h21_2,"""Received any treatment"""
h21_3,"""Received any treatment"""
h21_4,"""Received any treatment"""
h21_5,"""Received any treatment"""
h21_6,"""Received any treatment"""
h22_1,"""Had fever in last two weeks"""
h22_2,"""Had fever in last two weeks"""
h22_3,"""Had fever in last two weeks"""
h22_4,"""Had fever in last two weeks"""
h22_5,"""Had fever in last two weeks"""
h22_6,"""Had fever in last two weeks"""
h31_1,"""Had cough in last two weeks"""
h31_2,"""Had cough in last two weeks"""
h31_3,"""Had cough in last two weeks"""
h31_4,"""Had cough in last two weeks"""
h31_5,"""Had cough in last two weeks"""
h31_6,"""Had cough in last two weeks"""
h31b_1,"""Short, rapid breaths"""
h31b_2,"""Short, rapid breaths"""
h31b_3,"""Short, rapid breaths"""
h31b_4,"""Short, rapid breaths"""
h31b_5,"""Short, rapid breaths"""
h31b_6,"""Short, rapid breaths"""
h31c_1,"""Problem in the chest or blocked or running nose"""
h31c_2,"""Problem in the chest or blocked or running nose"""
h31c_3,"""Problem in the chest or blocked or running nose"""
h31c_4,"""Problem in the chest or blocked or running nose"""
h31c_5,"""Problem in the chest or blocked or running nose"""
h31c_6,"""Problem in the chest or blocked or running nose"""
h31d_1,"""NA - Had fever/cough in last 2 weeks: amount offered to drink"""
h31d_2,"""NA - Had fever/cough in last 2 weeks: amount offered to drink"""
h31d_3,"""NA - Had fever/cough in last 2 weeks: amount offered to drink"""
h31d_4,"""NA - Had fever/cough in last 2 weeks: amount offered to drink"""
h31d_5,"""NA - Had fever/cough in last 2 weeks: amount offered to drink"""
h31d_6,"""NA - Had fever/cough in last 2 weeks: amount offered to drink"""
h31e_1,"""NA - Had fever/cough in last 2 weeks: amount offered to eat"""
h31e_2,"""NA - Had fever/cough in last 2 weeks: amount offered to eat"""
h31e_3,"""NA - Had fever/cough in last 2 weeks: amount offered to eat"""
h31e_4,"""NA - Had fever/cough in last 2 weeks: amount offered to eat"""
h31e_5,"""NA - Had fever/cough in last 2 weeks: amount offered to eat"""
h31e_6,"""NA - Had fever/cough in last 2 weeks: amount offered to eat"""
h32a_1,"""Fever/cough: government hospital"""
h32a_2,"""Fever/cough: government hospital"""
h32a_3,"""Fever/cough: government hospital"""
h32a_4,"""Fever/cough: government hospital"""
h32a_5,"""Fever/cough: government hospital"""
h32a_6,"""Fever/cough: government hospital"""
h32b_1,"""Fever/cough: government health center"""
h32b_2,"""Fever/cough: government health center"""
h32b_3,"""Fever/cough: government health center"""
h32b_4,"""Fever/cough: government health center"""
h32b_5,"""Fever/cough: government health center"""
h32b_6,"""Fever/cough: government health center"""
h32c_1,"""Fever/cough: government health post / outreach"""
h32c_2,"""Fever/cough: government health post / outreach"""
h32c_3,"""Fever/cough: government health post / outreach"""
h32c_4,"""Fever/cough: government health post / outreach"""
h32c_5,"""Fever/cough: government health post / outreach"""
h32c_6,"""Fever/cough: government health post / outreach"""
h32d_1,"""Fever/cough: government mobile clinic"""
h32d_2,"""Fever/cough: government mobile clinic"""
h32d_3,"""Fever/cough: government mobile clinic"""
h32d_4,"""Fever/cough: government mobile clinic"""
h32d_5,"""Fever/cough: government mobile clinic"""
h32d_6,"""Fever/cough: government mobile clinic"""
h32e_1,"""Fever/cough: government HSA"""
h32e_2,"""Fever/cough: government HSA"""
h32e_3,"""Fever/cough: government HSA"""
h32e_4,"""Fever/cough: government HSA"""
h32e_5,"""Fever/cough: government HSA"""
h32e_6,"""Fever/cough: government HSA"""
h32f_1,"""Fever/cough: other public sector"""
h32f_2,"""Fever/cough: other public sector"""
h32f_3,"""Fever/cough: other public sector"""
h32f_4,"""Fever/cough: other public sector"""
h32f_5,"""Fever/cough: other public sector"""
h32f_6,"""Fever/cough: other public sector"""
h32g_1,"""NA - Fever/cough: CS public sector"""
h32g_2,"""NA - Fever/cough: CS public sector"""
h32g_3,"""NA - Fever/cough: CS public sector"""
h32g_4,"""NA - Fever/cough: CS public sector"""
h32g_5,"""NA - Fever/cough: CS public sector"""
h32g_6,"""NA - Fever/cough: CS public sector"""
h32h_1,"""NA - Fever/cough: CS public sector"""
h32h_2,"""NA - Fever/cough: CS public sector"""
h32h_3,"""NA - Fever/cough: CS public sector"""
h32h_4,"""NA - Fever/cough: CS public sector"""
h32h_5,"""NA - Fever/cough: CS public sector"""
h32h_6,"""NA - Fever/cough: CS public sector"""
h32i_1,"""NA - Fever/cough: CS public sector"""
h32i_2,"""NA - Fever/cough: CS public sector"""
h32i_3,"""NA - Fever/cough: CS public sector"""
h32i_4,"""NA - Fever/cough: CS public sector"""
h32i_5,"""NA - Fever/cough: CS public sector"""
h32i_6,"""NA - Fever/cough: CS public sector"""
h32j_1,"""Fever/cough: private hospital/ clinic"""
h32j_2,"""Fever/cough: private hospital/ clinic"""
h32j_3,"""Fever/cough: private hospital/ clinic"""
h32j_4,"""Fever/cough: private hospital/ clinic"""
h32j_5,"""Fever/cough: private hospital/ clinic"""
h32j_6,"""Fever/cough: private hospital/ clinic"""
h32k_1,"""Fever/cough: private pharmacy"""
h32k_2,"""Fever/cough: private pharmacy"""
h32k_3,"""Fever/cough: private pharmacy"""
h32k_4,"""Fever/cough: private pharmacy"""
h32k_5,"""Fever/cough: private pharmacy"""
h32k_6,"""Fever/cough: private pharmacy"""
h32l_1,"""Fever/cough: private doctor"""
h32l_2,"""Fever/cough: private doctor"""
h32l_3,"""Fever/cough: private doctor"""
h32l_4,"""Fever/cough: private doctor"""
h32l_5,"""Fever/cough: private doctor"""
h32l_6,"""Fever/cough: private doctor"""
h32m_1,"""Fever/cough: private mobile clinic"""
h32m_2,"""Fever/cough: private mobile clinic"""
h32m_3,"""Fever/cough: private mobile clinic"""
h32m_4,"""Fever/cough: private mobile clinic"""
h32m_5,"""Fever/cough: private mobile clinic"""
h32m_6,"""Fever/cough: private mobile clinic"""
h32n_1,"""Fever/cough: private HSA"""
h32n_2,"""Fever/cough: private HSA"""
h32n_3,"""Fever/cough: private HSA"""
h32n_4,"""Fever/cough: private HSA"""
h32n_5,"""Fever/cough: private HSA"""
h32n_6,"""Fever/cough: private HSA"""
h32o_1,"""Fever/cough: CHAM / mission hospital"""
h32o_2,"""Fever/cough: CHAM / mission hospital"""
h32o_3,"""Fever/cough: CHAM / mission hospital"""
h32o_4,"""Fever/cough: CHAM / mission hospital"""
h32o_5,"""Fever/cough: CHAM / mission hospital"""
h32o_6,"""Fever/cough: CHAM / mission hospital"""
h32p_1,"""Fever/cough: CHAM / mission health center"""
h32p_2,"""Fever/cough: CHAM / mission health center"""
h32p_3,"""Fever/cough: CHAM / mission health center"""
h32p_4,"""Fever/cough: CHAM / mission health center"""
h32p_5,"""Fever/cough: CHAM / mission health center"""
h32p_6,"""Fever/cough: CHAM / mission health center"""
h32q_1,"""Fever/cough: BLM"""
h32q_2,"""Fever/cough: BLM"""
h32q_3,"""Fever/cough: BLM"""
h32q_4,"""Fever/cough: BLM"""
h32q_5,"""Fever/cough: BLM"""
h32q_6,"""Fever/cough: BLM"""
h32r_1,"""Fever/cough: Other private medical sector"""
h32r_2,"""Fever/cough: Other private medical sector"""
h32r_3,"""Fever/cough: Other private medical sector"""
h32r_4,"""Fever/cough: Other private medical sector"""
h32r_5,"""Fever/cough: Other private medical sector"""
h32r_6,"""Fever/cough: Other private medical sector"""
h32s_1,"""Fever/cough: Shop"""
h32s_2,"""Fever/cough: Shop"""
h32s_3,"""Fever/cough: Shop"""
h32s_4,"""Fever/cough: Shop"""
h32s_5,"""Fever/cough: Shop"""
h32s_6,"""Fever/cough: Shop"""
h32t_1,"""Fever/cough: Traditional practitioner"""
h32t_2,"""Fever/cough: Traditional practitioner"""
h32t_3,"""Fever/cough: Traditional practitioner"""
h32t_4,"""Fever/cough: Traditional practitioner"""
h32t_5,"""Fever/cough: Traditional practitioner"""
h32t_6,"""Fever/cough: Traditional practitioner"""
h32u_1,"""Fever/cough: Market"""
h32u_2,"""Fever/cough: Market"""
h32u_3,"""Fever/cough: Market"""
h32u_4,"""Fever/cough: Market"""
h32u_5,"""Fever/cough: Market"""
h32u_6,"""Fever/cough: Market"""
h32v_1,"""Fever/cough: Itinerant drug seller"""
h32v_2,"""Fever/cough: Itinerant drug seller"""
h32v_3,"""Fever/cough: Itinerant drug seller"""
h32v_4,"""Fever/cough: Itinerant drug seller"""
h32v_5,"""Fever/cough: Itinerant drug seller"""
h32v_6,"""Fever/cough: Itinerant drug seller"""
h32w_1,"""Fever/cough: Youth drop in centre"""
h32w_2,"""Fever/cough: Youth drop in centre"""
h32w_3,"""Fever/cough: Youth drop in centre"""
h32w_4,"""Fever/cough: Youth drop in centre"""
h32w_5,"""Fever/cough: Youth drop in centre"""
h32w_6,"""Fever/cough: Youth drop in centre"""
h32x_1,"""Fever/cough: other"""
h32x_2,"""Fever/cough: other"""
h32x_3,"""Fever/cough: other"""
h32x_4,"""Fever/cough: other"""
h32x_5,"""Fever/cough: other"""
h32x_6,"""Fever/cough: other"""
h32y_1,"""Fever/cough: no treatment"""
h32y_2,"""Fever/cough: no treatment"""
h32y_3,"""Fever/cough: no treatment"""
h32y_4,"""Fever/cough: no treatment"""
h32y_5,"""Fever/cough: no treatment"""
h32y_6,"""Fever/cough: no treatment"""
h32z_1,"""Fever/cough: medical treatment"""
h32z_2,"""Fever/cough: medical treatment"""
h32z_3,"""Fever/cough: medical treatment"""
h32z_4,"""Fever/cough: medical treatment"""
h32z_5,"""Fever/cough: medical treatment"""
h32z_6,"""Fever/cough: medical treatment"""
h34_1,"""Vitamin A in last 6 months"""
h34_2,"""Vitamin A in last 6 months"""
h34_3,"""Vitamin A in last 6 months"""
h34_4,"""Vitamin A in last 6 months"""
h34_5,"""Vitamin A in last 6 months"""
h34_6,"""Vitamin A in last 6 months"""
h37a_1,"""SP/Fansidar/Novidar SP taken for fever"""
h37a_2,"""SP/Fansidar/Novidar SP taken for fever"""
h37a_3,"""SP/Fansidar/Novidar SP taken for fever"""
h37a_4,"""SP/Fansidar/Novidar SP taken for fever"""
h37a_5,"""SP/Fansidar/Novidar SP taken for fever"""
h37a_6,"""SP/Fansidar/Novidar SP taken for fever"""
h37b_1,"""NA - Chloroquine taken for fever"""
h37b_2,"""NA - Chloroquine taken for fever"""
h37b_3,"""NA - Chloroquine taken for fever"""
h37b_4,"""NA - Chloroquine taken for fever"""
h37b_5,"""NA - Chloroquine taken for fever"""
h37b_6,"""NA - Chloroquine taken for fever"""
h37c_1,"""NA - Amodiaquine taken for fever"""
h37c_2,"""NA - Amodiaquine taken for fever"""
h37c_3,"""NA - Amodiaquine taken for fever"""
h37c_4,"""NA - Amodiaquine taken for fever"""
h37c_5,"""NA - Amodiaquine taken for fever"""
h37c_6,"""NA - Amodiaquine taken for fever"""
h37d_1,"""Quinine taken for fever"""
h37d_2,"""Quinine taken for fever"""
h37d_3,"""Quinine taken for fever"""
h37d_4,"""Quinine taken for fever"""
h37d_5,"""Quinine taken for fever"""
h37d_6,"""Quinine taken for fever"""
h37da_1,"""Quinine injection/IV taken for fever"""
h37da_2,"""Quinine injection/IV taken for fever"""
h37da_3,"""Quinine injection/IV taken for fever"""
h37da_4,"""Quinine injection/IV taken for fever"""
h37da_5,"""Quinine injection/IV taken for fever"""
h37da_6,"""Quinine injection/IV taken for fever"""
h37e_1,"""NA - Combination with artemisinin taken for fever"""
h37e_2,"""NA - Combination with artemisinin taken for fever"""
h37e_3,"""NA - Combination with artemisinin taken for fever"""
h37e_4,"""NA - Combination with artemisinin taken for fever"""
h37e_5,"""NA - Combination with artemisinin taken for fever"""
h37e_6,"""NA - Combination with artemisinin taken for fever"""
h37aa_1,"""Artesunate rectal taken for fever"""
h37aa_2,"""Artesunate rectal taken for fever"""
h37aa_3,"""Artesunate rectal taken for fever"""
h37aa_4,"""Artesunate rectal taken for fever"""
h37aa_5,"""Artesunate rectal taken for fever"""
h37aa_6,"""Artesunate rectal taken for fever"""
h37ab_1,"""Artesunate injection/IV taken for fever"""
h37ab_2,"""Artesunate injection/IV taken for fever"""
h37ab_3,"""Artesunate injection/IV taken for fever"""
h37ab_4,"""Artesunate injection/IV taken for fever"""
h37ab_5,"""Artesunate injection/IV taken for fever"""
h37ab_6,"""Artesunate injection/IV taken for fever"""
h37f_1,"""LA = Lumefantrine and Artemeter = COARTEM taken for fever"""
h37f_2,"""LA = Lumefantrine and Artemeter = COARTEM taken for fever"""
h37f_3,"""LA = Lumefantrine and Artemeter = COARTEM taken for fever"""
h37f_4,"""LA = Lumefantrine and Artemeter = COARTEM taken for fever"""
h37f_5,"""LA = Lumefantrine and Artemeter = COARTEM taken for fever"""
h37f_6,"""LA = Lumefantrine and Artemeter = COARTEM taken for fever"""
h37g_1,"""ASAQ = combined amodiaquine and artesunate taken for"""
h37g_2,"""ASAQ = combined amodiaquine and artesunate taken for"""
h37g_3,"""ASAQ = combined amodiaquine and artesunate taken for"""
h37g_4,"""ASAQ = combined amodiaquine and artesunate taken for"""
h37g_5,"""ASAQ = combined amodiaquine and artesunate taken for"""
h37g_6,"""ASAQ = combined amodiaquine and artesunate taken for"""
h37h_1,"""Other antimalarial taken for fever"""
h37h_2,"""Other antimalarial taken for fever"""
h37h_3,"""Other antimalarial taken for fever"""
h37h_4,"""Other antimalarial taken for fever"""
h37h_5,"""Other antimalarial taken for fever"""
h37h_6,"""Other antimalarial taken for fever"""
h37i_1,"""Antibiotic pill/syrup taken for fever"""
h37i_2,"""Antibiotic pill/syrup taken for fever"""
h37i_3,"""Antibiotic pill/syrup taken for fever"""
h37i_4,"""Antibiotic pill/syrup taken for fever"""
h37i_5,"""Antibiotic pill/syrup taken for fever"""
h37i_6,"""Antibiotic pill/syrup taken for fever"""
h37j_1,"""Antibiotic injection taken for fever"""
h37j_2,"""Antibiotic injection taken for fever"""
h37j_3,"""Antibiotic injection taken for fever"""
h37j_4,"""Antibiotic injection taken for fever"""
h37j_5,"""Antibiotic injection taken for fever"""
h37j_6,"""Antibiotic injection taken for fever"""
h37k_1,"""Aspirin / cafenol taken for fever"""
h37k_2,"""Aspirin / cafenol taken for fever"""
h37k_3,"""Aspirin / cafenol taken for fever"""
h37k_4,"""Aspirin / cafenol taken for fever"""
h37k_5,"""Aspirin / cafenol taken for fever"""
h37k_6,"""Aspirin / cafenol taken for fever"""
h37l_1,"""Acetaminophen/paracetamol/panadol taken for fever"""
h37l_2,"""Acetaminophen/paracetamol/panadol taken for fever"""
h37l_3,"""Acetaminophen/paracetamol/panadol taken for fever"""
h37l_4,"""Acetaminophen/paracetamol/panadol taken for fever"""
h37l_5,"""Acetaminophen/paracetamol/panadol taken for fever"""
h37l_6,"""Acetaminophen/paracetamol/panadol taken for fever"""
h37m_1,"""Ibuprofen taken for fever"""
h37m_2,"""Ibuprofen taken for fever"""
h37m_3,"""Ibuprofen taken for fever"""
h37m_4,"""Ibuprofen taken for fever"""
h37m_5,"""Ibuprofen taken for fever"""
h37m_6,"""Ibuprofen taken for fever"""
h37n_1,"""NA - CS other taken for fever"""
h37n_2,"""NA - CS other taken for fever"""
h37n_3,"""NA - CS other taken for fever"""
h37n_4,"""NA - CS other taken for fever"""
h37n_5,"""NA - CS other taken for fever"""
h37n_6,"""NA - CS other taken for fever"""
h37o_1,"""NA - CS other for fever/cough"""
h37o_2,"""NA - CS other for fever/cough"""
h37o_3,"""NA - CS other for fever/cough"""
h37o_4,"""NA - CS other for fever/cough"""
h37o_5,"""NA - CS other for fever/cough"""
h37o_6,"""NA - CS other for fever/cough"""
h37p_1,"""NA - CS other for fever/cough"""
h37p_2,"""NA - CS other for fever/cough"""
h37p_3,"""NA - CS other for fever/cough"""
h37p_4,"""NA - CS other for fever/cough"""
h37p_5,"""NA - CS other for fever/cough"""
h37p_6,"""NA - CS other for fever/cough"""
h37x_1,"""Other taken for fever"""
h37x_2,"""Other taken for fever"""
h37x_3,"""Other taken for fever"""
h37x_4,"""Other taken for fever"""
h37x_5,"""Other taken for fever"""
h37x_6,"""Other taken for fever"""
h37y_1,"""Nothing taken and didn't seek treatment for fever/cough"""
h37y_2,"""Nothing taken and didn't seek treatment for fever/cough"""
h37y_3,"""Nothing taken and didn't seek treatment for fever/cough"""
h37y_4,"""Nothing taken and didn't seek treatment for fever/cough"""
h37y_5,"""Nothing taken and didn't seek treatment for fever/cough"""
h37y_6,"""Nothing taken and didn't seek treatment for fever/cough"""
h37z_1,"""Don't know if or what was taken for fever"""
h37z_2,"""Don't know if or what was taken for fever"""
h37z_3,"""Don't know if or what was taken for fever"""
h37z_4,"""Don't know if or what was taken for fever"""
h37z_5,"""Don't know if or what was taken for fever"""
h37z_6,"""Don't know if or what was taken for fever"""
h38_1,"""Diarrhea in last 2 weeks: amount offered to drink"""
h38_2,"""Diarrhea in last 2 weeks: amount offered to drink"""
h38_3,"""Diarrhea in last 2 weeks: amount offered to drink"""
h38_4,"""Diarrhea in last 2 weeks: amount offered to drink"""
h38_5,"""Diarrhea in last 2 weeks: amount offered to drink"""
h38_6,"""Diarrhea in last 2 weeks: amount offered to drink"""
h39_1,"""Diarrhea in last 2 weeks: amount offered to eat"""
h39_2,"""Diarrhea in last 2 weeks: amount offered to eat"""
h39_3,"""Diarrhea in last 2 weeks: amount offered to eat"""
h39_4,"""Diarrhea in last 2 weeks: amount offered to eat"""
h39_5,"""Diarrhea in last 2 weeks: amount offered to eat"""
h39_6,"""Diarrhea in last 2 weeks: amount offered to eat"""
h42_1,"""Taking iron pills, sprinkles or syrup"""
h42_2,"""Taking iron pills, sprinkles or syrup"""
h42_3,"""Taking iron pills, sprinkles or syrup"""
h42_4,"""Taking iron pills, sprinkles or syrup"""
h42_5,"""Taking iron pills, sprinkles or syrup"""
h42_6,"""Taking iron pills, sprinkles or syrup"""
h43_1,"""Drugs for intestinal parasites in last 6 months"""
h43_2,"""Drugs for intestinal parasites in last 6 months"""
h43_3,"""Drugs for intestinal parasites in last 6 months"""
h43_4,"""Drugs for intestinal parasites in last 6 months"""
h43_5,"""Drugs for intestinal parasites in last 6 months"""
h43_6,"""Drugs for intestinal parasites in last 6 months"""
h44a_1,"""Place first sought treatment for diarrhea"""
h44a_2,"""Place first sought treatment for diarrhea"""
h44a_3,"""Place first sought treatment for diarrhea"""
h44a_4,"""Place first sought treatment for diarrhea"""
h44a_5,"""Place first sought treatment for diarrhea"""
h44a_6,"""Place first sought treatment for diarrhea"""
h44b_1,"""NA - Days after diarrhea sought advice or treatment"""
h44b_2,"""NA - Days after diarrhea sought advice or treatment"""
h44b_3,"""NA - Days after diarrhea sought advice or treatment"""
h44b_4,"""NA - Days after diarrhea sought advice or treatment"""
h44b_5,"""NA - Days after diarrhea sought advice or treatment"""
h44b_6,"""NA - Days after diarrhea sought advice or treatment"""
h44c_1,"""NA - Still has diarrhea"""
h44c_2,"""NA - Still has diarrhea"""
h44c_3,"""NA - Still has diarrhea"""
h44c_4,"""NA - Still has diarrhea"""
h44c_5,"""NA - Still has diarrhea"""
h44c_6,"""NA - Still has diarrhea"""
h45_1,"""NA - Times zinc was given"""
h45_2,"""NA - Times zinc was given"""
h45_3,"""NA - Times zinc was given"""
h45_4,"""NA - Times zinc was given"""
h45_5,"""NA - Times zinc was given"""
h45_6,"""NA - Times zinc was given"""
h46a_1,"""Place first sought treatment for fever"""
h46a_2,"""Place first sought treatment for fever"""
h46a_3,"""Place first sought treatment for fever"""
h46a_4,"""Place first sought treatment for fever"""
h46a_5,"""Place first sought treatment for fever"""
h46a_6,"""Place first sought treatment for fever"""
h46b_1,"""Number of days after fever began sought advice or treatment"""
h46b_2,"""Number of days after fever began sought advice or treatment"""
h46b_3,"""Number of days after fever began sought advice or treatment"""
h46b_4,"""Number of days after fever began sought advice or treatment"""
h46b_5,"""Number of days after fever began sought advice or treatment"""
h46b_6,"""Number of days after fever began sought advice or treatment"""
h47_1,"""Blood taken from child's finger/heel for testing"""
h47_2,"""Blood taken from child's finger/heel for testing"""
h47_3,"""Blood taken from child's finger/heel for testing"""
h47_4,"""Blood taken from child's finger/heel for testing"""
h47_5,"""Blood taken from child's finger/heel for testing"""
h47_6,"""Blood taken from child's finger/heel for testing"""
h100_1,"""NA - Number of days after fever began sought advice or treatment"""
h100_2,"""NA - Number of days after fever began sought advice or treatment"""
h100_3,"""NA - Number of days after fever began sought advice or treatment"""
h100_4,"""NA - Number of days after fever began sought advice or treatment"""
h100_5,"""NA - Number of days after fever began sought advice or treatment"""
h100_6,"""NA - Number of days after fever began sought advice or treatment"""
hwidx_1,"""Index to Birth History"""
hwidx_2,"""Index to Birth History"""
hwidx_3,"""Index to Birth History"""
hwidx_4,"""Index to Birth History"""
hwidx_5,"""Index to Birth History"""
hwidx_6,"""Index to Birth History"""
hw1_1,"""Child's age in months"""
hw1_2,"""Child's age in months"""
hw1_3,"""Child's age in months"""
hw1_4,"""Child's age in months"""
hw1_5,"""Child's age in months"""
hw1_6,"""Child's age in months"""
hw2_1,"""Child's weight in kilograms (1 decimal)"""
hw2_2,"""Child's weight in kilograms (1 decimal)"""
hw2_3,"""Child's weight in kilograms (1 decimal)"""
hw2_4,"""Child's weight in kilograms (1 decimal)"""
hw2_5,"""Child's weight in kilograms (1 decimal)"""
hw2_6,"""Child's weight in kilograms (1 decimal)"""
hw3_1,"""Child's height in centimeters (1 decimal)"""
hw3_2,"""Child's height in centimeters (1 decimal)"""
hw3_3,"""Child's height in centimeters (1 decimal)"""
hw3_4,"""Child's height in centimeters (1 decimal)"""
hw3_5,"""Child's height in centimeters (1 decimal)"""
hw3_6,"""Child's height in centimeters (1 decimal)"""
hw4_1,"""Height/Age percentile"""
hw4_2,"""Height/Age percentile"""
hw4_3,"""Height/Age percentile"""
hw4_4,"""Height/Age percentile"""
hw4_5,"""Height/Age percentile"""
hw4_6,"""Height/Age percentile"""
hw5_1,"""Height/Age standard deviation"""
hw5_2,"""Height/Age standard deviation"""
hw5_3,"""Height/Age standard deviation"""
hw5_4,"""Height/Age standard deviation"""
hw5_5,"""Height/Age standard deviation"""
hw5_6,"""Height/Age standard deviation"""
hw6_1,"""Height/Age percent of ref. median"""
hw6_2,"""Height/Age percent of ref. median"""
hw6_3,"""Height/Age percent of ref. median"""
hw6_4,"""Height/Age percent of ref. median"""
hw6_5,"""Height/Age percent of ref. median"""
hw6_6,"""Height/Age percent of ref. median"""
hw7_1,"""Weight/Age percentile"""
hw7_2,"""Weight/Age percentile"""
hw7_3,"""Weight/Age percentile"""
hw7_4,"""Weight/Age percentile"""
hw7_5,"""Weight/Age percentile"""
hw7_6,"""Weight/Age percentile"""
hw8_1,"""Weight/Age standard deviation"""
hw8_2,"""Weight/Age standard deviation"""
hw8_3,"""Weight/Age standard deviation"""
hw8_4,"""Weight/Age standard deviation"""
hw8_5,"""Weight/Age standard deviation"""
hw8_6,"""Weight/Age standard deviation"""
hw9_1,"""Weight/Age percent of ref. median"""
hw9_2,"""Weight/Age percent of ref. median"""
hw9_3,"""Weight/Age percent of ref. median"""
hw9_4,"""Weight/Age percent of ref. median"""
hw9_5,"""Weight/Age percent of ref. median"""
hw9_6,"""Weight/Age percent of ref. median"""
hw10_1,"""Weight/Height percentile"""
hw10_2,"""Weight/Height percentile"""
hw10_3,"""Weight/Height percentile"""
hw10_4,"""Weight/Height percentile"""
hw10_5,"""Weight/Height percentile"""
hw10_6,"""Weight/Height percentile"""
hw11_1,"""Weight/Height standard deviation"""
hw11_2,"""Weight/Height standard deviation"""
hw11_3,"""Weight/Height standard deviation"""
hw11_4,"""Weight/Height standard deviation"""
hw11_5,"""Weight/Height standard deviation"""
hw11_6,"""Weight/Height standard deviation"""
hw12_1,"""Weight/Height percent of ref. median"""
hw12_2,"""Weight/Height percent of ref. median"""
hw12_3,"""Weight/Height percent of ref. median"""
hw12_4,"""Weight/Height percent of ref. median"""
hw12_5,"""Weight/Height percent of ref. median"""
hw12_6,"""Weight/Height percent of ref. median"""
hw13_1,"""Result of measurement - height/weight"""
hw13_2,"""Result of measurement - height/weight"""
hw13_3,"""Result of measurement - height/weight"""
hw13_4,"""Result of measurement - height/weight"""
hw13_5,"""Result of measurement - height/weight"""
hw13_6,"""Result of measurement - height/weight"""
hw15_1,"""Height: lying or standing"""
hw15_2,"""Height: lying or standing"""
hw15_3,"""Height: lying or standing"""
hw15_4,"""Height: lying or standing"""
hw15_5,"""Height: lying or standing"""
hw15_6,"""Height: lying or standing"""
hw16_1,"""Day of birth of child"""
hw16_2,"""Day of birth of child"""
hw16_3,"""Day of birth of child"""
hw16_4,"""Day of birth of child"""
hw16_5,"""Day of birth of child"""
hw16_6,"""Day of birth of child"""
hw17_1,"""Date measured (day)"""
hw17_2,"""Date measured (day)"""
hw17_3,"""Date measured (day)"""
hw17_4,"""Date measured (day)"""
hw17_5,"""Date measured (day)"""
hw17_6,"""Date measured (day)"""
hw18_1,"""Date measured (month)"""
hw18_2,"""Date measured (month)"""
hw18_3,"""Date measured (month)"""
hw18_4,"""Date measured (month)"""
hw18_5,"""Date measured (month)"""
hw18_6,"""Date measured (month)"""
hw19_1,"""Date measured (year)"""
hw19_2,"""Date measured (year)"""
hw19_3,"""Date measured (year)"""
hw19_4,"""Date measured (year)"""
hw19_5,"""Date measured (year)"""
hw19_6,"""Date measured (year)"""
hw51_1,"""Line number of parent/caretaker"""
hw51_2,"""Line number of parent/caretaker"""
hw51_3,"""Line number of parent/caretaker"""
hw51_4,"""Line number of parent/caretaker"""
hw51_5,"""Line number of parent/caretaker"""
hw51_6,"""Line number of parent/caretaker"""
hw52_1,"""Read consent statement - hemoglobin"""
hw52_2,"""Read consent statement - hemoglobin"""
hw52_3,"""Read consent statement - hemoglobin"""
hw52_4,"""Read consent statement - hemoglobin"""
hw52_5,"""Read consent statement - hemoglobin"""
hw52_6,"""Read consent statement - hemoglobin"""
hw53_1,"""Hemoglobin level (g/dl - 1 decimal)"""
hw53_2,"""Hemoglobin level (g/dl - 1 decimal)"""
hw53_3,"""Hemoglobin level (g/dl - 1 decimal)"""
hw53_4,"""Hemoglobin level (g/dl - 1 decimal)"""
hw53_5,"""Hemoglobin level (g/dl - 1 decimal)"""
hw53_6,"""Hemoglobin level (g/dl - 1 decimal)"""
hw55_1,"""Result of measurement - hemoglobin"""
hw55_2,"""Result of measurement - hemoglobin"""
hw55_3,"""Result of measurement - hemoglobin"""
hw55_4,"""Result of measurement - hemoglobin"""
hw55_5,"""Result of measurement - hemoglobin"""
hw55_6,"""Result of measurement - hemoglobin"""
hw56_1,"""Hemoglobin level adjusted for altitude (g/dl - 1 decimal)"""
hw56_2,"""Hemoglobin level adjusted for altitude (g/dl - 1 decimal)"""
hw56_3,"""Hemoglobin level adjusted for altitude (g/dl - 1 decimal)"""
hw56_4,"""Hemoglobin level adjusted for altitude (g/dl - 1 decimal)"""
hw56_5,"""Hemoglobin level adjusted for altitude (g/dl - 1 decimal)"""
hw56_6,"""Hemoglobin level adjusted for altitude (g/dl - 1 decimal)"""
hw57_1,"""Anemia level"""
hw57_2,"""Anemia level"""
hw57_3,"""Anemia level"""
hw57_4,"""Anemia level"""
hw57_5,"""Anemia level"""
hw57_6,"""Anemia level"""
hw58_1,"""NA - Agrees to referral - anemia"""
hw58_2,"""NA - Agrees to referral - anemia"""
hw58_3,"""NA - Agrees to referral - anemia"""
hw58_4,"""NA - Agrees to referral - anemia"""
hw58_5,"""NA - Agrees to referral - anemia"""
hw58_6,"""NA - Agrees to referral - anemia"""
hw70_1,"""Height/Age standard deviation (new WHO)"""
hw70_2,"""Height/Age standard deviation (new WHO)"""
hw70_3,"""Height/Age standard deviation (new WHO)"""
hw70_4,"""Height/Age standard deviation (new WHO)"""
hw70_5,"""Height/Age standard deviation (new WHO)"""
hw70_6,"""Height/Age standard deviation (new WHO)"""
hw71_1,"""Weight/Age standard deviation (new WHO)"""
hw71_2,"""Weight/Age standard deviation (new WHO)"""
hw71_3,"""Weight/Age standard deviation (new WHO)"""
hw71_4,"""Weight/Age standard deviation (new WHO)"""
hw71_5,"""Weight/Age standard deviation (new WHO)"""
hw71_6,"""Weight/Age standard deviation (new WHO)"""
hw72_1,"""Weight/Height standard deviation (new WHO)"""
hw72_2,"""Weight/Height standard deviation (new WHO)"""
hw72_3,"""Weight/Height standard deviation (new WHO)"""
hw72_4,"""Weight/Height standard deviation (new WHO)"""
hw72_5,"""Weight/Height standard deviation (new WHO)"""
hw72_6,"""Weight/Height standard deviation (new WHO)"""
hw73_1,"""BMI standard deviation (new WHO)"""
hw73_2,"""BMI standard deviation (new WHO)"""
hw73_3,"""BMI standard deviation (new WHO)"""
hw73_4,"""BMI standard deviation (new WHO)"""
hw73_5,"""BMI standard deviation (new WHO)"""
hw73_6,"""BMI standard deviation (new WHO)"""
v501,"""Current marital status"""
v502,"""Currently/formerly/never in union"""
v503,"""Number of unions"""
v504,"""Currently residing with husband/partner"""
v505,"""Number of other wives"""
v506,"""Respondent's rank among wives"""
v507,"""Month of first cohabitation"""
v508,"""Year of first cohabitation"""
v509,"""Date of first cohabitation (CMC)"""
v510,"""Completeness of date information in V509"""
v511,"""Age at first cohabitation"""
v512,"""Years since first cohabitation"""
v513,"""Cohabitation duration (grouped)"""
v525,"""Age at first sex"""
v527,"""Time since last sex"""
v528,"""Time since last sex (in days)"""
v529,"""Time since last sex (in months)"""
v530,"""Flag for V529"""
v531,"""Age at first sex (imputed)"""
v532,"""Flag for V531"""
v535,"""Ever been married or in union"""
v536,"""Recent sexual activity"""
v537,"""Months of abstinence"""
v538,"""NA - How previous marriage or union ended"""
v539,"""NA - Person who received most of late husband's property"""
v540,"""NA - Respondent received any of late husband's assets or valuables"""
v541,"""NA - Intends to wait until marriage to have sex"""
v602,"""Fertility preference"""
v603,"""Preferred waiting time for birth of a/another child"""
v604,"""Preferred waiting time for birth of a/another child (grouped)"""
v605,"""Desire for more children"""
v613,"""Ideal number of children"""
v614,"""Ideal number of children (grouped)"""
v616,"""Time for future birth"""
v621,"""Husband's desire for children"""
v623,"""Exposure"""
v624,"""Unmet need"""
v625,"""Exposure (definition 2)"""
v626,"""Unmet need (definition 2)"""
v625a,"""Exposure to need for contraception (definition 3)"""
v626a,"""Unmet need for contraception (definition 3)"""
v627,"""Ideal number of boys"""
v628,"""Ideal number of girls"""
v629,"""Ideal number of either sex"""
v631,"""NA - Problem if became pregnant"""
v632,"""Decision maker for using contraception"""
v632a,"""Decision maker for not using contraception"""
v633a,"""NA - Reason for not having sex: husband has STI"""
v633b,"""Reason for not having sex: husband has other women"""
v633c,"""NA - Reason for not having sex: recent birth"""
v633d,"""NA - Reason for not having sex: tired, not in mood"""
v633e,"""NA - Reason for not having sex: CS"""
v633f,"""NA - Reason for not having sex: CS"""
v633g,"""NA - Reason for not having sex: CS"""
v634,"""NA - Husband knows that respondent is using contraception"""
v701,"""Husband/partner's education level"""
v702,"""Husband/partner's highest year of education (at level in V701)"""
v704,"""Husband/partner's occupation"""
v704a,"""Husaband/partner work in last 7 days/12 months"""
v705,"""Husband/partner's occupation (grouped)"""
v714,"""Respondent currently working"""
v714a,"""Respondent has a job, but currently absent"""
v715,"""Husband/partner's total number of years of education"""
v716,"""Respondent's occupation"""
v717,"""Respondent's occupation (grouped)"""
v719,"""Respondent works for family, others, self"""
v721,"""NA - Respondent works at home or away"""
v729,"""Husband/partner's educational attainment"""
v730,"""Husband/partner's age"""
v731,"""Respondent worked in last 12 months"""
v732,"""Respondent employed all year/seasonal"""
v739,"""Person who usually decides how to spend respondent's earnings"""
v740,"""NA - Type of land where respondent works"""
v741,"""Type of earnings from respondent's work"""
v743a,"""Person who usually decides on respondent's health care"""
v743b,"""Person who usually decides on large household purchases"""
v743c,"""NA - Person who usually decides on household purchases for daily needs"""
v743d,"""Person who usually decides on visits to family or relatives"""
v743e,"""NA - Person who usually decides on food to be cooked each day"""
v743f,"""Person who usually decides what to do with money husband earns"""
v744a,"""Beating justified if wife goes out without telling husband"""
v744b,"""Beating justified if wife neglects the children"""
v744c,"""Beating justified if wife argues with husband"""
v744d,"""Beating justified if wife refuses to have sex with husband"""
v744e,"""Beating justified if wife burns the food"""
v745a,"""Owns a house alone or jointly"""
v745b,"""Owns land alone or jointly"""
v745c,"""Title deed on house own by respondent"""
v745d,"""Title deed on land own by respondent"""
v746,"""Respondent earns more than husband/partner"""
v750,"""Ever heard of a Sexually Transmitted Infection (STI)"""
v751,"""Ever heard of AIDS"""
v754bp,"""Reduce risk of getting HIV: do not have sex at all"""
v754cp,"""Reduce risk of getting HIV: always use condoms during sex"""
v754dp,"""Reduce risk of getting HIV: have 1 sex partner only, who has no other partners"""
v754jp,"""Can get HIV from mosquito bites"""
v754wp,"""Can get HIV by sharing food with person who has AIDS"""
v756,"""A healthy looking person can have HIV"""
v761,"""Condom used during last sex with most recent partner"""
v761b,"""Condom used during last sex with 2nd to most recent partner"""
v761c,"""Condom used during last sex with 3rd to most recent partner"""
v762,"""Source of condoms used for last sex"""
v762a,"""Brand of condom used for last sex"""
v762aa,"""NA - Source for condoms: government hospital"""
v762ab,"""NA - Source for condoms: CS public"""
v762ac,"""NA - Source for condoms: CS public"""
v762ad,"""NA - Source for condoms: CS public"""
v762ae,"""NA - Source for condoms: CS public"""
v762af,"""NA - Source for condoms: CS public"""
v762ag,"""NA - Source for condoms: CS public"""
v762ah,"""NA - Source for condoms: CS public"""
v762ai,"""NA - Source for condoms: CS public"""
v762aj,"""NA - Source for condoms: private hospital/clinic"""
v762ak,"""NA - Source for condoms: pharmacy"""
v762al,"""NA - Source for condoms: private doctor"""
v762am,"""NA - Source for condoms: CS private"""
v762an,"""NA - Source for condoms: CS private"""
v762ao,"""NA - Source for condoms: CS private"""
v762ap,"""NA - Source for condoms: CS private"""
v762aq,"""NA - Source for condoms: CS private"""
v762ar,"""NA - Source for condoms: CS private"""
v762as,"""NA - Source for condoms: CS other"""
v762at,"""NA - Source for condoms: CS other"""
v762au,"""NA - Source for condoms: CS other"""
v762av,"""NA - Source for condoms: CS other"""
v762aw,"""NA - Source for condoms: CS other"""
v762ax,"""NA - Source for condoms: other"""
v762az,"""NA - Don't know any source for condoms"""
v762ba,"""NA - Source for female condoms: government hospital"""
v762bb,"""NA - Source for female condoms: CS public"""
v762bc,"""NA - Source for female condoms: CS public"""
v762bd,"""NA - Source for female condoms: CS public"""
v762be,"""NA - Source for female condoms: CS public"""
v762bf,"""NA - Source for female condoms: CS public"""
v762bg,"""NA - Source for female condoms: CS public"""
v762bh,"""NA - Source for female condoms: CS public"""
v762bi,"""NA - Source for female condoms: CS public"""
v762bj,"""NA - Source for female condoms: private hospital/clinic"""
v762bk,"""NA - Source for female condoms: pharmacy"""
v762bl,"""NA - Source for female condoms: private doctor"""
v762bm,"""NA - Source for female condoms: CS private"""
v762bn,"""NA - Source for female condoms: CS private"""
v762bo,"""NA - Source for female condoms: CS private"""
v762bp,"""NA - Source for female condoms: CS private"""
v762bq,"""NA - Source for female condoms: CS private"""
v762br,"""NA - Source for female condoms: CS private"""
v762bs,"""NA - Source for female condoms: CS other"""
v762bt,"""NA - Source for female condoms: CS other"""
v762bu,"""NA - Source for female condoms: CS other"""
v762bv,"""NA - Source for female condoms: CS other"""
v762bw,"""NA - Source for female condoms: CS other"""
v762bx,"""NA - Source for female condoms: other"""
v762bz,"""NA - Don't know any source for female condoms"""
v763a,"""Had any STI in last 12 months"""
v763b,"""Had genital sore/ulcer in last 12 months"""
v763c,"""Had genital discharge in last 12 months"""
v763d,"""NA - Had CS STI in last 12 months"""
v763e,"""NA - Had CS STI in last 12 months"""
v763f,"""NA - Had CS STI in last 12 months"""
v763g,"""NA - Had CS STI in last 12 months"""
v766a,"""Number of sex partners, excluding spouse, in last 12 months"""
v766b,"""Number of sex partners, including spouse, in last 12 months"""
v767a,"""Relationship with most recent sex partner"""
v767b,"""Relationship with 2nd to most recent sex partner"""
v767c,"""Relationship with 3rd to most recent sex partner"""
v768a,"""NA - Length of time knows last partner"""
v768b,"""NA - Length of time knows other partner (1)"""
v768c,"""NA - Length of time knows other partner (2)"""
v769,"""NA - Can get a condom"""
v769a,"""NA - Can get a female condom"""
v770,"""Sought advice/treatment for last STI infection"""
v770a,"""Sought STI advice/treatment from: government hospital"""
v770b,"""Sought STI advice/treatment from: government health center"""
v770c,"""Sought STI advice/treatment from: government health post / outreach"""
v770d,"""Sought STI advice/treatment from: government HSA"""
v770e,"""Sought STI advice/treatment from: government door to door"""
v770f,"""Sought STI advice/treatment from: other public sector"""
v770g,"""NA - Sought STI advice/treatment from: CS public"""
v770h,"""NA - Sought STI advice/treatment from: CS public"""
v770i,"""NA - Sought STI advice/treatment from: CS public"""
v770j,"""NA - Sought STI advice/treatment from: CS public"""
v770k,"""Sought STI advice/treatment from: private hospital/clinic/doctor"""
v770l,"""Sought STI advice/treatment from: private pharmacy"""
v770m,"""Sought STI advice/treatment from: CHAM / mission hospital"""
v770n,"""Sought STI advice/treatment from: CHAM / mission health center"""
v770o,"""Sought STI advice/treatment from: CHAM / mission mobile clinic"""
v770p,"""Sought STI advice/treatment from: CHAM / mission door to door"""
v770q,"""Sought STI advice/treatment from: other private medical sector"""
v770r,"""NA - Sought STI advice/treatment from: CS private"""
v770s,"""NA - Sought STI advice/treatment from: CS private"""
v770t,"""Sought STI advice/treatment from: shop"""
v770u,"""Sought STI advice/treatment from: BLM"""
v770v,"""Sought STI advice/treatment from: MACRO"""
v770w,"""NA - Sought STI advice/treatment from: CS other"""
v770x,"""Sought STI advice/treatment from: other"""
v774a,"""HIV transmitted during pregnancy"""
v774b,"""HIV transmitted during delivery"""
v774c,"""HIV transmitted by breastfeeding"""
v775,"""NA - Knows someone who has, or is suspected of having, HIV"""
v777,"""NA - Would want HIV infection in family to remain secret"""
v777a,"""Would be ashamed if someone in the family had HIV"""
v778,"""NA - Willing to care for relative with AIDS"""
v779,"""NA - A female teacher infected with HIV, but is not sick, should be allowed to c"""
v780,"""NA - Children should be taught about condoms to avoid AIDS"""
v781,"""Ever been tested for HIV"""
v783,"""Know a place to get HIV test"""
v784a,"""Place for HIV test: government hospital"""
v784b,"""Place for HIV test: government health center"""
v784c,"""Place for HIV test: government health post/outreach"""
v784d,"""Place for HIV test: government HSA"""
v784e,"""Place for HIV test: government door to door"""
v784f,"""Place for HIV test: other public sector"""
v784g,"""NA - Place for HIV test: CS public"""
v784h,"""NA - Place for HIV test: CS public"""
v784i,"""NA - Place for HIV test: CS public"""
v784j,"""NA - Place for HIV test: CS public"""
v784k,"""Place for HIV test: private hospital/clinic/doctor"""
v784l,"""Place for HIV test: private pharmacy"""
v784m,"""Place for HIV test: CHAM/Mission hospital"""
v784n,"""Place for HIV test: CHAM/Mission health center"""
v784o,"""Place for HIV test: CHAM/Mission pharmacy"""
v784p,"""Place for HIV test: CHAM/Mission door to door"""
v784q,"""Place for HIV test: other private"""
v784r,"""Place for HIV test: BLM"""
v784s,"""Place for HIV test: MACRO"""
v784t,"""Place for HIV test: home"""
v784u,"""Place for HIV test: workplace"""
v784v,"""Place for HIV test: correctional facility"""
v784x,"""Place for HIV test: other"""
v785,"""Heard about other STIs"""
v791a,"""Last 12 months had sex in return for gifts, cash or other"""
v820,"""NA - Condom used at first sex"""
v821a,"""NA - Most recent sex partner younger, the same age or older"""
v821b,"""NA - 2nd to most recent sex partner younger, the same age or older"""
v821c,"""NA - 3rd to most recent sex partner younger, the same age or older"""
v822,"""Wife justified asking husband to use condom if he has STI"""
v823,"""Can get HIV by witchcraft or supernatural means"""
v824,"""Drugs to avoid HIV transmission to baby during pregnancy"""
v825,"""Would buy vegetables from vendor with HIV"""
v826,"""NA - Last time tested for HIV"""
v826a,"""Months ago most recent HIV test"""
v827,"""NA - Last HIV test: on your own, offered or required"""
v828,"""Received result from last HIV test"""
v829,"""Place where last HIV test was taken"""
v830,"""NA - Age of first sex partner"""
v831,"""NA - First sex partner younger, same age or older"""
v832b,"""Time since last sex with 2nd to most recent partner"""
v832c,"""Time since last sex with 3rd to most recent partner"""
v833a,"""Used condom every time had sex with most recent partner in last 12 months"""
v833b,"""Used condom every time had sex with 2nd to most recent partner in last 12 months"""
v833c,"""Used condom every time had sex with 3rd to most recent partner in last 12 months"""
v834a,"""Age of most recent partner"""
v834b,"""Age of 2nd to most recent partner"""
v834c,"""Age of 3rd to most recent partner"""
v835a,"""NA - Alcohol consumption at last sex with most recent partner"""
v835b,"""NA - Alcohol consumption at last sex with 2nd to most recent partner"""
v835c,"""NA - Alcohol consumption at last sex with 3rd to most recent partner"""
v836,"""Total lifetime number of sex partners"""
v837,"""NA - Heard of drugs to help HIV infected people live longer"""
v838a,"""During antenatal visit talked about: HIV transmitted mother to child"""
v838b,"""During antenatal visit talked about: things to do to prevent getting HIV"""
v838c,"""During antenatal visit talked about: getting tested for HIV"""
v839,"""Offered HIV test as part of antenatal visit"""
v839a,"""Offered HIV test between the time went for delivery and before baby was born"""
v840,"""Tested for HIV as part of antenatal visit"""
v840a,"""Tested for HIV between the time went for delivery and before baby was born"""
v841,"""Got results of HIV test as part of antenatal visit"""
v841a,"""Got results of HIV test when tested before baby was born"""
v842,"""Place were HIV test was taken as part of antenatal visit"""
v843,"""Tested for HIV since antenatal visit test"""
v844,"""NA - Knows someone denied health services for having, or suspected of having, HI"""
v845,"""NA - Knows someone denied social events for having, or suspected of having, HIV;"""
v846,"""NA - Knows someone verbally abused for having, or suspected of having, HIV; in l"""
v847,"""NA - People with HIV should be ashamed of themselves"""
v848,"""NA - People with HIV should be blamed for bringing disease to community"""
v849,"""NA - Children 12-14 should be taught to wait for sex until marriage"""
v850a,"""Respondent can refuse sex"""
v850b,"""Respondent can ask partner to use a condom"""
v851a,"""NA - Young men should wait for sex until marriage"""
v851b,"""NA - Most young men wait for sex until marriage"""
v851c,"""NA - Unmarried sexually active men should only having sex with one partner"""
v851d,"""NA - Most unmarried sexually active men have only one partner"""
v851e,"""NA - Married men should only have sex with their wives"""
v851f,"""NA - Most married men only have sex with their wives"""
v851g,"""NA - NA - Young women should wait for sex until marriage"""
v851h,"""NA - Most young women wait for sex until marriage"""
v851i,"""NA - Unmarried sexually active women should have only one partner"""
v851j,"""NA - Most unmarried sexually active women have only one partner"""
v851k,"""NA - Married women should only have sex with their husbands"""
v851l,"""NA - Most married women only have sex with their husbands"""
v852a,"""How long ago first had sex with most recent partner"""
v852b,"""How long ago first had sex with 2nd most recent partner"""
v852c,"""How long ago first had sex with 3rd most recent partner"""
v853a,"""Times in last 12 months had sex with most recent partner"""
v853b,"""Times in last 12 months had sex with 2nd most recent partner"""
v853c,"""Times in last 12 months had sex with 3rd most recent partner"""
v854a,"""Point concurrent sexual partners"""
v854b,"""Cumulative concurrent sexual partners"""
v855,"""Received counseling after tested for AIDS during antenatal care"""
v856,"""Knowledge and use of HIV test kits"""
v857a,"""Children with HIV should be allowed to attend school with children without HIV"""
v857b,"""People hesitate to take HIV test because reaction of other people if positive"""
v857c,"""People talk badly about people with or believed to have HIV"""
v857d,"""People with or believed to have HIV lose respect from other people"""
v858,"""Would be afraid to get HIV from contact with saliva from infected person"""
v801,"""Time interview started (hhmm - 24 hour clock)"""
v802,"""Time interview ended (hhmm - 24 hour clock)"""
v803,"""Length of interview in minutes"""
v804,"""Number of visits"""
v805,"""Interviewer identification"""
v806,"""NA - Keyer identification"""
v811,"""Presence of children < 10 for 'Wife beating justified' questions"""
v812,"""Presence of husband for 'Wife beating justified' questions"""
v813,"""Presence of other males for 'Wife beating justified' questions"""
v814,"""Presence of other females for 'Wife beating justified' questions"""
v815a,"""Presence of children < 10 during sexual activity section"""
v815b,"""Presence of male adults during sexual activity section"""
v815c,"""Presence of female adults during sexual activity section"""
vcol_1,"""Calendar column number"""
vcol_2,"""Calendar column number"""
vcol_3,"""Calendar column number"""
vcol_4,"""Calendar column number"""
vcol_5,"""Calendar column number"""
vcol_6,"""Calendar column number"""
vcol_7,"""Calendar column number"""
vcol_8,"""Calendar column number"""
vcol_9,"""Calendar column number"""
vcal_1,"""Calendar"""
vcal_2,"""Calendar"""
vcal_3,"""Calendar"""
vcal_4,"""Calendar"""
vcal_5,"""Calendar"""
vcal_6,"""Calendar"""
vcal_7,"""Calendar"""
vcal_8,"""Calendar"""
vcal_9,"""Calendar"""
mmidx_01,"""Index to Maternal Mortality"""
mmidx_02,"""Index to Maternal Mortality"""
mmidx_03,"""Index to Maternal Mortality"""
mmidx_04,"""Index to Maternal Mortality"""
mmidx_05,"""Index to Maternal Mortality"""
mmidx_06,"""Index to Maternal Mortality"""
mmidx_07,"""Index to Maternal Mortality"""
mmidx_08,"""Index to Maternal Mortality"""
mmidx_09,"""Index to Maternal Mortality"""
mmidx_10,"""Index to Maternal Mortality"""
mmidx_11,"""Index to Maternal Mortality"""
mmidx_12,"""Index to Maternal Mortality"""
mmidx_13,"""Index to Maternal Mortality"""
mmidx_14,"""Index to Maternal Mortality"""
mmidx_15,"""Index to Maternal Mortality"""
mmidx_16,"""Index to Maternal Mortality"""
mmidx_17,"""Index to Maternal Mortality"""
mmidx_18,"""Index to Maternal Mortality"""
mmidx_19,"""Index to Maternal Mortality"""
mmidx_20,"""Index to Maternal Mortality"""
mm1_01,"""Sex of sibling"""
mm1_02,"""Sex of sibling"""
mm1_03,"""Sex of sibling"""
mm1_04,"""Sex of sibling"""
mm1_05,"""Sex of sibling"""
mm1_06,"""Sex of sibling"""
mm1_07,"""Sex of sibling"""
mm1_08,"""Sex of sibling"""
mm1_09,"""Sex of sibling"""
mm1_10,"""Sex of sibling"""
mm1_11,"""Sex of sibling"""
mm1_12,"""Sex of sibling"""
mm1_13,"""Sex of sibling"""
mm1_14,"""Sex of sibling"""
mm1_15,"""Sex of sibling"""
mm1_16,"""Sex of sibling"""
mm1_17,"""Sex of sibling"""
mm1_18,"""Sex of sibling"""
mm1_19,"""Sex of sibling"""
mm1_20,"""Sex of sibling"""
mm2_01,"""Survival status of sibling"""
mm2_02,"""Survival status of sibling"""
mm2_03,"""Survival status of sibling"""
mm2_04,"""Survival status of sibling"""
mm2_05,"""Survival status of sibling"""
mm2_06,"""Survival status of sibling"""
mm2_07,"""Survival status of sibling"""
mm2_08,"""Survival status of sibling"""
mm2_09,"""Survival status of sibling"""
mm2_10,"""Survival status of sibling"""
mm2_11,"""Survival status of sibling"""
mm2_12,"""Survival status of sibling"""
mm2_13,"""Survival status of sibling"""
mm2_14,"""Survival status of sibling"""
mm2_15,"""Survival status of sibling"""
mm2_16,"""Survival status of sibling"""
mm2_17,"""Survival status of sibling"""
mm2_18,"""Survival status of sibling"""
mm2_19,"""Survival status of sibling"""
mm2_20,"""Survival status of sibling"""
mm3_01,"""Sibling's current age"""
mm3_02,"""Sibling's current age"""
mm3_03,"""Sibling's current age"""
mm3_04,"""Sibling's current age"""
mm3_05,"""Sibling's current age"""
mm3_06,"""Sibling's current age"""
mm3_07,"""Sibling's current age"""
mm3_08,"""Sibling's current age"""
mm3_09,"""Sibling's current age"""
mm3_10,"""Sibling's current age"""
mm3_11,"""Sibling's current age"""
mm3_12,"""Sibling's current age"""
mm3_13,"""Sibling's current age"""
mm3_14,"""Sibling's current age"""
mm3_15,"""Sibling's current age"""
mm3_16,"""Sibling's current age"""
mm3_17,"""Sibling's current age"""
mm3_18,"""Sibling's current age"""
mm3_19,"""Sibling's current age"""
mm3_20,"""Sibling's current age"""
mm4_01,"""Sibling's date of birth (CMC)"""
mm4_02,"""Sibling's date of birth (CMC)"""
mm4_03,"""Sibling's date of birth (CMC)"""
mm4_04,"""Sibling's date of birth (CMC)"""
mm4_05,"""Sibling's date of birth (CMC)"""
mm4_06,"""Sibling's date of birth (CMC)"""
mm4_07,"""Sibling's date of birth (CMC)"""
mm4_08,"""Sibling's date of birth (CMC)"""
mm4_09,"""Sibling's date of birth (CMC)"""
mm4_10,"""Sibling's date of birth (CMC)"""
mm4_11,"""Sibling's date of birth (CMC)"""
mm4_12,"""Sibling's date of birth (CMC)"""
mm4_13,"""Sibling's date of birth (CMC)"""
mm4_14,"""Sibling's date of birth (CMC)"""
mm4_15,"""Sibling's date of birth (CMC)"""
mm4_16,"""Sibling's date of birth (CMC)"""
mm4_17,"""Sibling's date of birth (CMC)"""
mm4_18,"""Sibling's date of birth (CMC)"""
mm4_19,"""Sibling's date of birth (CMC)"""
mm4_20,"""Sibling's date of birth (CMC)"""
mm5_01,"""NA - Sibling's marital status"""
mm5_02,"""NA - Sibling's marital status"""
mm5_03,"""NA - Sibling's marital status"""
mm5_04,"""NA - Sibling's marital status"""
mm5_05,"""NA - Sibling's marital status"""
mm5_06,"""NA - Sibling's marital status"""
mm5_07,"""NA - Sibling's marital status"""
mm5_08,"""NA - Sibling's marital status"""
mm5_09,"""NA - Sibling's marital status"""
mm5_10,"""NA - Sibling's marital status"""
mm5_11,"""NA - Sibling's marital status"""
mm5_12,"""NA - Sibling's marital status"""
mm5_13,"""NA - Sibling's marital status"""
mm5_14,"""NA - Sibling's marital status"""
mm5_15,"""NA - Sibling's marital status"""
mm5_16,"""NA - Sibling's marital status"""
mm5_17,"""NA - Sibling's marital status"""
mm5_18,"""NA - Sibling's marital status"""
mm5_19,"""NA - Sibling's marital status"""
mm5_20,"""NA - Sibling's marital status"""
mm6_01,"""Years since sibling died"""
mm6_02,"""Years since sibling died"""
mm6_03,"""Years since sibling died"""
mm6_04,"""Years since sibling died"""
mm6_05,"""Years since sibling died"""
mm6_06,"""Years since sibling died"""
mm6_07,"""Years since sibling died"""
mm6_08,"""Years since sibling died"""
mm6_09,"""Years since sibling died"""
mm6_10,"""Years since sibling died"""
mm6_11,"""Years since sibling died"""
mm6_12,"""Years since sibling died"""
mm6_13,"""Years since sibling died"""
mm6_14,"""Years since sibling died"""
mm6_15,"""Years since sibling died"""
mm6_16,"""Years since sibling died"""
mm6_17,"""Years since sibling died"""
mm6_18,"""Years since sibling died"""
mm6_19,"""Years since sibling died"""
mm6_20,"""Years since sibling died"""
mm7_01,"""Sibling's age at death"""
mm7_02,"""Sibling's age at death"""
mm7_03,"""Sibling's age at death"""
mm7_04,"""Sibling's age at death"""
mm7_05,"""Sibling's age at death"""
mm7_06,"""Sibling's age at death"""
mm7_07,"""Sibling's age at death"""
mm7_08,"""Sibling's age at death"""
mm7_09,"""Sibling's age at death"""
mm7_10,"""Sibling's age at death"""
mm7_11,"""Sibling's age at death"""
mm7_12,"""Sibling's age at death"""
mm7_13,"""Sibling's age at death"""
mm7_14,"""Sibling's age at death"""
mm7_15,"""Sibling's age at death"""
mm7_16,"""Sibling's age at death"""
mm7_17,"""Sibling's age at death"""
mm7_18,"""Sibling's age at death"""
mm7_19,"""Sibling's age at death"""
mm7_20,"""Sibling's age at death"""
mm8_01,"""Date of death of sibling (CMC)"""
mm8_02,"""Date of death of sibling (CMC)"""
mm8_03,"""Date of death of sibling (CMC)"""
mm8_04,"""Date of death of sibling (CMC)"""
mm8_05,"""Date of death of sibling (CMC)"""
mm8_06,"""Date of death of sibling (CMC)"""
mm8_07,"""Date of death of sibling (CMC)"""
mm8_08,"""Date of death of sibling (CMC)"""
mm8_09,"""Date of death of sibling (CMC)"""
mm8_10,"""Date of death of sibling (CMC)"""
mm8_11,"""Date of death of sibling (CMC)"""
mm8_12,"""Date of death of sibling (CMC)"""
mm8_13,"""Date of death of sibling (CMC)"""
mm8_14,"""Date of death of sibling (CMC)"""
mm8_15,"""Date of death of sibling (CMC)"""
mm8_16,"""Date of death of sibling (CMC)"""
mm8_17,"""Date of death of sibling (CMC)"""
mm8_18,"""Date of death of sibling (CMC)"""
mm8_19,"""Date of death of sibling (CMC)"""
mm8_20,"""Date of death of sibling (CMC)"""
mm9_01,"""Sibling's death and pregnancy"""
mm9_02,"""Sibling's death and pregnancy"""
mm9_03,"""Sibling's death and pregnancy"""
mm9_04,"""Sibling's death and pregnancy"""
mm9_05,"""Sibling's death and pregnancy"""
mm9_06,"""Sibling's death and pregnancy"""
mm9_07,"""Sibling's death and pregnancy"""
mm9_08,"""Sibling's death and pregnancy"""
mm9_09,"""Sibling's death and pregnancy"""
mm9_10,"""Sibling's death and pregnancy"""
mm9_11,"""Sibling's death and pregnancy"""
mm9_12,"""Sibling's death and pregnancy"""
mm9_13,"""Sibling's death and pregnancy"""
mm9_14,"""Sibling's death and pregnancy"""
mm9_15,"""Sibling's death and pregnancy"""
mm9_16,"""Sibling's death and pregnancy"""
mm9_17,"""Sibling's death and pregnancy"""
mm9_18,"""Sibling's death and pregnancy"""
mm9_19,"""Sibling's death and pregnancy"""
mm9_20,"""Sibling's death and pregnancy"""
mm10_01,"""NA - Death and a pregnancy are related"""
mm10_02,"""NA - Death and a pregnancy are related"""
mm10_03,"""NA - Death and a pregnancy are related"""
mm10_04,"""NA - Death and a pregnancy are related"""
mm10_05,"""NA - Death and a pregnancy are related"""
mm10_06,"""NA - Death and a pregnancy are related"""
mm10_07,"""NA - Death and a pregnancy are related"""
mm10_08,"""NA - Death and a pregnancy are related"""
mm10_09,"""NA - Death and a pregnancy are related"""
mm10_10,"""NA - Death and a pregnancy are related"""
mm10_11,"""NA - Death and a pregnancy are related"""
mm10_12,"""NA - Death and a pregnancy are related"""
mm10_13,"""NA - Death and a pregnancy are related"""
mm10_14,"""NA - Death and a pregnancy are related"""
mm10_15,"""NA - Death and a pregnancy are related"""
mm10_16,"""NA - Death and a pregnancy are related"""
mm10_17,"""NA - Death and a pregnancy are related"""
mm10_18,"""NA - Death and a pregnancy are related"""
mm10_19,"""NA - Death and a pregnancy are related"""
mm10_20,"""NA - Death and a pregnancy are related"""
mm11_01,"""NA - Cause of death sibling"""
mm11_02,"""NA - Cause of death sibling"""
mm11_03,"""NA - Cause of death sibling"""
mm11_04,"""NA - Cause of death sibling"""
mm11_05,"""NA - Cause of death sibling"""
mm11_06,"""NA - Cause of death sibling"""
mm11_07,"""NA - Cause of death sibling"""
mm11_08,"""NA - Cause of death sibling"""
mm11_09,"""NA - Cause of death sibling"""
mm11_10,"""NA - Cause of death sibling"""
mm11_11,"""NA - Cause of death sibling"""
mm11_12,"""NA - Cause of death sibling"""
mm11_13,"""NA - Cause of death sibling"""
mm11_14,"""NA - Cause of death sibling"""
mm11_15,"""NA - Cause of death sibling"""
mm11_16,"""NA - Cause of death sibling"""
mm11_17,"""NA - Cause of death sibling"""
mm11_18,"""NA - Cause of death sibling"""
mm11_19,"""NA - Cause of death sibling"""
mm11_20,"""NA - Cause of death sibling"""
mm12_01,"""Amount of time between sibling's delivery and death"""
mm12_02,"""Amount of time between sibling's delivery and death"""
mm12_03,"""Amount of time between sibling's delivery and death"""
mm12_04,"""Amount of time between sibling's delivery and death"""
mm12_05,"""Amount of time between sibling's delivery and death"""
mm12_06,"""Amount of time between sibling's delivery and death"""
mm12_07,"""Amount of time between sibling's delivery and death"""
mm12_08,"""Amount of time between sibling's delivery and death"""
mm12_09,"""Amount of time between sibling's delivery and death"""
mm12_10,"""Amount of time between sibling's delivery and death"""
mm12_11,"""Amount of time between sibling's delivery and death"""
mm12_12,"""Amount of time between sibling's delivery and death"""
mm12_13,"""Amount of time between sibling's delivery and death"""
mm12_14,"""Amount of time between sibling's delivery and death"""
mm12_15,"""Amount of time between sibling's delivery and death"""
mm12_16,"""Amount of time between sibling's delivery and death"""
mm12_17,"""Amount of time between sibling's delivery and death"""
mm12_18,"""Amount of time between sibling's delivery and death"""
mm12_19,"""Amount of time between sibling's delivery and death"""
mm12_20,"""Amount of time between sibling's delivery and death"""
mm13_01,"""NA - Place of sibling's death"""
mm13_02,"""NA - Place of sibling's death"""
mm13_03,"""NA - Place of sibling's death"""
mm13_04,"""NA - Place of sibling's death"""
mm13_05,"""NA - Place of sibling's death"""
mm13_06,"""NA - Place of sibling's death"""
mm13_07,"""NA - Place of sibling's death"""
mm13_08,"""NA - Place of sibling's death"""
mm13_09,"""NA - Place of sibling's death"""
mm13_10,"""NA - Place of sibling's death"""
mm13_11,"""NA - Place of sibling's death"""
mm13_12,"""NA - Place of sibling's death"""
mm13_13,"""NA - Place of sibling's death"""
mm13_14,"""NA - Place of sibling's death"""
mm13_15,"""NA - Place of sibling's death"""
mm13_16,"""NA - Place of sibling's death"""
mm13_17,"""NA - Place of sibling's death"""
mm13_18,"""NA - Place of sibling's death"""
mm13_19,"""NA - Place of sibling's death"""
mm13_20,"""NA - Place of sibling's death"""
mm14_01,"""NA - Number of sibling's children"""
mm14_02,"""NA - Number of sibling's children"""
mm14_03,"""NA - Number of sibling's children"""
mm14_04,"""NA - Number of sibling's children"""
mm14_05,"""NA - Number of sibling's children"""
mm14_06,"""NA - Number of sibling's children"""
mm14_07,"""NA - Number of sibling's children"""
mm14_08,"""NA - Number of sibling's children"""
mm14_09,"""NA - Number of sibling's children"""
mm14_10,"""NA - Number of sibling's children"""
mm14_11,"""NA - Number of sibling's children"""
mm14_12,"""NA - Number of sibling's children"""
mm14_13,"""NA - Number of sibling's children"""
mm14_14,"""NA - Number of sibling's children"""
mm14_15,"""NA - Number of sibling's children"""
mm14_16,"""NA - Number of sibling's children"""
mm14_17,"""NA - Number of sibling's children"""
mm14_18,"""NA - Number of sibling's children"""
mm14_19,"""NA - Number of sibling's children"""
mm14_20,"""NA - Number of sibling's children"""
mm15_01,"""NA - Sibling's year of death"""
mm15_02,"""NA - Sibling's year of death"""
mm15_03,"""NA - Sibling's year of death"""
mm15_04,"""NA - Sibling's year of death"""
mm15_05,"""NA - Sibling's year of death"""
mm15_06,"""NA - Sibling's year of death"""
mm15_07,"""NA - Sibling's year of death"""
mm15_08,"""NA - Sibling's year of death"""
mm15_09,"""NA - Sibling's year of death"""
mm15_10,"""NA - Sibling's year of death"""
mm15_11,"""NA - Sibling's year of death"""
mm15_12,"""NA - Sibling's year of death"""
mm15_13,"""NA - Sibling's year of death"""
mm15_14,"""NA - Sibling's year of death"""
mm15_15,"""NA - Sibling's year of death"""
mm15_16,"""NA - Sibling's year of death"""
mm15_17,"""NA - Sibling's year of death"""
mm15_18,"""NA - Sibling's year of death"""
mm15_19,"""NA - Sibling's year of death"""
mm15_20,"""NA - Sibling's year of death"""
mm16_01,"""Sibling's death due to violence or accident"""
mm16_02,"""Sibling's death due to violence or accident"""
mm16_03,"""Sibling's death due to violence or accident"""
mm16_04,"""Sibling's death due to violence or accident"""
mm16_05,"""Sibling's death due to violence or accident"""
mm16_06,"""Sibling's death due to violence or accident"""
mm16_07,"""Sibling's death due to violence or accident"""
mm16_08,"""Sibling's death due to violence or accident"""
mm16_09,"""Sibling's death due to violence or accident"""
mm16_10,"""Sibling's death due to violence or accident"""
mm16_11,"""Sibling's death due to violence or accident"""
mm16_12,"""Sibling's death due to violence or accident"""
mm16_13,"""Sibling's death due to violence or accident"""
mm16_14,"""Sibling's death due to violence or accident"""
mm16_15,"""Sibling's death due to violence or accident"""
mm16_16,"""Sibling's death due to violence or accident"""
mm16_17,"""Sibling's death due to violence or accident"""
mm16_18,"""Sibling's death due to violence or accident"""
mm16_19,"""Sibling's death due to violence or accident"""
mm16_20,"""Sibling's death due to violence or accident"""
mmc1,"""Number of siblings of respondent"""
mmc2,"""Number of siblings born before respondent's birth"""
mmc3,"""NA - Sister's reporting***"""
mmc4_1,"""NA - Sister's line number from Household Schedule***"""
mmc4_2,"""NA - Sister's line number from Household Schedule***"""
mmc4_3,"""NA - Sister's line number from Household Schedule***"""
mmc4_4,"""NA - Sister's line number from Household Schedule***"""
mmc4_5,"""NA - Sister's line number from Household Schedule***"""
mmc4_6,"""NA - Sister's line number from Household Schedule***"""
mmc5,"""Cut off age for Maternal Mortality collection (in questionnaire)"""
idxml_1,"""Index to Birth History"""
idxml_2,"""Index to Birth History"""
idxml_3,"""Index to Birth History"""
idxml_4,"""Index to Birth History"""
idxml_5,"""Index to Birth History"""
idxml_6,"""Index to Birth History"""
ml0_1,"""Type of mosquito bed net(s) child slept under last night"""
ml0_2,"""Type of mosquito bed net(s) child slept under last night"""
ml0_3,"""Type of mosquito bed net(s) child slept under last night"""
ml0_4,"""Type of mosquito bed net(s) child slept under last night"""
ml0_5,"""Type of mosquito bed net(s) child slept under last night"""
ml0_6,"""Type of mosquito bed net(s) child slept under last night"""
ml1_1,"""Number of times took fansidar during pregnancy"""
ml1_2,"""Number of times took fansidar during pregnancy"""
ml1_3,"""Number of times took fansidar during pregnancy"""
ml1_4,"""Number of times took fansidar during pregnancy"""
ml1_5,"""Number of times took fansidar during pregnancy"""
ml1_6,"""Number of times took fansidar during pregnancy"""
ml2_1,"""Source of antimalarial during pregnancy"""
ml2_2,"""Source of antimalarial during pregnancy"""
ml2_3,"""Source of antimalarial during pregnancy"""
ml2_4,"""Source of antimalarial during pregnancy"""
ml2_5,"""Source of antimalarial during pregnancy"""
ml2_6,"""Source of antimalarial during pregnancy"""
ml11_1,"""NA - Child has fever/cough now"""
ml11_2,"""NA - Child has fever/cough now"""
ml11_3,"""NA - Child has fever/cough now"""
ml11_4,"""NA - Child has fever/cough now"""
ml11_5,"""NA - Child has fever/cough now"""
ml11_6,"""NA - Child has fever/cough now"""
ml12_1,"""NA - Child has had convulsions in last 2 weeks"""
ml12_2,"""NA - Child has had convulsions in last 2 weeks"""
ml12_3,"""NA - Child has had convulsions in last 2 weeks"""
ml12_4,"""NA - Child has had convulsions in last 2 weeks"""
ml12_5,"""NA - Child has had convulsions in last 2 weeks"""
ml12_6,"""NA - Child has had convulsions in last 2 weeks"""
ml13a_1,"""SP / Fansidar / Novidar SP taken for fever"""
ml13a_2,"""SP / Fansidar / Novidar SP taken for fever"""
ml13a_3,"""SP / Fansidar / Novidar SP taken for fever"""
ml13a_4,"""SP / Fansidar / Novidar SP taken for fever"""
ml13a_5,"""SP / Fansidar / Novidar SP taken for fever"""
ml13a_6,"""SP / Fansidar / Novidar SP taken for fever"""
ml13b_1,"""NA - Chloroquine taken for fever"""
ml13b_2,"""NA - Chloroquine taken for fever"""
ml13b_3,"""NA - Chloroquine taken for fever"""
ml13b_4,"""NA - Chloroquine taken for fever"""
ml13b_5,"""NA - Chloroquine taken for fever"""
ml13b_6,"""NA - Chloroquine taken for fever"""
ml13c_1,"""NA - Amodiaquine taken for fever"""
ml13c_2,"""NA - Amodiaquine taken for fever"""
ml13c_3,"""NA - Amodiaquine taken for fever"""
ml13c_4,"""NA - Amodiaquine taken for fever"""
ml13c_5,"""NA - Amodiaquine taken for fever"""
ml13c_6,"""NA - Amodiaquine taken for fever"""
ml13d_1,"""Quinine tablets taken for fever"""
ml13d_2,"""Quinine tablets taken for fever"""
ml13d_3,"""Quinine tablets taken for fever"""
ml13d_4,"""Quinine tablets taken for fever"""
ml13d_5,"""Quinine tablets taken for fever"""
ml13d_6,"""Quinine tablets taken for fever"""
ml13da_1,"""Quinine injection/IV taken for fever"""
ml13da_2,"""Quinine injection/IV taken for fever"""
ml13da_3,"""Quinine injection/IV taken for fever"""
ml13da_4,"""Quinine injection/IV taken for fever"""
ml13da_5,"""Quinine injection/IV taken for fever"""
ml13da_6,"""Quinine injection/IV taken for fever"""
ml13e_1,"""NA - Combination with artemisinin taken for fever"""
ml13e_2,"""NA - Combination with artemisinin taken for fever"""
ml13e_3,"""NA - Combination with artemisinin taken for fever"""
ml13e_4,"""NA - Combination with artemisinin taken for fever"""
ml13e_5,"""NA - Combination with artemisinin taken for fever"""
ml13e_6,"""NA - Combination with artemisinin taken for fever"""
ml13aa_1,"""Artesunate rectal taken for fever"""
ml13aa_2,"""Artesunate rectal taken for fever"""
ml13aa_3,"""Artesunate rectal taken for fever"""
ml13aa_4,"""Artesunate rectal taken for fever"""
ml13aa_5,"""Artesunate rectal taken for fever"""
ml13aa_6,"""Artesunate rectal taken for fever"""
ml13ab_1,"""Artesunate injection/IV taken for fever"""
ml13ab_2,"""Artesunate injection/IV taken for fever"""
ml13ab_3,"""Artesunate injection/IV taken for fever"""
ml13ab_4,"""Artesunate injection/IV taken for fever"""
ml13ab_5,"""Artesunate injection/IV taken for fever"""
ml13ab_6,"""Artesunate injection/IV taken for fever"""
ml13f_1,"""LA: Lumefantrine and Artemeter = COARTEM taken for fever"""
ml13f_2,"""LA: Lumefantrine and Artemeter = COARTEM taken for fever"""
ml13f_3,"""LA: Lumefantrine and Artemeter = COARTEM taken for fever"""
ml13f_4,"""LA: Lumefantrine and Artemeter = COARTEM taken for fever"""
ml13f_5,"""LA: Lumefantrine and Artemeter = COARTEM taken for fever"""
ml13f_6,"""LA: Lumefantrine and Artemeter = COARTEM taken for fever"""
ml13g_1,"""ASAQ: combined amodiaquine and artesunate taken for fever"""
ml13g_2,"""ASAQ: combined amodiaquine and artesunate taken for fever"""
ml13g_3,"""ASAQ: combined amodiaquine and artesunate taken for fever"""
ml13g_4,"""ASAQ: combined amodiaquine and artesunate taken for fever"""
ml13g_5,"""ASAQ: combined amodiaquine and artesunate taken for fever"""
ml13g_6,"""ASAQ: combined amodiaquine and artesunate taken for fever"""
ml13h_1,"""Other antimalarial taken for fever"""
ml13h_2,"""Other antimalarial taken for fever"""
ml13h_3,"""Other antimalarial taken for fever"""
ml13h_4,"""Other antimalarial taken for fever"""
ml13h_5,"""Other antimalarial taken for fever"""
ml13h_6,"""Other antimalarial taken for fever"""
ml13i_1,"""Antibiotic pill/syrup taken for fever"""
ml13i_2,"""Antibiotic pill/syrup taken for fever"""
ml13i_3,"""Antibiotic pill/syrup taken for fever"""
ml13i_4,"""Antibiotic pill/syrup taken for fever"""
ml13i_5,"""Antibiotic pill/syrup taken for fever"""
ml13i_6,"""Antibiotic pill/syrup taken for fever"""
ml13j_1,"""Antibiotic injection taken for fever"""
ml13j_2,"""Antibiotic injection taken for fever"""
ml13j_3,"""Antibiotic injection taken for fever"""
ml13j_4,"""Antibiotic injection taken for fever"""
ml13j_5,"""Antibiotic injection taken for fever"""
ml13j_6,"""Antibiotic injection taken for fever"""
ml13k_1,"""Aspirin taken for fever"""
ml13k_2,"""Aspirin taken for fever"""
ml13k_3,"""Aspirin taken for fever"""
ml13k_4,"""Aspirin taken for fever"""
ml13k_5,"""Aspirin taken for fever"""
ml13k_6,"""Aspirin taken for fever"""
ml13l_1,"""Acetaminophen/paracetamol/panadol taken for fever"""
ml13l_2,"""Acetaminophen/paracetamol/panadol taken for fever"""
ml13l_3,"""Acetaminophen/paracetamol/panadol taken for fever"""
ml13l_4,"""Acetaminophen/paracetamol/panadol taken for fever"""
ml13l_5,"""Acetaminophen/paracetamol/panadol taken for fever"""
ml13l_6,"""Acetaminophen/paracetamol/panadol taken for fever"""
ml13m_1,"""Ibuprofen taken for fever"""
ml13m_2,"""Ibuprofen taken for fever"""
ml13m_3,"""Ibuprofen taken for fever"""
ml13m_4,"""Ibuprofen taken for fever"""
ml13m_5,"""Ibuprofen taken for fever"""
ml13m_6,"""Ibuprofen taken for fever"""
ml13n_1,"""NA - CS other taken for fever"""
ml13n_2,"""NA - CS other taken for fever"""
ml13n_3,"""NA - CS other taken for fever"""
ml13n_4,"""NA - CS other taken for fever"""
ml13n_5,"""NA - CS other taken for fever"""
ml13n_6,"""NA - CS other taken for fever"""
ml13o_1,"""NA - CS other taken for fever"""
ml13o_2,"""NA - CS other taken for fever"""
ml13o_3,"""NA - CS other taken for fever"""
ml13o_4,"""NA - CS other taken for fever"""
ml13o_5,"""NA - CS other taken for fever"""
ml13o_6,"""NA - CS other taken for fever"""
ml13p_1,"""NA - CS other taken for fever"""
ml13p_2,"""NA - CS other taken for fever"""
ml13p_3,"""NA - CS other taken for fever"""
ml13p_4,"""NA - CS other taken for fever"""
ml13p_5,"""NA - CS other taken for fever"""
ml13p_6,"""NA - CS other taken for fever"""
ml13x_1,"""Other taken for fever"""
ml13x_2,"""Other taken for fever"""
ml13x_3,"""Other taken for fever"""
ml13x_4,"""Other taken for fever"""
ml13x_5,"""Other taken for fever"""
ml13x_6,"""Other taken for fever"""
ml13y_1,"""Nothing taken and didn't seek treatment for fever/cough"""
ml13y_2,"""Nothing taken and didn't seek treatment for fever/cough"""
ml13y_3,"""Nothing taken and didn't seek treatment for fever/cough"""
ml13y_4,"""Nothing taken and didn't seek treatment for fever/cough"""
ml13y_5,"""Nothing taken and didn't seek treatment for fever/cough"""
ml13y_6,"""Nothing taken and didn't seek treatment for fever/cough"""
ml13z_1,"""Don't know if or what was taken for fever"""
ml13z_2,"""Don't know if or what was taken for fever"""
ml13z_3,"""Don't know if or what was taken for fever"""
ml13z_4,"""Don't know if or what was taken for fever"""
ml13z_5,"""Don't know if or what was taken for fever"""
ml13z_6,"""Don't know if or what was taken for fever"""
ml14a_1,"""NA - Injection given for fever/convulsion***"""
ml14a_2,"""NA - Injection given for fever/convulsion***"""
ml14a_3,"""NA - Injection given for fever/convulsion***"""
ml14a_4,"""NA - Injection given for fever/convulsion***"""
ml14a_5,"""NA - Injection given for fever/convulsion***"""
ml14a_6,"""NA - Injection given for fever/convulsion***"""
ml14b_1,"""NA - Suppository given for fever/convulsion***"""
ml14b_2,"""NA - Suppository given for fever/convulsion***"""
ml14b_3,"""NA - Suppository given for fever/convulsion***"""
ml14b_4,"""NA - Suppository given for fever/convulsion***"""
ml14b_5,"""NA - Suppository given for fever/convulsion***"""
ml14b_6,"""NA - Suppository given for fever/convulsion***"""
ml14y_1,"""NA - No suppository or injection given for fever/convulsion***"""
ml14y_2,"""NA - No suppository or injection given for fever/convulsion***"""
ml14y_3,"""NA - No suppository or injection given for fever/convulsion***"""
ml14y_4,"""NA - No suppository or injection given for fever/convulsion***"""
ml14y_5,"""NA - No suppository or injection given for fever/convulsion***"""
ml14y_6,"""NA - No suppository or injection given for fever/convulsion***"""
ml14z_1,"""NA - Don't know if suppository or injection given for fever/convulsion***"""
ml14z_2,"""NA - Don't know if suppository or injection given for fever/convulsion***"""
ml14z_3,"""NA - Don't know if suppository or injection given for fever/convulsion***"""
ml14z_4,"""NA - Don't know if suppository or injection given for fever/convulsion***"""
ml14z_5,"""NA - Don't know if suppository or injection given for fever/convulsion***"""
ml14z_6,"""NA - Don't know if suppository or injection given for fever/convulsion***"""
ml15a_1,"""Timing of start of fansidar"""
ml15a_2,"""Timing of start of fansidar"""
ml15a_3,"""Timing of start of fansidar"""
ml15a_4,"""Timing of start of fansidar"""
ml15a_5,"""Timing of start of fansidar"""
ml15a_6,"""Timing of start of fansidar"""
ml15b_1,"""NA - Number of days child took fansidar"""
ml15b_2,"""NA - Number of days child took fansidar"""
ml15b_3,"""NA - Number of days child took fansidar"""
ml15b_4,"""NA - Number of days child took fansidar"""
ml15b_5,"""NA - Number of days child took fansidar"""
ml15b_6,"""NA - Number of days child took fansidar"""
ml15c_1,"""NA - First source for fansidar"""
ml15c_2,"""NA - First source for fansidar"""
ml15c_3,"""NA - First source for fansidar"""
ml15c_4,"""NA - First source for fansidar"""
ml15c_5,"""NA - First source for fansidar"""
ml15c_6,"""NA - First source for fansidar"""
ml16a_1,"""NA - Timing of start of chloroquine"""
ml16a_2,"""NA - Timing of start of chloroquine"""
ml16a_3,"""NA - Timing of start of chloroquine"""
ml16a_4,"""NA - Timing of start of chloroquine"""
ml16a_5,"""NA - Timing of start of chloroquine"""
ml16a_6,"""NA - Timing of start of chloroquine"""
ml16b_1,"""NA - Number of days child took chloroquine"""
ml16b_2,"""NA - Number of days child took chloroquine"""
ml16b_3,"""NA - Number of days child took chloroquine"""
ml16b_4,"""NA - Number of days child took chloroquine"""
ml16b_5,"""NA - Number of days child took chloroquine"""
ml16b_6,"""NA - Number of days child took chloroquine"""
ml16c_1,"""NA - First source for chloroquine"""
ml16c_2,"""NA - First source for chloroquine"""
ml16c_3,"""NA - First source for chloroquine"""
ml16c_4,"""NA - First source for chloroquine"""
ml16c_5,"""NA - First source for chloroquine"""
ml16c_6,"""NA - First source for chloroquine"""
ml17a_1,"""NA - Timing of start of amodiaquine"""
ml17a_2,"""NA - Timing of start of amodiaquine"""
ml17a_3,"""NA - Timing of start of amodiaquine"""
ml17a_4,"""NA - Timing of start of amodiaquine"""
ml17a_5,"""NA - Timing of start of amodiaquine"""
ml17a_6,"""NA - Timing of start of amodiaquine"""
ml17b_1,"""NA - Number of days child took amodiaquine"""
ml17b_2,"""NA - Number of days child took amodiaquine"""
ml17b_3,"""NA - Number of days child took amodiaquine"""
ml17b_4,"""NA - Number of days child took amodiaquine"""
ml17b_5,"""NA - Number of days child took amodiaquine"""
ml17b_6,"""NA - Number of days child took amodiaquine"""
ml17c_1,"""NA - First source for amodiaquine"""
ml17c_2,"""NA - First source for amodiaquine"""
ml17c_3,"""NA - First source for amodiaquine"""
ml17c_4,"""NA - First source for amodiaquine"""
ml17c_5,"""NA - First source for amodiaquine"""
ml17c_6,"""NA - First source for amodiaquine"""
ml18a_1,"""Timing of start of quinine"""
ml18a_2,"""Timing of start of quinine"""
ml18a_3,"""Timing of start of quinine"""
ml18a_4,"""Timing of start of quinine"""
ml18a_5,"""Timing of start of quinine"""
ml18a_6,"""Timing of start of quinine"""
ml18b_1,"""NA - Number of days child took quinine"""
ml18b_2,"""NA - Number of days child took quinine"""
ml18b_3,"""NA - Number of days child took quinine"""
ml18b_4,"""NA - Number of days child took quinine"""
ml18b_5,"""NA - Number of days child took quinine"""
ml18b_6,"""NA - Number of days child took quinine"""
ml18c_1,"""NA - First source for quinine"""
ml18c_2,"""NA - First source for quinine"""
ml18c_3,"""NA - First source for quinine"""
ml18c_4,"""NA - First source for quinine"""
ml18c_5,"""NA - First source for quinine"""
ml18c_6,"""NA - First source for quinine"""
ml19a_1,"""NA - For fever/convulsion: consulted traditional healer***"""
ml19a_2,"""NA - For fever/convulsion: consulted traditional healer***"""
ml19a_3,"""NA - For fever/convulsion: consulted traditional healer***"""
ml19a_4,"""NA - For fever/convulsion: consulted traditional healer***"""
ml19a_5,"""NA - For fever/convulsion: consulted traditional healer***"""
ml19a_6,"""NA - For fever/convulsion: consulted traditional healer***"""
ml19b_1,"""NA - For fever/convulsion: gave tepid sponging***"""
ml19b_2,"""NA - For fever/convulsion: gave tepid sponging***"""
ml19b_3,"""NA - For fever/convulsion: gave tepid sponging***"""
ml19b_4,"""NA - For fever/convulsion: gave tepid sponging***"""
ml19b_5,"""NA - For fever/convulsion: gave tepid sponging***"""
ml19b_6,"""NA - For fever/convulsion: gave tepid sponging***"""
ml19c_1,"""NA - For fever/convulsion: gave herbs***"""
ml19c_2,"""NA - For fever/convulsion: gave herbs***"""
ml19c_3,"""NA - For fever/convulsion: gave herbs***"""
ml19c_4,"""NA - For fever/convulsion: gave herbs***"""
ml19c_5,"""NA - For fever/convulsion: gave herbs***"""
ml19c_6,"""NA - For fever/convulsion: gave herbs***"""
ml19d_1,"""NA - For fever/convulsion: CS***"""
ml19d_2,"""NA - For fever/convulsion: CS***"""
ml19d_3,"""NA - For fever/convulsion: CS***"""
ml19d_4,"""NA - For fever/convulsion: CS***"""
ml19d_5,"""NA - For fever/convulsion: CS***"""
ml19d_6,"""NA - For fever/convulsion: CS***"""
ml19e_1,"""NA - For fever/convulsion: CS***"""
ml19e_2,"""NA - For fever/convulsion: CS***"""
ml19e_3,"""NA - For fever/convulsion: CS***"""
ml19e_4,"""NA - For fever/convulsion: CS***"""
ml19e_5,"""NA - For fever/convulsion: CS***"""
ml19e_6,"""NA - For fever/convulsion: CS***"""
ml19f_1,"""NA - For fever/convulsion: CS***"""
ml19f_2,"""NA - For fever/convulsion: CS***"""
ml19f_3,"""NA - For fever/convulsion: CS***"""
ml19f_4,"""NA - For fever/convulsion: CS***"""
ml19f_5,"""NA - For fever/convulsion: CS***"""
ml19f_6,"""NA - For fever/convulsion: CS***"""
ml19x_1,"""NA - For fever/convulsion: other***"""
ml19x_2,"""NA - For fever/convulsion: other***"""
ml19x_3,"""NA - For fever/convulsion: other***"""
ml19x_4,"""NA - For fever/convulsion: other***"""
ml19x_5,"""NA - For fever/convulsion: other***"""
ml19x_6,"""NA - For fever/convulsion: other***"""
ml19y_1,"""NA - For fever/convulsion: gave/did nothing***"""
ml19y_2,"""NA - For fever/convulsion: gave/did nothing***"""
ml19y_3,"""NA - For fever/convulsion: gave/did nothing***"""
ml19y_4,"""NA - For fever/convulsion: gave/did nothing***"""
ml19y_5,"""NA - For fever/convulsion: gave/did nothing***"""
ml19y_6,"""NA - For fever/convulsion: gave/did nothing***"""
ml19z_1,"""NA - For fever/convulsion: don't know if something else was done***"""
ml19z_2,"""NA - For fever/convulsion: don't know if something else was done***"""
ml19z_3,"""NA - For fever/convulsion: don't know if something else was done***"""
ml19z_4,"""NA - For fever/convulsion: don't know if something else was done***"""
ml19z_5,"""NA - For fever/convulsion: don't know if something else was done***"""
ml19z_6,"""NA - For fever/convulsion: don't know if something else was done***"""
ml20a_1,"""NA - Timing of start of combination with artemisinin"""
ml20a_2,"""NA - Timing of start of combination with artemisinin"""
ml20a_3,"""NA - Timing of start of combination with artemisinin"""
ml20a_4,"""NA - Timing of start of combination with artemisinin"""
ml20a_5,"""NA - Timing of start of combination with artemisinin"""
ml20a_6,"""NA - Timing of start of combination with artemisinin"""
ml20b_1,"""NA - Number of days child took combination with artemisinin"""
ml20b_2,"""NA - Number of days child took combination with artemisinin"""
ml20b_3,"""NA - Number of days child took combination with artemisinin"""
ml20b_4,"""NA - Number of days child took combination with artemisinin"""
ml20b_5,"""NA - Number of days child took combination with artemisinin"""
ml20b_6,"""NA - Number of days child took combination with artemisinin"""
ml20c_1,"""NA - First source for combination with artemisinin"""
ml20c_2,"""NA - First source for combination with artemisinin"""
ml20c_3,"""NA - First source for combination with artemisinin"""
ml20c_4,"""NA - First source for combination with artemisinin"""
ml20c_5,"""NA - First source for combination with artemisinin"""
ml20c_6,"""NA - First source for combination with artemisinin"""
ml21a_1,"""Timing of start of LA (COARTEM = Lumefantrine Artemeter) antimalarial use"""
ml21a_2,"""Timing of start of LA (COARTEM = Lumefantrine Artemeter) antimalarial use"""
ml21a_3,"""Timing of start of LA (COARTEM = Lumefantrine Artemeter) antimalarial use"""
ml21a_4,"""Timing of start of LA (COARTEM = Lumefantrine Artemeter) antimalarial use"""
ml21a_5,"""Timing of start of LA (COARTEM = Lumefantrine Artemeter) antimalarial use"""
ml21a_6,"""Timing of start of LA (COARTEM = Lumefantrine Artemeter) antimalarial use"""
ml21b_1,"""NA - Number of days child took LA antimalarial"""
ml21b_2,"""NA - Number of days child took LA antimalarial"""
ml21b_3,"""NA - Number of days child took LA antimalarial"""
ml21b_4,"""NA - Number of days child took LA antimalarial"""
ml21b_5,"""NA - Number of days child took LA antimalarial"""
ml21b_6,"""NA - Number of days child took LA antimalarial"""
ml21c_1,"""NA - First source for LA antimalarial"""
ml21c_2,"""NA - First source for LA antimalarial"""
ml21c_3,"""NA - First source for LA antimalarial"""
ml21c_4,"""NA - First source for LA antimalarial"""
ml21c_5,"""NA - First source for LA antimalarial"""
ml21c_6,"""NA - First source for LA antimalarial"""
ml22a_1,"""Timing of start of ASAQ (Amodiaquine and Artesunate) antimalarial use"""
ml22a_2,"""Timing of start of ASAQ (Amodiaquine and Artesunate) antimalarial use"""
ml22a_3,"""Timing of start of ASAQ (Amodiaquine and Artesunate) antimalarial use"""
ml22a_4,"""Timing of start of ASAQ (Amodiaquine and Artesunate) antimalarial use"""
ml22a_5,"""Timing of start of ASAQ (Amodiaquine and Artesunate) antimalarial use"""
ml22a_6,"""Timing of start of ASAQ (Amodiaquine and Artesunate) antimalarial use"""
ml22b_1,"""NA - Number of days child took ASAQ antimalarial"""
ml22b_2,"""NA - Number of days child took ASAQ antimalarial"""
ml22b_3,"""NA - Number of days child took ASAQ antimalarial"""
ml22b_4,"""NA - Number of days child took ASAQ antimalarial"""
ml22b_5,"""NA - Number of days child took ASAQ antimalarial"""
ml22b_6,"""NA - Number of days child took ASAQ antimalarial"""
ml22c_1,"""NA - First source for ASAQ antimalarial"""
ml22c_2,"""NA - First source for ASAQ antimalarial"""
ml22c_3,"""NA - First source for ASAQ antimalarial"""
ml22c_4,"""NA - First source for ASAQ antimalarial"""
ml22c_5,"""NA - First source for ASAQ antimalarial"""
ml22c_6,"""NA - First source for ASAQ antimalarial"""
ml23a_1,"""Timing of start of other anti-malarial use"""
ml23a_2,"""Timing of start of other anti-malarial use"""
ml23a_3,"""Timing of start of other anti-malarial use"""
ml23a_4,"""Timing of start of other anti-malarial use"""
ml23a_5,"""Timing of start of other anti-malarial use"""
ml23a_6,"""Timing of start of other anti-malarial use"""
ml23b_1,"""NA - Number of days child took other anti-malarial"""
ml23b_2,"""NA - Number of days child took other anti-malarial"""
ml23b_3,"""NA - Number of days child took other anti-malarial"""
ml23b_4,"""NA - Number of days child took other anti-malarial"""
ml23b_5,"""NA - Number of days child took other anti-malarial"""
ml23b_6,"""NA - Number of days child took other anti-malarial"""
ml23c_1,"""NA - First source for other anti-malarial"""
ml23c_2,"""NA - First source for other anti-malarial"""
ml23c_3,"""NA - First source for other anti-malarial"""
ml23c_4,"""NA - First source for other anti-malarial"""
ml23c_5,"""NA - First source for other anti-malarial"""
ml23c_6,"""NA - First source for other anti-malarial"""
ml24c_1,"""NA - First source for antibiotic pill/syrup"""
ml24c_2,"""NA - First source for antibiotic pill/syrup"""
ml24c_3,"""NA - First source for antibiotic pill/syrup"""
ml24c_4,"""NA - First source for antibiotic pill/syrup"""
ml24c_5,"""NA - First source for antibiotic pill/syrup"""
ml24c_6,"""NA - First source for antibiotic pill/syrup"""
ml25a_1,"""Timing of start of artesunate"""
ml25a_2,"""Timing of start of artesunate"""
ml25a_3,"""Timing of start of artesunate"""
ml25a_4,"""Timing of start of artesunate"""
ml25a_5,"""Timing of start of artesunate"""
ml25a_6,"""Timing of start of artesunate"""
d005,"""Weight for Domestic Violence (6 decimals)"""
d101a,"""Husband/partner jealous if respondent talks with other men"""
d101b,"""Husband/partner accuses respondent of unfaithfulness"""
d101c,"""Husband/partner does not permit respondent to meet female friends"""
d101d,"""Husband/partner tries to limit respondent's contact with family"""
d101e,"""Husband/partner insists on knowing where respondent is"""
d101f,"""NA - Husband/partner doesn't trust respondent with money"""
d101g,"""NA - CS control issue"""
d101h,"""NA - CS control issue"""
d101i,"""NA - CS control issue"""
d101j,"""NA - CS control issue"""
d102,"""Number of control issues answered 'Yes'  (D101x = 1)***"""
d103a,"""Ever been humiliated by husband/partner"""
d103b,"""Ever been threatened with harm by husband/partner"""
d103c,"""Ever been insulted or made to feel bad by husband/partner"""
d103d,"""NA - Ever CS emotional abuse by husband/partner"""
d103e,"""NA - Ever CS emotional abuse by husband/partner"""
d103f,"""NA - Ever CS emotional abuse by husband/partner"""
d104,"""Experienced any emotional violence (D103x series)***"""
d105a,"""Ever been pushed, shook or had something thrown by husband/partner"""
d105b,"""Ever been slapped by husband/partner"""
d105c,"""Ever been punched with fist or hit by something harmful by husband/partner"""
d105d,"""Ever been kicked or dragged by husband/partner"""
d105e,"""Ever been strangled or burnt by husband/partner"""
d105f,"""Ever been threatened with knife/gun or other weapon by husband/partner"""
d105g,"""NA - Ever CS physical violence by husband/partner"""
d105h,"""Ever been physically forced into unwanted sex by husband/partner"""
d105i,"""Ever been forced into other unwanted sexual acts by husband/partner"""
d105j,"""Ever had arm twisted or hair pulled by husband/partner"""
d105k,"""Ever been physically forced to perform sexual acts respondent didn't want to"""
d105l,"""NA - Ever CS physical violence by husband/partner"""
d105m,"""NA - Ever CS physical violence by husband/partner"""
d105n,"""NA - Ever CS physical violence by husband/partner"""
d106,"""Experienced any less severe violence (D105A-C,J) by husband/partner"""
d107,"""Experienced any severe violence (D105D-F) by husband/partner"""
d108,"""Experienced any sexual violence (D105H-I,K) by husband/partner"""
d109,"""Timing of first event (from D105 series) in years after marriage"""
d110a,"""Ever had bruises because of husband/partner's actions"""
d110b,"""Ever had eye injuries, sprains, dislocations or burns because of husband/partner"""
d110c,"""NA - Ever went to health facility because of husband/partner's actions"""
d110d,"""Ever had wounds, broken bones, broken teeth or other serious injury because of h"""
d110e,"""NA - CS because of husband/partner's actions"""
d110f,"""NA - CS because of husband/partner's actions"""
d110g,"""NA - CS because of husband/partner's actions"""
d110h,"""NA - CS because of husband/partner's actions"""
d111,"""Experienced any of listed husband/partner's actions (D110x series)***"""
d112,"""Respondent ever physically hurt husband/partner when he was not hurting her"""
d112a,"""Frequency of physically hurting husband/partner in last 12 months"""
d113,"""Husband/partner drinks alcohol"""
d114,"""Frequency of husband/partner being drunk"""
d115b,"""Mother: Person who has ever physically hurt respondent"""
d115c,"""Father: Person who has ever physically hurt respondent"""
d115d,"""Daughter/son: Person who has ever physically hurt respondent"""
d115e,"""NA - Son: Person who has ever physically hurt respondent"""
d115f,"""Sister/brother: Person who has ever physically hurt respondent"""
d115g,"""Other relative: Person who has ever physically hurt respondent"""
d115h,"""NA - Other female family: Person who has ever physically hurt respondent"""
d115i,"""NA - Other male family: Person who has ever physically hurt respondent"""
d115j,"""NA - Former partner: Person who has ever physically hurt respondent"""
d115k,"""Current boyfriend: Person who has ever physically hurt respondent"""
d115l,"""Former boyfriend: Person who has ever physically hurt respondent"""
d115m,"""Step-mother: Person who has ever physically hurt respondent"""
d115n,"""Step-father: Person who has ever physically hurt respondent"""
d115o,"""Mother-in-law: Person who has ever physically hurt respondent"""
d115p,"""Father-in-law: Person who has ever physically hurt respondent"""
d115q,"""Other in-law: Person who has ever physically hurt respondent"""
d115r,"""NA - Other male in-law: Person who has ever physically hurt respondent"""
d115s,"""NA - Female friend: Person who has ever physically hurt respondent"""
d115t,"""NA - Male friend: Person who has ever physically hurt respondent"""
d115u,"""NA - Neighbor: Person who has ever physically hurt respondent"""
d115v,"""Teacher: Person who has ever physically hurt respondent"""
d115w,"""Employer: Person who has ever physically hurt respondent"""
d115x,"""Other: Person who has ever physically hurt respondent"""
d115y,"""No person other than husband/partner ever physically hurt respondent"""
d115xa,"""NA - Stranger: Person who has ever physically hurt respondent"""
d115xb,"""NA - Other female in-law/family: Person who has ever physically hurt respondent"""
d115xc,"""NA - Other male in-law/family: Person who has ever physically hurt respondent"""
d115xd,"""NA - Friend: Person who has ever physically hurt respondent"""
d115xe,"""Police: Person who has ever physically hurt respondent"""
d115xf,"""NA - Religious leader: Person who has ever physically hurt respondent"""
d115xg,"""NA - Lawyer: Person who has ever physically hurt respondent"""
d115xh,"""NA - Doctor: Person who has ever physically hurt respondent"""
d115xi,"""NA - CS: Person who has ever physically hurt respondent"""
d115xj,"""NA - CS: Person who has ever physically hurt respondent"""
d115xk,"""NA - CS: Person who has ever physically hurt respondent"""
d116,"""NA - Person who hurt respondent most often"""
d117a,"""Frequency of being hit in last 12 months by other than husband/partner"""
d118a,"""Husband/partner: Person who hurt respondent during a pregnancy"""
d118b,"""Mother: Person who hurt respondent during a pregnancy"""
d118c,"""Father: Person who hurt respondent during a pregnancy"""
d118d,"""Daughter/son: Person who hurt respondent during a pregnancy"""
d118e,"""NA - Son alone: Person who hurt respondent during a pregnancy"""
d118f,"""Sister/brother: Person who hurt respondent during a pregnancy"""
d118g,"""Other relative: Person who hurt respondent during a pregnancy"""
d118h,"""NA - Other female family: Person who hurt respondent during a pregnancy"""
d118i,"""NA - Other male family: Person who hurt respondent during a pregnancy"""
d118j,"""Former husband/partner: Person who hurt respondent during a pregnancy"""
d118k,"""Current boyfriend: Person who hurt respondent during a pregnancy"""
d118l,"""Former boyfriend: Person who hurt respondent during a pregnancy"""
d118m,"""Step-mother: Person who hurt respondent during a pregnancy"""
d118n,"""Step-father: Person who hurt respondent during a pregnancy"""
d118o,"""Mother-in-law: Person who hurt respondent during a pregnancy"""
d118p,"""Father-in-law: Person who hurt respondent during a pregnancy"""
d118q,"""Other in-law: Person who hurt respondent during a pregnancy"""
d118r,"""NA - Other female/male in-law: Person who hurt respondent during a pregnancy"""
d118s,"""NA - Female friend: Person who hurt respondent during a pregnancy"""
d118t,"""NA - Male friend: Person who hurt respondent during a pregnancy"""
d118u,"""NA - Neighbor: Person who hurt respondent during a pregnancy"""
d118v,"""Teacher: Person who hurt respondent during a pregnancy"""
d118w,"""Employer: Person who hurt respondent during a pregnancy"""
d118x,"""Other: Person who hurt respondent during a pregnancy"""
d118y,"""Respondent was not hurt by anyone during a pregnancy"""
d118xa,"""NA - Stranger: Person who hurt respondent during a pregnancy"""
d118xb,"""NA - Other female in-law/family: Person who hurt respondent during a pregnancy"""
d118xc,"""NA - Other male in-law/family: Person who hurt respondent during a pregnancy"""
d118xd,"""NA - Friend: Person who hurt respondent during a pregnancy"""
d118xe,"""Police: Person who hurt respondent during a pregnancy"""
d118xf,"""NA - Religious leader: Person who hurt respondent during a pregnancy"""
d118xg,"""NA - Lawyer: Person who hurt respondent during a pregnancy"""
d118xh,"""NA - Doctor: Person who hurt respondent during a pregnancy"""
d118xi,"""NA - CS: Person who hurt respondent during a pregnancy"""
d118xj,"""NA - CS: Person who hurt respondent during a pregnancy"""
d118xk,"""NA - CS: Person who hurt respondent during a pregnancy"""
d119a,"""NA - Husband/partner: Person respondent went to seek help"""
d119b,"""NA - Mother: Person respondent went to seek help"""
d119c,"""NA - Father: Person respondent went to seek help"""
d119d,"""NA - Daughter: Person respondent went to seek help"""
d119e,"""NA - Son: Person respondent went to seek help"""
d119f,"""NA - Sister: Person respondent went to seek help"""
d119g,"""NA - Brother: Person respondent went to seek help"""
d119h,"""Own family: Person respondent went to seek help"""
d119i,"""Husband/partner family: Person respondent went to seek help"""
d119j,"""Current/former husband/partner: Person respondent went to seek help"""
d119k,"""Current/former boyfriend: Person respondent went to seek help"""
d119l,"""NA - Former boyfriend alone: Person respondent went to seek help"""
d119m,"""NA - Step-mother: Person respondent went to seek help"""
d119n,"""NA - Step-father: Person respondent went to seek help"""
d119o,"""NA - Mother-in-law: Person respondent went to seek help"""
d119p,"""NA - Father-in-law: Person respondent went to seek help"""
d119q,"""NA - Other female in-law: Person respondent went to seek help"""
d119r,"""NA - Other male in-law: Person respondent went to seek help"""
d119s,"""NA - Female friend: Person respondent went to seek help"""
d119t,"""NA - Male friend: Person respondent went to seek help"""
d119u,"""Neighbor: Person respondent went to seek help"""
d119v,"""NA - Teacher: Person respondent went to seek help"""
d119w,"""NA - Employer: Person respondent went to seek help"""
d119x,"""Other: Person respondent went to seek help"""
d119y,"""Respondent did not seek help from anyone"""
d119xa,"""NA - Stranger: Person respondent went to seek help"""
d119xb,"""Social service organization: Person respondent went to seek help"""
d119xc,"""NA - CS: Person respondent went to seek help"""
d119xd,"""Friend: Person respondent went to seek help"""
d119xe,"""Police: Person respondent went to seek help"""
d119xf,"""Religious leader: Person respondent went to seek help"""
d119xg,"""Lawyer: Person respondent went to seek help"""
d119xh,"""Doctor: Person respondent went to seek help"""
d119xi,"""District social welfare officer: Person respondent went to seek help"""
d119xj,"""Traditional authority / chief: Person respondent went to seek help"""
d119xk,"""Employer / someone at work: Person respondent went to seek help"""
d120,"""NA - Main reason never sought help"""
d121,"""Respondent's father ever beat her mother"""
d122a,"""Interview interrupted: husband's presence"""
d122b,"""Interview interrupted: other adult male's presence"""
d122c,"""Interview interrupted: adult female's presence"""
d123,"""NA - First sex was wanted or forced"""
d124,"""Ever forced to have sex by anyone other than husband/partner in last 12 months"""
d125,"""Ever forced to perform unwanted sexual acts"""
d126,"""Age at first forced sexual act"""
d127,"""Person who forced respondent into first sexual act"""
d128,"""Ever told anyone else about violence"""
d129,"""Respondent afraid of husband/partner most of the time, sometimes or never"""
d130a,"""Previous husband: ever hit, slap, kick or physically hurt respondent"""
d130b,"""Previous husband: physically forced to have sex or to perform sexual acts"""
d130c,"""NA - Previous husband: humiliate, threaten to hurt, insult or make feel bad"""
sdist,"""District"""
shh121g,"""Household has a Koloboyi"""
shh121h,"""Household has a paraffin lamp"""
shh121i,"""Household has a lamp/torch"""
shh121j,"""Household has a bed with a mattress"""
shh121k,"""Household has a sofa bed"""
s230a1,"""Number of miscarriages"""
s230a2,"""Number of induced abortions"""
s230a3,"""Number of stillbirths"""
s815e,"""Read about family planning on the internet / website"""
s815f,"""Read about family planning on a poster"""
s815g,"""Read about family planning on clothing"""
s815h,"""Heard about family planning in a drama"""
s1004a,"""People can reduce chance of getting AIDS virus by not having sex at all"""
s1019a,"""Baby's father was offered HIV test during antenatal visit"""
s1019b,"""Baby's father was tested for HIV during antenatal  visit"""
s1111,"""Experienced constant leakage from vagina"""
s1112,"""Ever heard of constant leakage from vagina"""
s1113,"""Knows someone who experience constant leakage from vagina"""
s1114,"""Constant leakage started after delivery or stillbirth"""
s1115,"""Constant leakage started after normal labor and delivery/ very difficult labor a"""
s1116,"""What caused constant leakage from vagina"""
s1117,"""Days after cause of leakage started"""
s1118,"""Sought treatment for constant leakage"""
s1119a,"""Reason did not seak treatment for leakage: did not know could be fixed"""
s1119b,"""Reason did not seak treatment for leakage: did not know where to do"""
s1119c,"""Reason did not seak treatment for leakage: too expensive"""
s1119d,"""Reason did not seak treatment for leakage: too far"""
s1119e,"""Reason did not seak treatment for leakage: poor quality of care"""
s1119f,"""Reason did not seak treatment for leakage: could not get permission"""
s1119g,"""Reason did not seak treatment for leakage: embarrassment / stigma"""
s1119h,"""Reason did not seak treatment for leakage: problem disappeared"""
s1119x,"""Reason did not seak treatment for leakage: other"""
s1120,"""Provider who provided treatment"""
s1121,"""Had an operation to fix the problem"""
s1122,"""Treatment stopped leakage completely"""
s1322b,"""Forced to have sexual intercourse or unwanted sex"""
s1323,"""Person who forced respondent to first sexual activity"""
s1029a,"""Initiator of AIDS test"""
idx94_1,"""Index to Birth History"""
idx94_2,"""Index to Birth History"""
idx94_3,"""Index to Birth History"""
idx94_4,"""Index to Birth History"""
idx94_5,"""Index to Birth History"""
idx94_6,"""Index to Birth History"""
s413f_1,"""During pregnancy: heart"""
s413f_2,"""During pregnancy: heart"""
s413f_3,"""During pregnancy: heart"""
s413f_4,"""During pregnancy: heart"""
s413f_5,"""During pregnancy: heart"""
s413f_6,"""During pregnancy: heart"""
s413g_1,"""During pregnancy: foods"""
s413g_2,"""During pregnancy: foods"""
s413g_3,"""During pregnancy: foods"""
s413g_4,"""During pregnancy: foods"""
s413g_5,"""During pregnancy: foods"""
s413g_6,"""During pregnancy: foods"""
s611a_1,"""Days after diarrhea began sought treatment"""
s611a_2,"""Days after diarrhea began sought treatment"""
s611a_3,"""Days after diarrhea began sought treatment"""
s611a_4,"""Days after diarrhea began sought treatment"""
s611a_5,"""Days after diarrhea began sought treatment"""
s611a_6,"""Days after diarrhea began sought treatment"""
,
,
13,
,
,
,
,
,
,
,
,
14,
and year -,"information complete"""
and age -,"year imputed"""
nd age - m,"onth imputed"""
nd age - y,"ear ignored"""
age/month,"imputed"""
year/month,"imputed"""
#NAME?,"imputed"""
all imput,"ed"""
,
15,
"ted""",
"home""",
"ned""",
"d""",
lly comple,"ted"""
dent incap,"acitated"""
,
,
18,
"endar""",
,
19,
"endar""",
,
019A,
"endar""",
,
20,
man sample,""""
arried sam,"ple"""
,
22,
"a - rural""",
"a - urban""",
"a - rural""",
"a - urban""",
bay - rura,"l"""
bay - urba,"n"""
"- rural""",
"- urban""",
"- rural""",
"- urban""",
"- rural""",
"- urban""",
"u - rural""",
"u - urban""",
kota - ru,"ral"""
kota - ur,"ban"""
"i - rural""",
"i - urban""",
"rural""",
"urban""",
"- rural""",
"- urban""",
we - rural,""""
we - urban,""""
"i - rural""",
"i - urban""",
"- rural""",
"- urban""",
"- rural""",
"- urban""",
hi - rural,""""
hi - urban,""""
ga - rural,""""
ga - urban,""""
"- rural""",
"- urban""",
zulu - rur,"al"""
zulu - urb,"an"""
re - rural,""""
re - urban,""""
"- rural""",
"- urban""",
"- rural""",
"- urban""",
"e - rural""",
"e - urban""",
be - rural,""""
be - urban,""""
wa - rural,""""
wa - urban,""""
"- rural""",
"- urban""",
"- rural""",
"- urban""",
"rural""",
"urban""",
,
23,
"a - rural""",
"a - urban""",
"a - rural""",
"a - urban""",
bay - rura,"l"""
bay - urba,"n"""
"- rural""",
"- urban""",
"- rural""",
"- urban""",
"- rural""",
"- urban""",
"u - rural""",
"u - urban""",
kota - ru,"ral"""
kota - ur,"ban"""
"i - rural""",
"i - urban""",
"rural""",
"urban""",
"- rural""",
"- urban""",
we - rural,""""
we - urban,""""
"i - rural""",
"i - urban""",
"- rural""",
"- urban""",
"- rural""",
"- urban""",
hi - rural,""""
hi - urban,""""
ga - rural,""""
ga - urban,""""
"- rural""",
"- urban""",
zulu - rur,"al"""
zulu - urb,"an"""
re - rural,""""
re - urban,""""
"- rural""",
"- urban""",
"- rural""",
"- urban""",
"e - rural""",
"e - urban""",
be - rural,""""
be - urban,""""
wa - rural,""""
wa - urban,""""
"- rural""",
"- urban""",
"- rural""",
"- urban""",
"rural""",
"urban""",
,
24,
"rn region""",
"l region""",
"rn region""",
,
25,
,
,
,
26,
"l, large c","ity"""
"city""",
,
"yside""",
,
27,
"g""",
,
34,
d not in h,"ousehold"""
,
40,
"g""",
,
42,
"lected""",
"ed""",
,
44,
not select,"ed"""
selected a,"nd interviewed"""
"selected,","but privacy not possible"""
"selected,","but not interviewed"""
,
045A,
"h""",
"wa""",
"a""",
,
045B,
"h""",
"wa""",
"a""",
,
,
045C,
"h""",
"wa""",
"a""",
,
,
46,
,
,
,
101,
"rn region""",
"l region""",
"rn region""",
,
102,
,
,
,
103,
"l, large c","ity"""
,
,
"yside""",
"""",
,
104,
"""",
"r""",
"istent""",
"know""",
,
105,
"l, large c","ity"""
,
,
"yside""",
"""",
,
105A,
"rn region""",
"l region""",
"rn region""",
"""",
,
106,
"cation""",
"y""",
"ary""",
"""",
,
107,
rs complet,"ed at level V106"""
,
113,
"WATER""",
into dwell,"ing"""
to yard/pl,"ot"""
to neighbo,"r"""
tap/stand,"pipe"""
"ELL WATER""",
ell or bor,"ehole"""
LL (OPEN/P,"ROTECTED)"""
"ted well""",
ected well,""""
E FROM SPR,"ING"""
ted spring,""""
ected spri,"ng"""
dam/lake/p,"onds/stream/canal/irrigation channel"""
"ter""",
"truck""",
ith small,"tank"""
"d water""",
,
dejure res,"ident"""
,
115,
"mises""",
dejure res,"ident"""
"know""",
,
116,
"TOILET""",
to piped s,"ewer system"""
to septic,"tank"""
to pit lat,"rine"""
to somewhe,"re else"""
don't kno,"w where"""
ILET LATRI,"NE"""
ated Impro,"ved Pit latrine (VIP)"""
trine with,"slab"""
trine with,"out slab/open pit"""
"ILITY""",
ility/bush,"/field"""
ting toile,"t"""
"toilet""",
g toilet/l,"atrine"""
,
dejure res,"ident"""
,
119,
,
,
dejure res,"ident"""
,
120,
,
,
dejure res,"ident"""
,
121,
,
,
dejure res,"ident"""
,
122,
,
,
dejure res,"ident"""
,
123,
,
,
dejure res,"ident"""
,
124,
,
,
dejure res,"ident"""
,
125,
,
,
dejure res,"ident"""
,
127,
"L""",
"/ sand""",
,
"NTARY""",
"lanks""",
"bamboo""",
"ED""",
t or polis,"hed wood"""
or asphalt,"strips"""
"c tiles""",
"""",
"""",
,
dejure res,"ident"""
,
128,
"L""",
"ls""",
alm/trunks,""""
,
"NTARY""",
"ith mud""",
"with mud""",
"red adobe""",
"d""",
"ard""",
"wood""",
"ED""",
"""",
with lime,"/ cement"""
"""",
"blocks""",
"d adobe""",
lanks / sh,"ingles"""
,
dejure res,"ident"""
,
129,
"L""",
"f""",
/palm leaf,""""
,
"NTARY""",
"mat""",
"amboo""",
"lanks""",
"ard""",
"ED""",
,
,
ne/cement,"fiber"""
"c tiles""",
"""",
g shingles,""""
,
dejure res,"ident"""
,
130,
"ic""",
,
"an""",
h Day Adve,"ntist / Baptist"""
"Christian""",
"""",
"igion""",
,
,
131,
,
"a""",
,
,
,
,
"e""",
,
"nja""",
"""",
,
,
133,
"istent""",
,
134,
"l, large c","ity"""
"city""",
,
"yside""",
,
135,
"resident""",
"r""",
,
139,
"""",
"rn region""",
"l region""",
"rn region""",
jure resid,"ent"""
,
140,
"""",
,
,
dejure res,"ident"""
,
141,
"l, large c","ity"""
,
,
"yside""",
"""",
dejure res,"ident"""
,
149,
"cation""",
lete prima,"ry"""
te primary,""""
lete secon,"dary"""
te seconda,"ry"""
"""",
,
150,
,
,
"er""",
"er-in-law""",
"aughter""",
"""",
"-in-law""",
"""",
"use""",
"relative""",
d/foster c,"hild"""
"lated""",
"know""",
,
151,
,
"""",
,
152,
,
"know""",
,
153,
,
,
dejure res,"ident"""
,
155,
read at a,"ll"""
o read onl,"y parts of sentence"""
o read who,"le sentence"""
d with req,"uired language"""
visually i,"mpaired"""
,
156,
,
,
,
157,
"all""",
han once a,"week"""
st once a,"week"""
every day,""""
,
158,
"all""",
han once a,"week"""
st once a,"week"""
every day,""""
,
159,
"all""",
han once a,"week"""
st once a,"week"""
every day,""""
,
160,
,
,
dejure res,"ident"""
,
161,
"icity""",
,
"l gas""",
"""",
"ne""",
"lignite""",
"al""",
,
shrubs/gra,"ss"""
ltural cro,"p"""
"dung""",
d cooked i,"n house"""
,
dejure res,"ident"""
,
166,
(no iodine,")"""
,
"""",
"""",
"ot tested""",
"t""",
dejure res,"ident"""
,
167,
,
,
,
168,
,
,
,
169A,
,
,
,
169B,
,
,
,
170,
,
,
,
171A,
,
ast 12 mon,"ths"""
efore last,"12 months"""
an't estab,"lish when"""
,
171B,
"all""",
han once a,"week"""
st once a,"week"""
every day,""""
,
190,
"t""",
"""",
"""",
"""",
"t""",
,
190A,
"t""",
"""",
"""",
"""",
"t""",
,
L101,
"""",
reated net,"s"""
reated and,"untreated nets"""
ntreated n,"ets"""
,
0,
"birth""",
"multiple""",
"multiple""",
"multiple""",
"multiple""",
"multiple""",
,
4,
,
"""",
,
5,
,
,
,
6,
n day of b,"irth"""
"1""",
number mis,"sing"""
": 1""",
: number m,"issing"""
"1""",
number mi,"ssing"""
"istent""",
"know""",
,
9,
"dent""",
"""",
"relative""",
"e else""",
"elsewhere""",
,
10,
year and,"day"""
and year -,"information complete"""
and age -,"year imputed"""
nd age - m,"onth imputed"""
nd age - y,"ear ignored"""
age/month,"imputed"""
year/month,"imputed"""
#NAME?,"imputed"""
all imput,"ed"""
,
13,
"g""",
"rview""",
"stfeeding""",
supplement,"ed"""
t breastfe,"d"""
vaccinati,"on"""
"e range""",
"d, units g","iven"""
"d, no unit","s"""
,
15,
,
,
,
16,
sted in ho,"usehold"""
,
208,
"ths""",
,
209,
"ths""",
,
213,
"unsure""",
,
,
215,
interview,""""
"1""",
number mis,"sing"""
"1""",
number mi,"ssing"""
": 1""",
: number m,"issing"""
"1""",
number mi,"ssing"""
opause/had,"hysterectomy"""
last birt,"h"""
menstruate,"d"""
"istent""",
"know""",
,
216,
,
,
,
217,
her perio,"d"""
period end,"ed"""
of the cy,"cle"""
period be,"gins"""
"time""",
,
"know""",
,
220,
,
,
221,
ve interva,"l"""
,
223,
#NAME?,"te"""
date plac,"ed"""
,
225,
,
,
"all""",
,
226,
"opause""",
last birt,"h"""
menstruate,"d"""
"istent""",
"know""",
,
227,
"g""",
terval sin,"ce birth"""
en. > inte,"rval"""
period no,"t returned"""
t no birth,""""
t period r,"eturned"""
t period r,"eturned"""
t period d,"uring pregnancy"""
d children,""""
iod before,"last birth"""
,
228,
,
,
,
229,
"istent""",
"know""",
,
230,
"istent""",
"know""",
,
231,
"istent""",
"know""",
,
232,
"and year""",
"alendar""",
,
,
,
,
233,
"istent""",
"know""",
,
234,
,
,
,
235,
"or child""",
,
237,
,
,
,
239,
,
,
,
240,
"istent""",
"know""",
,
241,
"istent""",
"know""",
,
242,
"istent""",
"know""",
,
243,
"and year""",
"alendar""",
,
,
,
,
244,
,
,
"know""",
,
301,
"no method""",
only folkl,"oric method"""
only tradi,"tional method"""
modern met,"hod"""
,
302,
"used""",
nly folklo,"ric method"""
nly tradit,"ional method"""
odern meth,"od"""
,
302A,
,
sed outsid,"e calendar"""
sed in cal,"endar"""
,
304A,
"method""",
ional meth,"od"""
ric method,""""
,
304,
,
,
contracep,"tion table, but as a current method"""
"ked""",
,
305,
,
,
,
307,
,
,
,
310,
"g""",
,
311,
,
"used""",
,
312,
"ing""",
,
,
"ions""",
"agm""",
"ondom""",
steriliza,"tion"""
terilizati,"on"""
ic abstine,"nce"""
"awal""",
traditiona,"l"""
ts/Norplan,"t"""
ged abstin,"ence"""
ional amen,"orrhea (LAM)"""
"condom""",
"r jelly""",
ncy contra,"ception"""
modern met,"hod"""
rd days me,"thod (SDM)"""
ic method,"1"""
ic method,"2"""
,
313,
"hod""",
ric method,""""
ional meth,"od"""
"method""",
,
318,
and year -,"information complete"""
month imp,"uted, age calculated"""
#NAME?,"ced"""
date plac,"ed"""
"alendar""",
,
319,
,
,
,
,
,
,
,
320,
,
,
,
,
,
,
,
321,
", before m","arriage"""
,
,
,
,
,
,
,
322,
,
,
323,
"nol""",
"ynon""",
"e""",
,
"know""",
,
323A,
"ngo""",
"hi""",
"touch""",
female  co,"ndom)"""
sector co,"ndoms"""
,
"know""",
,
325A,
,
"know""",
,
326,
"SECTOR""",
ment hospi,"tal"""
ment healt,"h center"""
ment healt,"h post / outreach"""
"clinic""",
,
door to d,"oor"""
public sec,"tor"""
private me,"dical"""
e hospital,"/ clinic"""
"cy""",
"e doctor""",
e mobile c,"linic"""
e CBDA / d,"oor to door"""
ission hos,"pital"""
ission hea,"lth center"""
ission mob,"ile clinic"""
ission doo,"r to door"""
"SOURCE""",
,
"""",
/ relativ,"e"""
,
,
drop in ce,"nter"""
,
"know""",
,
327,
ment clini,"c/pharmacy"""
ment home/,"community delivery"""
,
e clinic/d,"elivery"""
"cy""",
"church, fr","iend"""
,
"know""",
,
337,
lendar {A,"core}"""
"core}""",
"istent""",
"know""",
,
359,
,
,
"ions""",
"agm""",
"ondom""",
steriliza,"tion"""
terilizati,"on"""
ic abstine,"nce"""
"awal""",
traditiona,"l"""
ts/Norplan,"t"""
ged abstin,"ence"""
ional amen,"orrhea (LAM)"""
"condom""",
"r jelly""",
ncy contra,"ception"""
modern met,"hod"""
rd days me,"thod (SDM)"""
ic method,"1"""
ic method,"2"""
,
360,
"pregnant""",
to become,"pregnant"""
d disappro,"ved"""
"ffects""",
"concerns""",
", availabi","lity"""
more effe,"ctive method"""
enient to,"use"""
"uent sex,","husband away"""
,
"stic""",
ult pregna,"ncy, menopause"""
l dissolut,"ion"""
,
"know""",
,
361,
"tly using""",
ince last,"birth"""
efore last,"birth"""
"used""",
,
362,
t 12 month,"s"""
"ter""",
about tim,"ing"""
about use,""""
"ot intend""",
"had sex""",
,
363,
,
,
"ions""",
"agm""",
"ondom""",
steriliza,"tion"""
terilizati,"on"""
ic abstine,"nce"""
"awal""",
traditiona,"l"""
ts/Norplan,"t"""
ged abstin,"ence"""
ional amen,"orrhea (LAM)"""
"condom""",
"r jelly""",
ncy contra,"ception"""
modern met,"hod"""
rd days me,"thod (SDM)"""
ic method,"1"""
ic method,"2"""
"know""",
,
364,
modern met,"hod"""
traditiona,"l method"""
er - inten,"ds to use later"""
ot intend,"to use"""
"had sex""",
,
367,
"then""",
"later""",
"no more""",
,
372,
e not seen,""""
"e seen""",
,
372A,
e not seen,""""
"e seen""",
,
375A,
"rried""",
ITY-RELATE,"D"""
"ving sex""",
"uent sex""",
"usal, hyst","erectomy"""
"und, infec","und"""
"rtum, brea","stfeeding"""
more child,"ren"""
"nt""",
TION TO US,"E"""
dent oppos,"ed"""
"d opposed""",
"opposed""",
ous prohib,"ition"""
F KNOWLEDG,"E"""
"no method""",
"no source""",
"-RELATED""",
"concerns""",
side effec,"ts"""
"f access""",
"oo much""",
enient to,"use"""
eres with,"body"""
,
"know""",
,
376,
"rried""",
ITY-RELATE,"D"""
"uent sex""",
"usal, hyst","erectomy"""
"und, infec","und"""
more child,"ren"""
TION TO US,"E"""
dent oppos,"ed"""
"d opposed""",
"opposed""",
ous prohib,"ition"""
F KNOWLEDG,"E"""
"no method""",
"no source""",
"-RELATED""",
"concerns""",
side effec,"ts"""
"f access""",
"oo much""",
enient to,"use"""
eres with,"body"""
,
"know""",
,
376A,
,
,
"know""",
,
379,
"SECTOR""",
ment hospi,"tal"""
ment healt,"h center"""
ment healt,"h post / outreach"""
"clinic""",
,
door to d,"oor"""
public sec,"tor"""
private me,"dical"""
e hospital,"/ clinic"""
"cy""",
"e doctor""",
e mobile c,"linic"""
e CBDA / d,"oor to door"""
ission hos,"pital"""
ission hea,"lth center"""
ission mob,"ile clinic"""
ission doo,"r to door"""
"SOURCE""",
,
"""",
/ relativ,"e"""
,
,
drop in ce,"nter"""
,
"know""",
,
380,
ment clini,"c/pharmacy"""
ment home/,"community delivery"""
,
e clinic/d,"elivery"""
"cy""",
"church, fr","iend"""
,
"know""",
,
384A,
,
,
,
384B,
,
,
,
384C,
,
,
,
384D,
,
,
,
393,
,
,
,
393A,
,
,
,
394,
,
,
,
395,
,
,
,
3A00A,
,
,
,
3A00B,
,
,
,
3A00C,
,
,
,
3A00D,
,
,
,
3A00E,
,
,
,
3A00F,
,
,
,
3A00G,
,
,
,
3A00H,
,
,
,
3A00I,
,
,
,
3A00J,
,
,
,
3A00K,
,
,
,
3A00L,
,
,
,
3A00M,
,
,
,
3A00N,
,
,
,
3A00O,
,
,
,
3A00P,
,
,
,
3A00Q,
,
,
,
3A00R,
,
,
,
3A00S,
,
,
,
3A00T,
,
,
,
3A00U,
,
,
,
3A00V,
,
,
,
3A00W,
,
,
,
3A00X,
,
,
,
3A00Y,
ows a sour,"ce"""
nows no so,"urce"""
,
3A00Z,
,
,
,
3A01,
,
,
"know""",
,
3A02,
,
,
,
3A03,
,
,
,
3A04,
,
,
,
3A05,
,
,
,
3A06,
,
,
,
3A07,
"SECTOR""",
ment hospi,"tal"""
ment healt,"h center"""
ment healt,"h post / outreach"""
"clinic""",
,
door to d,"oor"""
public sec,"tor"""
private me,"dical"""
e hospital,"/ clinic"""
"cy""",
"e doctor""",
e mobile c,"linic"""
e CBDA / d,"oor to door"""
ission hos,"pital"""
ission hea,"lth center"""
ission mob,"ile clinic"""
ission doo,"r to door"""
"SOURCE""",
,
"""",
/ relativ,"e"""
,
,
drop in ce,"nter"""
,
"know""",
,
3A08A,
,
,
,
3A08B,
,
,
,
3A08C,
,
,
,
3A08D,
,
,
,
3A08E,
,
,
,
3A08F,
,
,
,
3A08G,
,
,
,
3A08H,
,
,
,
3A08I,
,
,
,
3A08J,
,
,
,
3A08K,
,
,
,
3A08L,
,
,
,
3A08M,
,
,
,
3A08N,
,
,
,
3A08O,
,
,
,
3A08P,
,
,
,
3A08Q,
,
,
,
3A08R,
,
,
,
3A08S,
,
,
,
3A08T,
,
,
,
3A08U,
,
,
,
3A08V,
,
,
,
3A08W,
,
,
,
3A08AA,
,
,
,
3A08AB,
,
,
,
3A08AC,
,
,
,
3A08AD,
,
,
,
3A08X,
,
,
,
3A08Z,
,
"on't know""",
,
3A09A,
"know""",
,
3A09B,
"know""",
,
1,
ed no inje,"ction"""
,
"know""",
,
1A,
ed no inje,"ction"""
,
"know""",
,
1B,
"istent""",
know month,""""
,
1C,
"istent""",
"know year""",
,
1D,
"g""",
,
1E,
be determi,"ned"""
,
2A,
,
,
,
2B,
,
,
,
2C,
,
,
,
2D,
,
,
,
2E,
,
,
,
2F,
,
,
,
2G,
,
,
,
2H,
,
,
,
2I,
,
,
,
2J,
,
,
,
2K,
,
,
,
2L,
,
,
,
2M,
,
,
,
2N,
"me care""",
"o care""",
,
3A,
,
,
,
3B,
,
,
,
3C,
,
,
,
3D,
,
,
,
3E,
,
,
,
3F,
,
,
,
3G,
,
,
,
3H,
,
,
,
3I,
,
,
,
3J,
,
,
,
3K,
,
,
,
3L,
,
,
,
3M,
,
,
,
3N,
me assista,"nce"""
o assistan,"ce"""
,
4,
"reastfed,","not currently breastfeeding"""
"breastfed""",
breastfeed,"ing"""
fed until,"died"""
"istent""",
"know""",
,
5,
"reastfed,","not currently breastfeeding"""
"breastfed""",
"istent""",
"know""",
,
6,
not retur,"ned"""
"istent""",
"know""",
,
7,
"istent""",
"know""",
,
8,
abstaining,""""
"istent""",
"know""",
,
9,
"istent""",
"know""",
,
10,
,
,
"e""",
,
11,
": 1""",
: number m,"issing"""
"1""",
number mi,"ssing"""
"know""",
,
13,
"know""",
,
14,
enatal vis,"its"""
"know""",
,
15,
,
dent's hom,"e"""
"home""",
"SECTOR""",
ment hospi,"tal"""
ment healt,"h center"""
ment healt,"h post / outreach"""
public sec,"tor"""
"E SECTOR""",
e hospital,"/ clinic"""
MISSION h,"ospital"""
MISSION h,"ealth center"""
,
private me,"dical sector"""
,
,
17,
,
,
,
17A,
labor sta,"rted"""
labor star,"ted"""
,
18,
"arge""",
than aver,"age"""
"e""",
r than ave,"rage"""
"mall""",
"know""",
,
19,
ighed at b,"irth"""
"know""",
,
19A,
"ighed""",
ritten car,"d"""
other's re,"call"""
"know""",
"l answers""",
,
27,
"g""",
"rval""",
rval by 1,"month"""
"at death""",
pregnancy,"in calendar"""
,
28,
"g""",
"rval""",
rval by 1,"month"""
pregnancy,"in calendar"""
,
29,
"g""",
"rval""",
rval by 1,"month"""
pregnancy,"in calendar"""
,
34,
"ately""",
first hou,"r"""
"1""",
number mi,"ssing"""
"1""",
number mis,"sing"""
,
35,
"and""",
,
36,
"and""",
,
38,
,
,
"know""",
,
39A,
,
,
"know""",
,
39,
,
,
"know""",
,
42A,
,
,
,
42B,
,
,
,
42C,
,
,
,
42D,
,
,
,
42E,
,
,
,
43,
,
,
"know""",
,
44,
,
,
"know""",
,
45,
,
,
"know""",
,
46,
"ot taken""",
"know""",
,
47,
,
,
"know""",
,
48,
,
,
"know""",
,
49A,
,
,
"know""",
,
49B,
,
,
"know""",
,
49C,
,
,
"know""",
,
49D,
,
,
"know""",
,
49E,
,
,
"know""",
,
49F,
,
,
"know""",
,
49G,
,
,
"know""",
,
49X,
,
,
"know""",
,
49Z,
,
on't know,"which drug taken"""
"know""",
,
49Y,
,
ook no dru,"g"""
"know""",
,
54,
,
,
"know""",
,
55,
,
,
,
55A,
,
,
,
55B,
,
,
,
55C,
,
,
,
55D,
,
,
,
55E,
,
,
,
55F,
,
,
,
55G,
,
,
,
55H,
,
,
,
55I,
,
,
,
55J,
,
,
,
55K,
,
,
,
55L,
,
,
,
55M,
,
,
,
55N,
,
,
,
55O,
,
,
,
55X,
,
,
,
55Z,
ven someth,"ing"""
iven nothi,"ng"""
,
57A,
,
,
,
57B,
,
,
,
57C,
,
,
,
57D,
,
,
,
57E,
,
,
,
57F,
,
,
,
57G,
,
,
,
57H,
,
,
,
57I,
,
,
,
57J,
,
,
,
57K,
,
,
,
57L,
,
,
,
57M,
,
,
,
57N,
,
,
,
57O,
,
,
,
57P,
,
,
,
57Q,
,
,
,
57R,
,
,
,
57S,
,
,
,
57T,
,
,
,
57U,
,
,
,
57V,
,
,
,
57X,
,
,
,
60,
,
,
"know""",
,
61,
"0""",
"1""",
number mi,"ssing"""
"1""",
number mis,"sing"""
"1""",
number mi,"ssing"""
"know""",
,
62,
,
,
"know""",
,
63,
"ours""",
"y""",
"ek""",
,
,
64,
PERSONNEL,""""
/ clinica,"l officer / medical assistant"""
"midwife""",
t attendan,"t"""
,
"PERSON""",
ional birt,"h attendant"""
ity/villag,"e health worker"""
,
,
65A,
,
,
,
65B,
,
,
,
65C,
,
,
,
65D,
,
,
,
65E,
,
,
,
65F,
,
,
,
65G,
,
,
,
65H,
,
,
,
65I,
,
,
,
65J,
,
,
,
65K,
,
,
,
65L,
,
,
,
65X,
,
,
,
66,
,
,
"know""",
,
67,
"ours""",
"y""",
"ek""",
,
,
68,
PERSONNEL,""""
/clinical,"officer/medical assistant"""
"midwife""",
t attendan,"t"""
,
"PERSON""",
ional birt,"h attendant"""
ity/villag,"e health worker"""
,
,
69,
,
dent's hom,"e"""
"home""",
"SECTOR""",
ment hospi,"tal"""
ment healt,"h center"""
ment healt,"h post"""
"public""",
E MEDICAL,"SECTOR"""
e hospital,", clinic"""
ISSION hos,"pital"""
ISSION hea,"lth center"""
,
private me,"dical"""
,
,
70,
,
,
"know""",
,
71,
ately/in f,"irst hour"""
"1""",
number mi,"ssing"""
"1""",
number mis,"sing"""
"1""",
number mi,"ssing"""
"know""",
,
72,
L PERSONNE,"L"""
", Clinical","officer, Medical assistant"""
"midwife""",
t attendan,"t"""
,
"PERSON""",
ional birt,"h attendant"""
ity/villag,"e health worker"""
,
,
73,
,
dent's hom,"e"""
"home""",
"SECTOR""",
ment hospi,"tal"""
ment healt,"h center"""
ment healt,"h post"""
"public""",
E MEDICAL,"SECTOR"""
e hospital,", clinic"""
ISSION hos,"pital"""
ISSION hea,"lth center"""
,
private me,"dical"""
,
,
74,
,
,
"know""",
,
75,
"ours""",
"y""",
"ek""",
,
,
76,
PERSONNEL,""""
/ clinica,"l officer / medical assistant"""
"midwife""",
t attendan,"t"""
surveilla,"nce assistant (HSA)"""
"PERSON""",
ional birt,"h attendant"""
,
,
77,
,
"chest, to","uching bare skin"""
"chest, no","touching of bare skin"""
"chest, DK","/Missing on toughing of bare skin"""
"know""",
,
78A,
,
,
"know""",
,
78B,
,
,
"know""",
,
78C,
,
,
"know""",
,
78D,
,
,
"know""",
,
78E,
,
,
"know""",
,
78F,
,
,
"know""",
,
78G,
,
,
"know""",
,
78H,
,
,
"know""",
,
78I,
,
,
"know""",
,
78J,
,
,
"know""",
,
401,
,
,
,
404,
,
,
,
405,
,
,
,
406,
,
,
,
407,
"and""",
,
408,
"and""",
,
409,
,
,
"know""",
,
409A,
,
,
"know""",
,
410,
,
,
"know""",
,
410A,
,
,
"know""",
,
411,
,
,
"know""",
,
411A,
,
,
"know""",
,
412,
,
,
"know""",
,
412A,
,
,
"know""",
,
412B,
,
,
"know""",
,
412C,
,
,
"know""",
,
413,
,
,
"know""",
,
413A,
,
,
"know""",
,
413B,
,
,
"know""",
,
413C,
,
,
"know""",
,
413D,
,
,
"know""",
,
414A,
,
,
"know""",
,
414B,
,
,
"know""",
,
414C,
,
,
"know""",
,
414D,
,
,
"know""",
,
414E,
,
,
"know""",
,
414F,
,
,
"know""",
,
414G,
,
,
"know""",
,
414H,
,
,
"know""",
,
414I,
,
,
"know""",
,
414J,
,
,
"know""",
,
414K,
,
,
"know""",
,
414L,
,
,
"know""",
,
414M,
,
,
"know""",
,
414N,
,
,
"know""",
,
414O,
,
,
"know""",
,
414P,
,
,
"know""",
,
414Q,
,
,
"know""",
,
414R,
,
,
"know""",
,
414S,
,
,
"know""",
,
414T,
,
,
"know""",
,
414U,
,
,
"know""",
,
414V,
,
,
"know""",
,
414W,
,
,
"know""",
,
415,
,
,
"know""",
,
416,
"heard of""",
"RS""",
"of ORS""",
,
426,
"ately""",
first hou,"r"""
"1""",
number mi,"ssing"""
"1""",
number mis,"sing"""
,
437,
"esent""",
"d""",
,
,
438,
"esent""",
"d""",
,
,
439,
"d cases""",
,
440,
"d cases""",
,
441,
"d cases""",
,
442,
"d cases""",
,
443,
"d cases""",
,
444,
"d cases""",
,
444A,
"d cases""",
,
445,
"d cases""",
,
446,
"d cases""",
,
447,
"ed""",
"esent""",
"d""",
,
surement f,"ound in household"""
,
452A,
"age 18""",
"or older""",
,
452B,
household,""""
,
452C,
"d""",
/other ref,"used"""
dent refus,"ed"""
parent not,"present"""
,
453,
"esent""",
"d""",
,
,
454,
"'t know""",
,
,
455,
"ed""",
"esent""",
"d""",
,
surement f,"ound in household"""
,
456,
"g""",
,
457,
"""",
"te""",
,
"emic""",
,
458,
,
,
,
459,
,
,
,
460,
,
"ildren""",
"hildren""",
in househ,"old"""
,
461,
,
,
,
462,
,
,
prepared m,"eal"""
,
463A,
,
,
,
463B,
,
,
,
463C,
,
,
,
463D,
,
,
,
463E,
,
,
,
463F,
,
,
,
463G,
,
,
,
463H,
,
,
,
463I,
,
,
,
463J,
,
,
,
463K,
,
,
,
463L,
,
,
,
463X,
,
,
,
463Z,
,
mokes noth,"ing"""
,
463AA,
"smokes""",
"day""",
"ays""",
,
463AB,
"smoke""",
"day""",
"ays""",
,
464,
,
"know""",
,
465,
oilet/latr,"ine"""
nsed in to,"ilet/latrine"""
nsed into,"drain or ditch"""
into garba,"ge"""
"""",
"away""",
sposable d,"iapers"""
shable dia,"pers"""
n the open,"/not disposed of"""
,
,
466,
,
,
"s""",
,
467A,
"blem""",
"oblem""",
big proble,"m"""
,
467B,
"blem""",
"oblem""",
big proble,"m"""
,
467C,
"blem""",
"oblem""",
big proble,"m"""
,
467D,
"blem""",
"oblem""",
big proble,"m"""
,
467E,
"blem""",
"oblem""",
big proble,"m"""
,
467F,
"blem""",
"oblem""",
big proble,"m"""
,
467G,
"blem""",
"oblem""",
big proble,"m"""
,
467H,
"blem""",
"oblem""",
big proble,"m"""
,
467I,
"blem""",
"oblem""",
big proble,"m"""
,
467J,
"blem""",
"oblem""",
big proble,"m"""
,
467K,
"blem""",
"oblem""",
big proble,"m"""
,
467L,
"blem""",
"oblem""",
big proble,"m"""
,
467M,
"blem""",
"oblem""",
big proble,"m"""
,
468,
ecific que,"stions"""
"irth only""",
rths in la,"st 5 years"""
,
469E,
,
,
,
,
469F,
,
,
,
,
469X,
,
,
,
,
471A,
,
,
"know""",
,
471B,
,
,
"know""",
,
471C,
,
,
"know""",
,
471D,
,
,
"know""",
,
471E,
,
,
"know""",
,
471F,
,
,
"know""",
,
471G,
,
,
"know""",
,
472A,
,
,
"know""",
,
472B,
,
,
"know""",
,
472C,
,
,
"know""",
,
472D,
,
,
"know""",
,
472E,
,
,
"know""",
,
472F,
,
,
"know""",
,
472G,
,
,
"know""",
,
472H,
,
,
"know""",
,
472I,
,
,
"know""",
,
472J,
,
,
"know""",
,
472K,
,
,
"know""",
,
472L,
,
,
"know""",
,
472M,
,
,
"know""",
,
472N,
,
,
"know""",
,
472O,
,
,
"know""",
,
472P,
,
,
"know""",
,
472Q,
,
,
"know""",
,
472R,
,
,
"know""",
,
472S,
,
,
"know""",
,
472T,
,
,
"know""",
,
472U,
,
,
"know""",
,
473A,
"d""",
/other res,"ponsible refused"""
dent refus,"ed"""
parent not,"present"""
not presen,"t"""
not teste,"d/lost/not enough DBS"""
,
473B,
"taken""",
"esent""",
"d""",
not teste,"d/lost/damaged/insufficient"""
ough DBS t,"o complete protocol"""
,
,
474,
,
,
,
474A,
,
,
,
474B,
,
,
,
474C,
,
,
,
474D,
,
,
,
474E,
,
,
,
474F,
,
,
,
474G,
,
,
,
474H,
,
,
,
474I,
,
,
,
474J,
,
,
,
474X,
,
,
,
474Z,
,
,
,
475,
,
,
"know""",
,
476,
,
emain a se,"cret"""
know/not s,"ure/depends"""
,
477,
,
,
"know""",
,
478,
,
,
"know""",
,
479,
"SECTOR""",
ment hospi,"tal"""
ment healt,"h center"""
public sec,"tor"""
"E SECTOR""",
e hospital,"/clinic/doctor"""
clinic/of,"fice"""
"cy""",
or home o,"f nurse/health worker"""
private se,"ctor"""
NON-MEDICA,"L"""
dent's hom,"e"""
,
,
480,
,
,
"know""",
,
481,
,
,
,
481A,
,
,
,
481B,
,
,
,
481C,
,
,
,
481D,
,
,
,
481E,
,
,
,
481F,
,
,
,
481G,
,
,
,
481H,
,
,
,
481X,
,
,
,
482A,
,
,
"""",
,
482B,
,
,
,
482C,
,
,
"""",
,
1,
"d""",
"een""",
"ot seen""",
ger has ca,"rd"""
,
1A,
ot have ei,"ther card or other document"""
ly health,"card and was seen"""
ly health,"card and wasn't seen"""
ly other d,"ocument and was seen"""
ly other d,"ocument and wasn't seen"""
rd/other d,"ocument but only card was seen"""
rd/other d,"ocument but only other document was seen"""
rd/other d,"ocument and both were seen"""
rd/other d,"ocument and none were seen"""
,
2,
,
ation date,"on card"""
ed by moth,"er"""
ation mark,"ed on card"""
"know""",
,
2D,
"istent""",
"know""",
,
2M,
"istent""",
"know""",
,
2Y,
"istent""",
"know""",
,
3,
,
ation date,"on card"""
ed by moth,"er"""
ation mark,"ed on card"""
"know""",
,
3D,
"istent""",
"know""",
,
3M,
"istent""",
"know""",
,
3Y,
"istent""",
"know""",
,
4,
,
ation date,"on card"""
ed by moth,"er"""
ation mark,"ed on card"""
"know""",
,
4D,
"istent""",
"know""",
,
4M,
"istent""",
"know""",
,
4Y,
"istent""",
"know""",
,
5,
,
ation date,"on card"""
ed by moth,"er"""
ation mark,"ed on card"""
"know""",
,
5D,
"istent""",
"know""",
,
5M,
"istent""",
"know""",
,
5Y,
"istent""",
"know""",
,
6,
,
ation date,"on card"""
ed by moth,"er"""
ation mark,"ed on card"""
"know""",
,
6D,
"istent""",
"know""",
,
6M,
"istent""",
"know""",
,
6Y,
"istent""",
"know""",
,
7,
,
ation date,"on card"""
ed by moth,"er"""
ation mark,"ed on card"""
"know""",
,
7D,
"istent""",
"know""",
,
7M,
"istent""",
"know""",
,
7Y,
"istent""",
"know""",
,
8,
,
ation date,"on card"""
ed by moth,"er"""
ation mark,"ed on card"""
"know""",
,
8D,
"istent""",
"know""",
,
8M,
"istent""",
"know""",
,
8Y,
"istent""",
"know""",
,
9,
,
ation date,"on card"""
ed by moth,"er"""
ation mark,"ed on card"""
"know""",
,
9D,
"istent""",
"know""",
,
9M,
"istent""",
"know""",
,
9Y,
"istent""",
"know""",
,
9A,
,
ation date,"on card"""
ed by moth,"er"""
ation mark,"ed on card"""
"know""",
,
9AD,
"istent""",
"know""",
,
9AM,
"istent""",
"know""",
,
9AY,
"istent""",
"know""",
,
0,
,
ation date,"on card"""
ed by moth,"er"""
ation mark,"ed on card"""
"know""",
,
0D,
"istent""",
"know""",
,
0M,
"istent""",
"know""",
,
0Y,
"istent""",
"know""",
,
10,
,
,
"know""",
,
33,
,
ation date,"on card"""
ed by moth,"er"""
ation mark,"ed on card"""
"know""",
,
33D,
"istent""",
"know""",
,
33M,
"istent""",
"know""",
,
33Y,
"istent""",
"know""",
,
35,
,
,
cination i,"n last 2 years"""
"know""",
,
36A,
,
,
"know""",
,
36B,
,
,
"know""",
,
36C,
,
,
"know""",
,
36D,
,
,
"know""",
,
36E,
,
,
"know""",
,
36F,
,
,
"know""",
,
40,
,
ation date,"on card"""
ed by moth,"er"""
ation mark,"ed on card"""
"know""",
,
40D,
"istent""",
"know""",
,
40M,
"istent""",
"know""",
,
40Y,
"istent""",
"know""",
,
41A,
,
,
"know""",
,
41B,
,
,
"know""",
,
50,
,
ation date,"on card"""
ed by moth,"er"""
ation mark,"ed on card"""
"know""",
,
50D,
"istent""",
"know""",
,
50M,
"istent""",
"know""",
,
50Y,
"istent""",
"know""",
,
51,
,
ation date,"on card"""
ed by moth,"er"""
ation mark,"ed on card"""
"know""",
,
51D,
"istent""",
"know""",
,
51M,
"istent""",
"know""",
,
51Y,
"istent""",
"know""",
,
52,
,
ation date,"on card"""
ed by moth,"er"""
ation mark,"ed on card"""
"know""",
,
52D,
"istent""",
"know""",
,
52M,
"istent""",
"know""",
,
52Y,
"istent""",
"know""",
,
53,
,
ation date,"on card"""
ed by moth,"er"""
ation mark,"ed on card"""
"know""",
,
53D,
"istent""",
"know""",
,
53M,
"istent""",
"know""",
,
53Y,
"istent""",
"know""",
,
54,
,
ation date,"on card"""
ed by moth,"er"""
ation mark,"ed on card"""
"know""",
,
54D,
"istent""",
"know""",
,
54M,
"istent""",
"know""",
,
54Y,
"istent""",
"know""",
,
55,
,
ation date,"on card"""
ed by moth,"er"""
ation mark,"ed on card"""
"know""",
,
55D,
"istent""",
"know""",
,
55M,
"istent""",
"know""",
,
55Y,
"istent""",
"know""",
,
56,
,
ation date,"on card"""
ed by moth,"er"""
ation mark,"ed on card"""
"know""",
,
56D,
"istent""",
"know""",
,
56M,
"istent""",
"know""",
,
56Y,
"istent""",
"know""",
,
57,
,
ation date,"on card"""
ed by moth,"er"""
ation mark,"ed on card"""
"know""",
,
57D,
"istent""",
"know""",
,
57M,
"istent""",
"know""",
,
57Y,
"istent""",
"know""",
,
58,
,
ation date,"on card"""
ed by moth,"er"""
ation mark,"ed on card"""
"know""",
,
58D,
"istent""",
"know""",
,
58M,
"istent""",
"know""",
,
58Y,
"istent""",
"know""",
,
59,
,
ation date,"on card"""
ed by moth,"er"""
ation mark,"ed on card"""
"know""",
,
59D,
"istent""",
"know""",
,
59M,
"istent""",
"know""",
,
59Y,
"istent""",
"know""",
,
60,
,
ation date,"on card"""
ed by moth,"er"""
ation mark,"ed on card"""
"know""",
,
60D,
"istent""",
"know""",
,
60M,
"istent""",
"know""",
,
60Y,
"istent""",
"know""",
,
61,
,
ation date,"on card"""
ed by moth,"er"""
ation mark,"ed on card"""
"know""",
,
61D,
"istent""",
"know""",
,
61M,
"istent""",
"know""",
,
61Y,
"istent""",
"know""",
,
62,
,
ation date,"on card"""
ed by moth,"er"""
ation mark,"ed on card"""
"know""",
,
62D,
"istent""",
"know""",
,
62M,
"istent""",
"know""",
,
62Y,
"istent""",
"know""",
,
63,
,
ation date,"on card"""
ed by moth,"er"""
ation mark,"ed on card"""
"know""",
,
63D,
"istent""",
"know""",
,
63M,
"istent""",
"know""",
,
63Y,
"istent""",
"know""",
,
64,
,
ation date,"on card"""
ed by moth,"er"""
ation mark,"ed on card"""
"know""",
,
64D,
"istent""",
"know""",
,
64M,
"istent""",
"know""",
,
64Y,
"istent""",
"know""",
,
65,
,
ation date,"on card"""
ed by moth,"er"""
ation mark,"ed on card"""
"know""",
,
65D,
"istent""",
"know""",
,
65M,
"istent""",
"know""",
,
65Y,
"istent""",
"know""",
,
66,
,
ation date,"on card"""
ed by moth,"er"""
ation mark,"ed on card"""
"know""",
,
66D,
"istent""",
"know""",
,
66M,
"istent""",
"know""",
,
66Y,
"istent""",
"know""",
,
80A,
,
,
"know""",
,
80B,
,
,
"know""",
,
80C,
,
,
"know""",
,
80D,
,
,
"know""",
,
80E,
,
,
"know""",
,
80F,
,
,
"know""",
,
80G,
,
,
"know""",
,
11,
,
ast 24 hou,"rs"""
ast two we,"eks"""
"know""",
,
11B,
,
,
"know""",
,
12A,
,
,
,
12B,
,
,
,
12C,
,
,
,
12D,
,
,
,
12E,
,
,
,
12F,
,
,
,
12G,
,
,
,
12H,
,
,
,
12I,
,
,
,
12J,
,
,
,
12K,
,
,
,
12L,
,
,
,
12M,
,
,
,
12N,
,
,
,
12O,
,
,
,
12P,
,
,
,
12Q,
,
,
,
12R,
,
,
,
12S,
,
,
,
12T,
,
,
,
12U,
,
,
,
12V,
,
,
,
12W,
,
,
,
12X,
,
,
,
12Y,
ceived tre,"atment"""
o treatmen,"t"""
,
12Z,
,
,
,
13,
,
RS - spont,"aneous"""
RS - probe,"d"""
"know""",
,
13B,
,
,
"know""",
,
14,
,
HS - spont,"aneous"""
HS - probe,"d"""
"know""",
,
15,
,
,
"know""",
,
15A,
,
,
"know""",
,
15B,
,
,
"know""",
,
15C,
,
,
"know""",
,
15D,
,
,
"know""",
,
15E,
,
,
"know""",
,
15F,
,
,
"know""",
,
15G,
,
,
"know""",
,
15H,
,
,
"know""",
,
15I,
,
,
"know""",
,
15J,
,
,
"know""",
,
15K,
,
,
"know""",
,
15L,
,
,
"know""",
,
15M,
,
,
"know""",
,
20,
,
,
"know""",
,
21A,
ceived tre,"atment"""
o treatmen,"t"""
"know""",
,
21,
,
,
,
22,
,
,
"know""",
,
31,
,
ast 24 hou,"rs"""
ast two we,"eks"""
"know""",
,
31B,
,
,
"know""",
,
31C,
"only""",
"nly""",
,
,
"know""",
,
31D,
g to drink,""""
"ess""",
"at less""",
"the same""",
,
"know""",
,
31E,
"d food""",
"gave food""",
"ess""",
"at less""",
"the same""",
,
"know""",
,
32A,
,
,
,
32B,
,
,
,
32C,
,
,
,
32D,
,
,
,
32E,
,
,
,
32F,
,
,
,
32G,
,
,
,
32H,
,
,
,
32I,
,
,
,
32J,
,
,
,
32K,
,
,
,
32L,
,
,
,
32M,
,
,
,
32N,
,
,
,
32O,
,
,
,
32P,
,
,
,
32Q,
,
,
,
32R,
,
,
,
32S,
,
,
,
32T,
,
,
,
32U,
,
,
,
32V,
,
,
,
32W,
,
,
,
32X,
,
,
,
32Y,
ceived tre,"atment"""
o treatmen,"t"""
,
32Z,
,
,
,
34,
,
,
"know""",
,
37A,
,
,
,
37B,
,
,
,
37C,
,
,
,
37D,
,
,
,
37DA,
,
,
,
37E,
,
,
,
37AA,
,
,
,
37AB,
,
,
,
37F,
,
,
,
37G,
,
,
,
37H,
,
,
,
37I,
,
,
,
37J,
,
,
,
37K,
,
,
,
37L,
,
,
,
37M,
,
,
,
37N,
,
,
,
37O,
,
,
,
37P,
,
,
,
37X,
,
,
,
37Y,
,
othing tak,"en"""
,
37Z,
,
"on't know""",
,
38,
g to drink,""""
"ess""",
"at less""",
"the same""",
,
"know""",
,
39,
"d food""",
"gave food""",
"ess""",
"at less""",
"the same""",
,
"know""",
,
42,
,
,
"know""",
,
43,
,
,
"know""",
,
44A,
"SECTOR""",
ment hospi,"tal"""
ment healt,"h center"""
ment healt,"h post / outreach"""
ment mobil,"e clinic"""
"ment HSA""",
public sec,"tor"""
"E SECTOR""",
e hospital,", clinic"""
"cy""",
"e doctor""",
e mobile c,"linic"""
"e HSA""",
mission h,"ospital"""
mission h,"ealth center"""
private me,"dical"""
,
,
ional prac,"titioner"""
"""",
,
,
Drop in Ce,"nter"""
,
,
44B,
"ay""",
"know""",
,
44C,
,
,
"know""",
,
45,
"know""",
,
46A,
"SECTOR""",
ment hospi,"tal"""
ment healt,"h center"""
ment healt,"h post / outreach"""
ment mobil,"e clinic"""
"ment HSA""",
public sec,"tor"""
"E SECTOR""",
e hospital,", clinic"""
"cy""",
"e doctor""",
e mobile c,"linic"""
"e HSA""",
mission h,"ospital"""
mission h,"ealth center"""
private me,"dical sector"""
,
,
ional prac,"titioner"""
"""",
ant drug s,"eller"""
,
,
drop in ce,"nter"""
,
,
46B,
"ay""",
"know""",
,
47,
,
,
"know""",
,
100,
"ay""",
,
W2,
"esent""",
"d""",
,
,
W3,
"esent""",
"d""",
,
,
W4,
"d cases""",
,
W5,
"d cases""",
,
W6,
"d cases""",
,
W7,
"d cases""",
,
W8,
"d cases""",
,
W9,
"d cases""",
,
W10,
"d cases""",
,
W11,
"d cases""",
,
W12,
"d cases""",
,
W13,
"ed""",
,
,
"esent""",
"d""",
"refused""",
,
surement f,"ound in household"""
,
W15,
"asured""",
,
"ng""",
,
W16,
"istent""",
"know""",
,
W51,
household,""""
,
W52,
"d""",
"d""",
esent/othe,"r"""
,
W53,
"esent""",
"d""",
,
,
W55,
"ed""",
,
"esent""",
"d""",
,
surement f,"ound in household"""
,
W56,
"istent""",
,
W57,
"""",
"te""",
,
"emic""",
,
W58,
,
,
,
W70,
out of pl,"ausible limits"""
days out,"of plausible limits"""
"d cases""",
,
W71,
out of pl,"ausible limits"""
days out,"of plausible limits"""
"d cases""",
,
W72,
out of pl,"ausible limits"""
days out,"of plausible limits"""
"d cases""",
,
W73,
out of pl,"ausible limits"""
days out,"of plausible limits"""
"d cases""",
,
501,
"in union""",
"d""",
with part,"ner"""
"d""",
"ed""",
ger living,"together/separated"""
,
502,
"in union""",
tly in uni,"on/living with a man"""
ly in unio,"n/living with a man"""
,
503,
,
"han once""",
,
504,
"with her""",
g elsewher,"e"""
,
505,
"er wives""",
"know""",
,
506,
"know""",
,
510,
and year -,"information complete"""
and age -,"year imputed"""
nd age - m,"onth imputed"""
age/month,"imputed"""
year/month,"imputed"""
#NAME?,"imputed"""
all imput,"ed"""
,
513,
"married""",
,
,
,
,
,
,
,
,
525,
"d sex""",
"st union""",
"istent""",
"know""",
,
527,
"ago""",
"1""",
number mis,"sing"""
"1""",
number mi,"ssing"""
": 1""",
: number m,"issing"""
"1""",
number mi,"ssing"""
last 4 we,"eks"""
last birt,"h"""
"istent""",
"know""",
,
528,
"ys""",
last 4 we,"eks"""
last birt,"h"""
"istent""",
"know""",
,
529,
last 4 we,"eks"""
last birt,"h"""
"istent""",
"know""",
,
530,
"g""",
terval sin,"ce birth"""
stinence >,"interval"""
sex not r,"es."""
t no birth,""""
t currentl,"y pregnant"""
t resumed,"sex"""
t sex befo,"re pregnancy"""
onsistent,"4 weeks"""
before la,"st birth"""
,
531,
"d sex""",
"istent""",
"know""",
,
532,
"g""",
"interview""",
conception,">= 1 year"""
conception,"< 1 year"""
"riage, but","never married"""
"riage, but","after conception"""
"marriage""",
,
535,
,
ly married,""""
with a man,""""
,
536,
"had sex""",
in last 4,"weeks"""
tive in la,"st 4 weeks - postpartum abstinence"""
tive in la,"st 4 weeks - not postpartum abstinence"""
,
537,
,
last birt,"h"""
"istent""",
"know""",
,
538,
"widowhood""",
"e""",
"tion""",
,
539,
"dent""",
"wife""",
's childre,"n"""
"'s family""",
,
"perty""",
,
540,
,
,
,
541,
,
,
"know""",
,
602,
"nother""",
"ded""",
"e""",
ized (resp,"ondent or partner)"""
ed infecun,"d"""
"had sex""",
,
603,
"now""",
": 1""",
: number m,"issing"""
"1""",
number mi,"ssing"""
"marriage""",
"now""",
non-numer,"ic"""
"istent""",
"know""",
,
604,
"nths""",
"""",
"s""",
"s""",
"s""",
"s""",
"rs""",
"meric""",
"know""",
,
605,
within 2 y,"ears"""
after 2+ y,"ears"""
unsure ti,"ming"""
"ded""",
"no more""",
ized (resp,"ondent or partner)"""
ed infecun,"d"""
"had sex""",
,
613,
meric resp,"onse"""
"know""",
,
614,
,
meric resp,"onse"""
,
616,
"now""",
": 1""",
: number m,"issing"""
"1""",
number mi,"ssing"""
"marriage""",
"ow""",
get pregna,"nt"""
,
"know""",
,
621,
"ant same""",
d wants mo,"re"""
d wants fe,"wer"""
"know""",
,
623,
"""",
"nt""",
rtum ameno,"rrheic"""
"nd, menopa","usal"""
,
624,
"had sex""",
need for s,"pacing"""
need for l,"imiting"""
for spacin,"g"""
for limiti,"ng"""
"g failure""",
ng failure,""""
"et need""",
rried and,"no sex in last 30 days"""
"nd, menopa","usal"""
,
625,
"""",
"nt""",
rtum ameno,"rrheic"""
"nd, menopa","usal"""
,
626,
"had sex""",
need for s,"pacing"""
need for l,"imiting"""
for spacin,"g"""
for limiti,"ng"""
"g failure""",
ng failure,""""
"et need""",
rried and,"no sex in last 30 days"""
"nd, menopa","usal"""
,
625A,
"""",
"nt""",
rtum ameno,"rrheic"""
"nd, menopa","usal"""
,
626A,
"had sex""",
need for s,"pacing"""
need for l,"imiting"""
for spacin,"g"""
for limiti,"ng"""
"et need""",
rried and,"no sex in last 30 days"""
"nd, menopa","usal"""
,
627,
,
"know""",
,
628,
,
"know""",
,
629,
,
"know""",
,
631,
"oblem""",
"problem""",
"blem""",
he can't g,"et pregnant/not having sex"""
,
632,
responden,"t"""
"husband,","partner"""
"decision""",
,
,
632A,
responden,"t"""
"husband,","partner"""
"decision""",
,
,
633A,
,
,
"know""",
,
633B,
,
,
"know""",
,
633C,
,
,
"know""",
,
633D,
,
,
"know""",
,
633E,
,
,
"know""",
,
633F,
,
,
"know""",
,
633G,
,
,
"know""",
,
634,
,
,
"know""",
,
701,
"cation""",
"y""",
"ary""",
"""",
"know""",
,
702,
rs complet,"ed at level V701"""
"know""",
,
704,
sioned Arm,"ed Forces Officers"""
mmissioned,"Armed Forces Officers"""
Forces Occ,"upation and Other Ranks"""
"Executive,","Senior Official and Legislators"""
strative a,"nd Commercial Managers"""
tion and S,"pecialized Service Managers"""
"ality, Ret","ail and Other Service Managers"""
e and Engi,"neering Professionals"""
Professio,"nals"""
ng Profess,"ionals"""
ss and Adm,"inistration Professionals"""
ation and,"Communications Technology Professionals"""
Social an,"d Cultural Professionals"""
e and Engi,"neering Associate Profesionals"""
Associate,"Professionals"""
ss and Adm,"inistration Associate Professionals"""
"Social, C","ultural and Related Associate Professionals"""
ation and,"Communications Technicians"""
l and Keyb,"oard Clerks"""
er Service,"s Clerks"""
cal and Ma,"terial Recoding Clerks"""
Clerical S,"upport Workers"""
al Service,"s Workers"""
"Workers""",
al Care Wo,"rkers"""
tive Servi,"ce Workers"""
#NAME?,"Skilled Agricultural Workers"""
#NAME?,"Skilled Forestry, Fishery and Hunting Workers"""
tence Farm,"ers, Fishers, Hunters and Gatherers"""
ng and Rel,"ated Trades Workers"""
Machinery,"and Related Trades Workers"""
raft and P,"rinting Workers"""
ical and E,"lectronics Trades Workers"""
"rocessing,","Woodworking, Garment and Other Craft and Related Trades Workers"""
nary Plant,"s and Machine Operators"""
"lers""",
s and Mobi,"le Plant Operators"""
rs and Hel,"pers"""
"ltural, Fo","rrestry and Fishery Labourers"""
ers in Min,"ing, Construction, Manufacturing and Transport"""
reparation,"Assistants"""
and Relat,"ed Sales and Services Workers"""
,
Workers a,"nd Other Elementary Workers"""
rking and,"didn't work in last 12 months"""
"know""",
,
704A,
work last,"12 months"""
last 7 da,"ys"""
last 12 m,"onths"""
"know""",
,
705,
"t work""",
sional/tec,"hnical/managerial"""
"al""",
,
ltural - s,"elf employed"""
ltural - e,"mployee"""
old and do,"mestic"""
"es""",
"d manual""",
led manual,""""
"know""",
,
714,
,
,
,
714A,
,
,
,
715,
"istent""",
"know""",
,
716,
rking and,"didn't work in last 12 months"""
sioned Arm,"ed Forces Officers"""
mmissioned,"Armed Forces Officers"""
Forces Occ,"upation and Other Ranks"""
"Executive,","Senior Official and Legislators"""
strative a,"nd Commercial Managers"""
tion and S,"pecialized Service Managers"""
"ality, Ret","ail and Other Service Managers"""
e and Engi,"neering Professionals"""
Professio,"nals"""
ng Profess,"ionals"""
ss and Adm,"inistration Professionals"""
ation and,"Communications Technology Professionals"""
Social an,"d Cultural Professionals"""
e and Engi,"neering Associate Profesionals"""
Associate,"Professionals"""
ss and Adm,"inistration Associate Professionals"""
"Social, C","ultural and Related Associate Professionals"""
ation and,"Communications Technicians"""
l and Keyb,"oard Clerks"""
er Service,"s Clerks"""
cal and Ma,"terial Recoding Clerks"""
Clerical S,"upport Workers"""
al Service,"s Workers"""
"Workers""",
al Care Wo,"rkers"""
tive Servi,"ce Workers"""
#NAME?,"Skilled Agricultural Workers"""
#NAME?,"Skilled Forestry, Fishery and Hunting Workers"""
tence Farm,"ers, Fishers, Hunters and Gatherers"""
ng and Rel,"ated Trades Workers"""
Machinery,"and Related Trades Workers"""
raft and P,"rinting Workers"""
ical and E,"lectronics Trades Workers"""
"rocessing,","Woodworking, Garment and Other Craft and Related Trades Workers"""
nary Plant,"s and Machine Operators"""
"lers""",
s and Mobi,"le Plant Operators"""
rs and Hel,"pers"""
"ltural, Fo","rrestry and Fishery Labourers"""
ers in Min,"ing, Construction, Manufacturing and Transport"""
reparation,"Assistants"""
and Relat,"ed Sales and Services Workers"""
,
Workers a,"nd Other Elementary Workers"""
"know""",
,
717,
"rking""",
sional/tec,"hnical/managerial"""
"al""",
,
ltural - s,"elf employed"""
ltural - e,"mployee"""
old and do,"mestic"""
"es""",
"d manual""",
led manual,""""
"know""",
,
719,
mily membe,"r"""
meone else,""""
"mployed""",
,
721,
"e""",
,
,
729,
"cation""",
lete prima,"ry"""
te primary,""""
lete secon,"dary"""
te seconda,"ry"""
"""",
"know""",
,
730,
,
"know""",
,
731,
,
past year,""""
tly workin,"g"""
"job, but","on leave last 7 days"""
,
732,
"ar""",
"al""",
"onal""",
,
739,
dent alone,""""
dent and h,"usband/partner"""
dent and o,"ther person"""
d/partner,"alone"""
"e else""",
,
740,
"nd""",
"land""",
e else's l,"and"""
"land""",
"know""",
,
741,
"id""",
"nly""",
nd in-kind,""""
"d only""",
,
743A,
dent alone,""""
dent and h,"usband/partner"""
dent and o,"ther person"""
d/partner,"alone"""
"e else""",
,
,
743B,
dent alone,""""
dent and h,"usband/partner"""
dent and o,"ther person"""
d/partner,"alone"""
"e else""",
,
,
743C,
dent alone,""""
dent and h,"usband/partner"""
dent and o,"ther person"""
d/partner,"alone"""
"e else""",
,
,
743D,
dent alone,""""
dent and h,"usband/partner"""
dent and o,"ther person"""
d/partner,"alone"""
"e else""",
,
,
743E,
dent alone,""""
dent and h,"usband/partner"""
dent and o,"ther person"""
d/partner,"alone"""
"e else""",
,
,
743F,
dent alone,""""
dent and h,"usband/partner"""
dent and o,"ther person"""
d/partner,"alone"""
"e else""",
,
d/partner,"has no earnings"""
,
744A,
,
,
"know""",
,
744B,
,
,
"know""",
,
744C,
,
,
"know""",
,
744D,
,
,
"know""",
,
744E,
,
,
"know""",
,
745A,
"ot own""",
"only""",
"y only""",
lone and j,"ointly"""
,
745B,
"ot own""",
"only""",
"y only""",
lone and j,"ointly"""
,
745C,
ot have a,"title deed"""
title deed,"and respondent on title"""
title deed,"but respondent not on title"""
title deed,"DK if respondent on title"""
has a titl,"e deed"""
,
745D,
ot have a,"title deed"""
title deed,"and respondent on title"""
title deed,"but respondent not on title"""
title deed,"DK if respondent on title"""
has a titl,"e deed"""
,
746,
"han him""",
"han him""",
"the same""",
d/partner,"doesn't bring in money"""
"know""",
,
750,
,
,
"know""",
,
751,
,
,
,
754BP,
,
,
"know""",
,
754CP,
,
,
"know""",
,
754DP,
,
,
"know""",
,
754JP,
,
,
"know""",
,
754WP,
,
,
"know""",
,
756,
,
,
"know""",
,
761,
,
,
"know""",
,
761B,
,
,
"know""",
,
761C,
,
,
"know""",
,
762,
"""",
ment hospi,"tal"""
ment healt,"h center"""
ment healt,"h post / outreach"""
ment mobil,"e clinic"""
"ment HSA""",
ment CBDA,"/ door to door"""
public sec,"tor"""
E MEDICAL:,"other private medical"""
e hospital,"/ clinic"""
e pharmacy,""""
"e doctor""",
e mobile c,"linic"""
e CBDA / d,"oor to door"""
mission h,"ospital"""
mission h,"ealth center"""
mission m,"obile clinic"""
mission d,"oor to door"""
"PRIVATE""",
,
"""",
/ relativ,"e"""
ised campa,"igns"""
,
,
drop in ce,"nter"""
,
,
,
762A,
"ngo""",
"hi""",
"touch""",
female  co,"ndom)"""
sector co,"ndoms"""
,
"know""",
,
762AA,
,
,
,
762AB,
,
,
,
762AC,
,
,
,
762AD,
,
,
,
762AE,
,
,
,
762AF,
,
,
,
762AG,
,
,
,
762AH,
,
,
,
762AI,
,
,
,
762AJ,
,
,
,
762AK,
,
,
,
762AL,
,
,
,
762AM,
,
,
,
762AN,
,
,
,
762AO,
,
,
,
762AP,
,
,
,
762AQ,
,
,
,
762AR,
,
,
,
762AS,
,
,
,
762AT,
,
,
,
762AU,
,
,
,
762AV,
,
,
,
762AW,
,
,
,
762AX,
,
,
,
762AZ,
urce known,""""
o source k,"nown"""
,
762BA,
,
,
,
762BB,
,
,
,
762BC,
,
,
,
762BD,
,
,
,
762BE,
,
,
,
762BF,
,
,
,
762BG,
,
,
,
762BH,
,
,
,
762BI,
,
,
,
762BJ,
,
,
,
762BK,
,
,
,
762BL,
,
,
,
762BM,
,
,
,
762BN,
,
,
,
762BO,
,
,
,
762BP,
,
,
,
762BQ,
,
,
,
762BR,
,
,
,
762BS,
,
,
,
762BT,
,
,
,
762BU,
,
,
,
762BV,
,
,
,
762BW,
,
,
,
762BX,
,
,
,
762BZ,
urce known,""""
o source k,"nown"""
,
763A,
,
,
"know""",
,
763B,
,
,
"know""",
,
763C,
,
,
"know""",
,
763D,
,
,
"know""",
,
763E,
,
,
"know""",
,
763F,
,
,
"know""",
,
763G,
,
,
"know""",
,
766A,
"know""",
,
766B,
"know""",
,
767A,
"""",
end not li,"ving with respondent"""
"friend""",
acquainta,"nce"""
"ve""",
cial sex w,"orker"""
"n partner""",
,
,
767B,
"""",
end not li,"ving with respondent"""
"friend""",
acquainta,"nce"""
"ve""",
cial sex w,"orker"""
"n partner""",
,
,
767C,
"""",
end not li,"ving with respondent"""
"friend""",
acquainta,"nce"""
"ve""",
cial sex w,"orker"""
"n partner""",
,
,
768A,
"y""",
"nth""",
"ar""",
,
768B,
"y""",
"nth""",
"ar""",
,
768C,
"y""",
"nth""",
"ar""",
,
769,
,
,
"know""",
,
769A,
,
,
"know""",
,
770,
,
,
,
770A,
,
,
,
770B,
,
,
,
770C,
,
,
,
770D,
,
,
,
770E,
,
,
,
770F,
,
,
,
770G,
,
,
,
770H,
,
,
,
770I,
,
,
,
770J,
,
,
,
770K,
,
,
,
770L,
,
,
,
770M,
,
,
,
770N,
,
,
,
770O,
,
,
,
770P,
,
,
,
770Q,
,
,
,
770R,
,
,
,
770S,
,
,
,
770T,
,
,
,
770U,
,
,
,
770V,
,
,
,
770W,
,
,
,
770X,
,
,
,
774A,
,
,
"know""",
,
774B,
,
,
"know""",
,
774C,
,
,
"know""",
,
775,
,
,
"know""",
,
777,
,
,
"know""",
,
777A,
"ee""",
,
know/not s,"ure/depends"""
,
778,
,
,
"know""",
,
779,
,
,
"know""",
,
780,
,
,
"know""",
,
781,
,
,
,
783,
,
,
,
784A,
,
,
,
784B,
,
,
,
784C,
,
,
,
784D,
,
,
,
784E,
,
,
,
784F,
,
,
,
784G,
,
,
,
784H,
,
,
,
784I,
,
,
,
784J,
,
,
,
784K,
,
,
,
784L,
,
,
,
784M,
,
,
,
784N,
,
,
,
784O,
,
,
,
784P,
,
,
,
784Q,
,
,
,
784R,
,
,
,
784S,
,
,
,
784T,
,
,
,
784U,
,
,
,
784V,
,
,
,
784X,
,
,
,
785,
,
,
,
791A,
,
,
,
820,
,
,
"know""",
,
821A,
"r""",
the same a,"ge"""
han 10 yea,"rs older"""
more years,"older"""
don't kno,"w difference"""
"know""",
,
821B,
"r""",
the same a,"ge"""
han 10 yea,"rs older"""
more years,"older"""
don't kno,"w difference"""
"know""",
,
821C,
"r""",
the same a,"ge"""
han 10 yea,"rs older"""
more years,"older"""
don't kno,"w difference"""
"know""",
,
822,
,
,
"know""",
,
823,
,
,
"know""",
,
824,
,
,
"know""",
,
825,
,
,
"know""",
,
826,
han 12 mon,"ths"""
"months""",
"s or more""",
,
826A,
more year,"s"""
"know""",
,
827,
for the te,"st"""
d and acce,"pted"""
"ed""",
,
828,
,
,
,
829,
"SECTOR""",
ment hospi,"tal"""
ment healt,"h center"""
ment healt,"h post / outreach"""
"ment HSA""",
ment door,"to door"""
public sec,"tor"""
"E SECTOR""",
e hospital,", clinic or doctor"""
e pharmacy,""""
mission h,"ospital"""
mission h,"ealth center"""
mission m,"obile clinic"""
mission d,"oor to door"""
e lighthou,"se"""
e dream ce,"nter"""
private me,"dical"""
,
"ace""",
tional fac,"ility"""
,
,
,
"know""",
,
830,
,
"know""",
,
831,
"r""",
the same a,"ge"""
han 10 yea,"rs older"""
more years,"older"""
don't kno,"w difference"""
"know""",
,
832B,
"ago""",
"1""",
number mis,"sing"""
"1""",
number mi,"ssing"""
": 1""",
: number m,"issing"""
"1""",
last 4 we,"eks"""
last birt,"h"""
"istent""",
"know""",
,
832C,
"ago""",
"1""",
number mis,"sing"""
"1""",
number mi,"ssing"""
": 1""",
: number m,"issing"""
"1""",
last 4 we,"eks"""
last birt,"h"""
"istent""",
"know""",
,
833A,
,
,
,
833B,
,
,
,
833C,
,
,
,
834A,
,
"know""",
,
834B,
,
"know""",
,
834C,
,
"know""",
,
835A,
,
dent drunk,"only"""
r drunk on,"ly"""
"runk""",
r drunk bu,"t consumed alcohol"""
,
835B,
,
dent drunk,"only"""
r drunk on,"ly"""
"runk""",
r drunk bu,"t consumed alcohol"""
,
835C,
,
dent drunk,"only"""
r drunk on,"ly"""
"runk""",
r drunk bu,"t consumed alcohol"""
,
836,
,
"know""",
,
837,
,
,
"know""",
,
838A,
,
,
"know""",
,
838B,
,
,
"know""",
,
838C,
,
,
"know""",
,
839,
,
,
,
839A,
,
,
,
840,
,
,
,
840A,
,
,
,
841,
,
,
,
841A,
,
,
,
842,
"SECTOR""",
ment hospi,"tal"""
ment healt,"h center"""
ment healt,"h post / outreach"""
"ment HSA""",
ment door,"to door"""
public sec,"tor"""
"E SECTOR""",
e hospital,", clinic or doctor"""
e pharmacy,""""
mission h,"ospital"""
mission h,"ealth center"""
mission m,"obile clinic"""
mission d,"oor to door"""
e lighthou,"se"""
e dream ce,"nter"""
private me,"dical"""
,
"ace""",
tional fac,"ility"""
,
,
,
,
843,
,
,
,
844,
,
,
know anyon,"e with HIV"""
,
845,
,
,
,
846,
,
,
,
847,
"ee""",
,
know/no op,"inion"""
,
848,
"ee""",
,
know/no op,"inion"""
,
849,
,
,
know/depen,"ds"""
,
850A,
,
,
know/not s,"ure/depends"""
,
850B,
,
,
know/not s,"ure/depends"""
,
851A,
,
,
know/not s,"ure/depends"""
,
851B,
,
,
know/not s,"ure/depends"""
,
851C,
,
,
know/not s,"ure/depends"""
,
851D,
,
,
know/not s,"ure/depends"""
,
851E,
,
,
know/not s,"ure/depends"""
,
851F,
,
,
know/not s,"ure/depends"""
,
851G,
,
,
know/not s,"ure/depends"""
,
851H,
,
,
know/not s,"ure/depends"""
,
851I,
,
,
know/not s,"ure/depends"""
,
851J,
,
,
know/not s,"ure/depends"""
,
851K,
,
,
know/not s,"ure/depends"""
,
851L,
,
,
know/not s,"ure/depends"""
,
852A,
"1""",
number mis,"sing"""
"1""",
number mi,"ssing"""
": 1""",
: number m,"issing"""
"1""",
number mi,"ssing"""
,
852B,
"1""",
number mis,"sing"""
"1""",
number mi,"ssing"""
": 1""",
: number m,"issing"""
"1""",
number mi,"ssing"""
,
852C,
"1""",
number mis,"sing"""
"1""",
number mi,"ssing"""
": 1""",
: number m,"issing"""
"1""",
number mi,"ssing"""
,
853A,
,
"know""",
,
853B,
,
"know""",
,
853C,
,
"know""",
,
854A,
,
,
,
854B,
,
,
,
855,
,
,
"know""",
,
856,
heard of H,"IV test kits"""
sted with,"HIV test kits"""
test kits,"but never tested with them"""
test kits,"un-known if tested"""
,
857A,
,
,
know/not s,"ure/depends"""
,
857B,
,
,
know/not s,"ure/depends"""
,
857C,
,
,
know/not s,"ure/depends"""
,
857D,
,
,
know/not s,"ure/depends"""
,
858,
,
,
he has HIV,""""
know/not s,"ure/depends"""
,
801,
"g""",
,
802,
"g""",
,
803,
,
"its""",
"istent""",
,
804,
"g""",
,
806,
"g""",
,
811,
,
"listening""",
not listen,"ing"""
,
812,
,
"listening""",
not listen,"ing"""
,
813,
,
"listening""",
not listen,"ing"""
,
814,
,
"listening""",
not listen,"ing"""
,
815A,
,
,
,
815B,
,
,
,
815C,
,
,
,
COL,
ncies and,"contraception"""
for disco,"ntinuation"""
ge and uni,"ons"""
and commun,"ities"""
of method,""""
y specific,""""
y specific,""""
y specific,""""
y specific,""""
,
M1,
,
"""",
"know""",
,
M2,
,
,
"know""",
,
M3,
,
"know""",
,
M5,
"married""",
"arried""",
"know""",
,
M6,
,
"know""",
,
M7,
,
"know""",
,
M9,
"pregnant""",
not relate,"d"""
hile pregn,"ant"""
uring deli,"very"""
"delivery""",
s after de,"livery"""
hs after d,"elivery"""
"know""",
,
M10,
,
,
"know""",
,
M11,
y specific,""""
,
M12,
"ay""",
"1""",
number mis,"sing"""
": 1""",
: number m,"issing"""
"1""",
number mi,"ssing"""
"istent""",
"know""",
,
M13,
y specific,""""
,
M14,
"g""",
,
M15,
"know""",
,
M16,
,
"ce""",
"nt""",
,
MC1,
"g""",
,
MC2,
"g""",
,
MC3,
dent repor,"ted"""
,
MC4,
"g""",
,
MC5,
"rs""",
"rs""",
"rs""",
"rs""",
,
L0,
"""",
reated net,"s"""
reated and,"untreated nets"""
ntreated n,"ets"""
,
L1,
"know""",
,
L2,
"tal visit""",
r facility,"visit"""
"source""",
,
L11,
,
"ever only""",
"ough only""",
ever and c,"ough"""
"know""",
,
L12,
,
,
"know""",
,
L13A,
,
,
,
L13B,
,
,
,
L13C,
,
,
,
L13D,
,
,
,
L13DA,
,
,
,
L13E,
,
,
,
L13AA,
,
,
,
L13AB,
,
,
,
L13F,
,
,
,
L13G,
,
,
,
L13H,
,
,
,
L13I,
,
,
,
L13J,
,
,
,
L13K,
,
,
,
L13L,
,
,
,
L13M,
,
,
,
L13N,
,
,
,
L13O,
,
,
,
L13P,
,
,
,
L13X,
,
,
,
L13Y,
,
othing tak,"en"""
,
L13Z,
,
"on't know""",
,
L14A,
,
,
,
L14B,
,
,
,
L14Y,
,
,
,
L14Z,
,
,
,
L15A,
ay as feve,"r/cough"""
"ay""",
"after""",
"after""",
"s after""",
"know""",
,
L15B,
"s""",
"know""",
,
L15C,
"source""",
"e""",
"know""",
,
L16A,
ay as feve,"r/cough"""
"ay""",
"after""",
"after""",
"s after""",
"know""",
,
L16B,
"s""",
"know""",
,
L16C,
"source""",
"e""",
"know""",
,
L17A,
ay as feve,"r/cough"""
"ay""",
"after""",
"after""",
"s after""",
"know""",
,
L17B,
"s""",
"know""",
,
L17C,
"source""",
"e""",
"know""",
,
L18A,
ay as feve,"r/cough"""
"ay""",
"after""",
"after""",
"s after""",
"know""",
,
L18B,
"s""",
"know""",
,
L18C,
"source""",
"e""",
"know""",
,
L19A,
,
,
,
L19B,
,
,
,
L19C,
,
,
,
L19D,
,
,
,
L19E,
,
,
,
L19F,
,
,
,
L19X,
,
,
,
L19Y,
,
,
,
L19Z,
,
,
,
L20A,
ay as feve,"r/cough"""
"ay""",
"after""",
"after""",
"s after""",
"know""",
,
L20B,
"s""",
"know""",
,
L20C,
"source""",
"e""",
"know""",
,
L21A,
ay as feve,"r/cough"""
"ay""",
"after""",
"after""",
"s after""",
"know""",
,
L21B,
"s""",
"know""",
,
L21C,
"source""",
"e""",
"know""",
,
L22A,
ay as feve,"r/cough"""
"ay""",
"after""",
"after""",
"s after""",
"know""",
,
L22B,
"s""",
"know""",
,
L22C,
"source""",
"e""",
"know""",
,
L23A,
ay as feve,"r/cough"""
"ay""",
"after""",
"after""",
"s after""",
"know""",
,
L23B,
"s""",
"know""",
,
L23C,
"source""",
"e""",
"know""",
,
L24C,
"source""",
"e""",
"know""",
,
L25A,
ay as feve,"r/cough"""
"ay""",
"after""",
"after""",
"s after""",
"know""",
,
101A,
,
,
"know""",
,
101B,
,
,
"know""",
,
101C,
,
,
"know""",
,
101D,
,
,
"know""",
,
101E,
,
,
"know""",
,
101F,
,
,
"know""",
,
101G,
,
,
"know""",
,
101H,
,
,
"know""",
,
101I,
,
,
"know""",
,
101J,
,
,
"know""",
,
102,
"g""",
,
103A,
,
,
"mes""",
ut not in,"the last 12 months"""
ut frequen,"cy in last 12 months missing"""
,
103B,
,
,
"mes""",
ut not in,"the last 12 months"""
ut frequen,"cy in last 12 months missing"""
,
103C,
,
,
"mes""",
ut not in,"the last 12 months"""
ut frequen,"cy in last 12 months missing"""
,
103D,
,
,
"mes""",
ut not in,"the last 12 months"""
ut frequen,"cy in last 12 months missing"""
,
103E,
,
,
"mes""",
ut not in,"the last 12 months"""
ut frequen,"cy in last 12 months missing"""
,
103F,
,
,
"mes""",
ut not in,"the last 12 months"""
ut frequen,"cy in last 12 months missing"""
,
104,
,
,
,
105A,
,
,
"mes""",
ut not in,"the last 12 months"""
ut frequen,"cy in last 12 months missing"""
,
105B,
,
,
"mes""",
ut not in,"the last 12 months"""
ut frequen,"cy in last 12 months missing"""
,
105C,
,
,
"mes""",
ut not in,"the last 12 months"""
ut frequen,"cy in last 12 months missing"""
,
105D,
,
,
"mes""",
ut not in,"the last 12 months"""
ut frequen,"cy in last 12 months missing"""
,
105E,
,
,
"mes""",
ut not in,"the last 12 months"""
ut frequen,"cy in last 12 months missing"""
,
105F,
,
,
"mes""",
ut not in,"the last 12 months"""
ut frequen,"cy in last 12 months missing"""
,
105G,
,
,
"mes""",
ut not in,"the last 12 months"""
ut frequen,"cy in last 12 months missing"""
,
105H,
,
,
"mes""",
ut not in,"the last 12 months"""
ut frequen,"cy in last 12 months missing"""
,
105I,
,
,
"mes""",
ut not in,"the last 12 months"""
ut frequen,"cy in last 12 months missing"""
,
105J,
,
,
"mes""",
ut not in,"the last 12 months"""
ut frequen,"cy in last 12 months missing"""
,
105K,
,
,
"mes""",
ut not in,"the last 12 months"""
ut frequen,"cy in last 12 months missing"""
,
105L,
,
,
"mes""",
ut not in,"the last 12 months"""
ut frequen,"cy in last 12 months missing"""
,
105M,
,
,
"mes""",
ut not in,"the last 12 months"""
ut frequen,"cy in last 12 months missing"""
,
105N,
,
,
"mes""",
ut not in,"the last 12 months"""
ut frequen,"cy in last 12 months missing"""
,
106,
,
,
,
107,
,
,
,
108,
,
,
,
109,
"union""",
separation,"/divorce"""
"know""",
,
110A,
,
,
,
110B,
,
,
,
110C,
,
,
,
110D,
,
,
,
110E,
,
,
,
110F,
,
,
,
110G,
,
,
,
110H,
,
,
,
111,
,
,
,
112,
,
,
,
112A,
all in la,"st 12 months"""
,
"mes""",
"know""",
,
113,
,
,
,
114,
,
,
"mes""",
,
115B,
,
,
,
115C,
,
,
,
115D,
,
,
,
115E,
,
,
,
115F,
,
,
,
115G,
,
,
,
115H,
,
,
,
115I,
,
,
,
115J,
,
,
,
115K,
,
,
,
115L,
,
,
,
115M,
,
,
,
115N,
,
,
,
115O,
,
,
,
115P,
,
,
,
115Q,
,
,
,
115R,
,
,
,
115S,
,
,
,
115T,
,
,
,
115U,
,
,
,
115V,
,
,
,
115W,
,
,
,
115X,
,
,
,
115Y,
e physical,"ly hurt respondent"""
f these pe,"ople ever physically hurt respondent"""
ponse to q,"uestion"""
,
115XA,
,
,
,
115XB,
,
,
,
115XC,
,
,
,
115XD,
,
,
,
115XE,
,
,
,
115XF,
,
,
,
115XG,
,
,
,
115XH,
,
,
,
115XI,
,
,
,
115XJ,
,
,
,
115XK,
,
,
,
116,
else ever,"physically hurt respondent"""
(Husband/p,"artner skipped for this question)"""
"""",
"""",
"er""",
,
"""",
"r""",
female rel,"atives"""
male relat,"ives"""
"partner""",
t boyfrien,"d"""
boyfriend,""""
"other""",
"ather""",
"-in-law""",
"-in-law""",
female in-,"laws"""
male in-la,"ws"""
"friend, a","cquaintance"""
"riend, acq","uaintance"""
"or""",
"r""",
"er""",
"er""",
female rel,"ative/in-law"""
male relat,"ive/in-law"""
"""",
"""",
ponse (D11,"5Y=6)"""
,
,
117A,
"all""",
,
"mes""",
,
118A,
,
,
,
118B,
,
,
,
118C,
,
,
,
118D,
,
,
,
118E,
,
,
,
118F,
,
,
,
118G,
,
,
,
118H,
,
,
,
118I,
,
,
,
118J,
,
,
,
118K,
,
,
,
118L,
,
,
,
118M,
,
,
,
118N,
,
,
,
118O,
,
,
,
118P,
,
,
,
118Q,
,
,
,
118R,
,
,
,
118S,
,
,
,
118T,
,
,
,
118U,
,
,
,
118V,
,
,
,
118W,
,
,
,
118X,
,
,
,
118Y,
e hurt res,"pondent during pregnancy"""
hurt resp,"ondent during pregnancy"""
,
118XA,
,
,
,
118XB,
,
,
,
118XC,
,
,
,
118XD,
,
,
,
118XE,
,
,
,
118XF,
,
,
,
118XG,
,
,
,
118XH,
,
,
,
118XI,
,
,
,
118XJ,
,
,
,
118XK,
,
,
,
119A,
,
,
,
119B,
,
,
,
119C,
,
,
,
119D,
,
,
,
119E,
,
,
,
119F,
,
,
,
119G,
,
,
,
119H,
,
,
,
119I,
,
,
,
119J,
,
,
,
119K,
,
,
,
119L,
,
,
,
119M,
,
,
,
119N,
,
,
,
119O,
,
,
,
119P,
,
,
,
119Q,
,
,
,
119R,
,
,
,
119S,
,
,
,
119T,
,
,
,
119U,
,
,
,
119V,
,
,
,
119W,
,
,
,
119X,
,
,
,
119Y,
help from,"someone"""
p was soug,"ht"""
,
119XA,
,
,
,
119XB,
,
,
,
119XC,
,
,
,
119XD,
,
,
,
119XE,
,
,
,
119XF,
,
,
,
119XG,
,
,
,
119XH,
,
,
,
119XI,
,
,
,
119XJ,
,
,
,
119XK,
,
,
,
120,
know where,"to go to"""
"""",
"f life""",
of divorc,"e"""
of furthe,"r beatings"""
of gettin,"g the person in trouble"""
"assed""",
want to di,"sgrace family"""
"ey""",
,
,
121,
,
,
"know""",
,
122A,
,
"nce""",
ore than o,"nce"""
,
122B,
,
"nce""",
ore than o,"nce"""
,
122C,
,
"nce""",
ore than o,"nce"""
,
123,
"""",
"""",
d to answe,"r/no response"""
,
124,
,
,
d to answe,"r/no response"""
,
125,
,
,
d to answe,"r/no response"""
,
126,
"know""",
,
127,
t husband/,"partner"""
husband/p,"artner"""
t/former b,"oyfriend"""
/ step-fa,"ther"""
r/step bro,"ther"""
"relative""",
"""",
iend/acqua,"intance"""
"friend""",
"r""",
er/someone,"at work"""
"/soldier""",
/religious,"leader"""
"er""",
,
,
128,
,
,
,
129,
"afraid""",
f the time,"afraid"""
mes afraid,""""
,
130A,
,
"onths ago""",
"nths ago""",
ut don't r,"emember when"""
ut frequen,"cy in last 12 months missing"""
,
130B,
,
"onths ago""",
"nths ago""",
ut don't r,"emember when"""
ut frequen,"cy in last 12 months missing"""
,
130C,
,
"onths ago""",
"nths ago""",
ut don't r,"emember when"""
ut frequen,"cy in last 12 months missing"""
,
DIST,
"a""",
"a""",
"bay""",
"""",
"""",
"""",
"City""",
"u""",
"kota""",
"i""",
,
"""",
"we Rural""",
"i""",
,
"""",
"we City""",
"hi""",
"ga""",
"Rural""",
"ulu""",
"re rural""",
"""",
"""",
"e""",
"be""",
"wa""",
"""",
"""",
,
"City""",
"re City""",
,
HH121G,
,
,
,
HH121H,
,
,
,
HH121I,
,
,
,
HH121J,
,
,
,
HH121K,
,
,
,
230A1,
,
,
230A2,
,
,
230A3,
,
,
815E,
,
,
,
815F,
,
,
,
815G,
,
,
,
815H,
,
,
,
1004A,
,
,
"know""",
,
1019A,
,
,
,
1019B,
,
,
"know""",
,
1111,
,
,
,
1112,
,
,
,
1113,
,
,
,
1114,
delivery b,"aby"""
had stillb,"irth"""
"r""",
,
1115,
labor/del,"ivery"""
ifficult l,"abor/delivery"""
"surgery""",
,
1116,
"assault""",
"surgery""",
,
"know""",
,
1117,
"s or more""",
,
1118,
,
,
,
1119A,
,
id not kno,"w can be fixed"""
,
1119B,
,
id not kno,"w where to go"""
,
1119C,
,
oo expensi,"ve"""
,
1119D,
,
"oo far""",
,
1119E,
,
oor qualit,"y of care"""
,
1119F,
,
ould not g,"et permission"""
,
1119G,
,
mbarrassme,"nt / stigma"""
,
1119H,
,
roblem dis,"appeared"""
,
1119X,
,
"ther""",
,
1120,
/clinical,"officer"""
"midwife""",
t attendan,"t"""
ional prac,"titioner"""
,
,
1121,
,
,
,
1122,
topped com,"pletely"""
opped but,"reduced"""
opped at a,"ll"""
,
1322B,
,
,
d to answe,"r / no answer"""
,
1323,
t husband,"/ partner"""
husband /,"partner"""
t / former,"boyfriend"""
"""",
"ather""",
"r""",
"rother""",
"relative""",
"""",
iend / acq,"uaintance"""
"friend""",
"r""",
er / someo,"ne at work"""
/ soldier,""""
/ religio,"us leader"""
"er""",
,
,
1029A,
equested b,"y the respondent"""
ffered by,"the health provider"""
equired by,"the health provider"""
,
413F,
,
,
,
413G,
,
,
,
611A,
"ay""",
,
,
,
013     V0,13
014     V0,14
015     V0,15
018     V0,18
019     V0,19
019a    V0,19A
020     V0,20
022     V0,22
023     V0,23
024     V0,24
025     V0,25
026     V0,26
034     V0,34
042     V0,42
044     V0,44
045a    V0,45A
045b    V0,45B
045c    V0,45C
046     V0,46
101     V1,1
102     V1,2
103     V1,3
104     V1,4
105     V1,5
105a    V1,05A
106     V1,6
107     V1,7
113     V1,13
115     V1,15
116     V1,16
119     V1,19
120     V1,20
121     V1,21
122     V1,22
123     V1,23
124     V1,24
125     V1,25
127     V1,27
128     V1,28
129     V1,29
130     V1,30
131     V1,31
133     V1,33
134     V1,34
135     V1,35
139     V1,39
140     V1,40
141     V1,41
149     V1,49
150     V1,50
151     V1,51
152     V1,52
153     V1,53
155     V1,55
156     V1,56
157     V1,57
158     V1,58
159     V1,59
160     V1,60
161     V1,61
166     V1,66
167     V1,67
168     V1,68
169a    V1,69A
169b    V1,69B
170     V1,70
171a    V1,71A
171b    V1,71B
190     V1,90
190a    V1,90A
l101    ML,101
0_01    B0,
0_02    B0,
0_03    B0,
0_04    B0,
0_05    B0,
0_06    B0,
0_07    B0,
0_08    B0,
0_09    B0,
0_10    B0,
0_11    B0,
0_12    B0,
0_13    B0,
0_14    B0,
0_15    B0,
0_16    B0,
0_17    B0,
0_18    B0,
0_19    B0,
0_20    B0,
4_01    B4,
4_02    B4,
4_03    B4,
4_04    B4,
4_05    B4,
4_06    B4,
4_07    B4,
4_08    B4,
4_09    B4,
4_10    B4,
4_11    B4,
4_12    B4,
4_13    B4,
4_14    B4,
4_15    B4,
4_16    B4,
4_17    B4,
4_18    B4,
4_19    B4,
4_20    B4,
5_01    B5,
5_02    B5,
5_03    B5,
5_04    B5,
5_05    B5,
5_06    B5,
5_07    B5,
5_08    B5,
5_09    B5,
5_10    B5,
5_11    B5,
5_12    B5,
5_13    B5,
5_14    B5,
5_15    B5,
5_16    B5,
5_17    B5,
5_18    B5,
5_19    B5,
5_20    B5,
6_01    B6,
6_02    B6,
6_03    B6,
6_04    B6,
6_05    B6,
6_06    B6,
6_07    B6,
6_08    B6,
6_09    B6,
6_10    B6,
6_11    B6,
6_12    B6,
6_13    B6,
6_14    B6,
6_15    B6,
6_16    B6,
6_17    B6,
6_18    B6,
6_19    B6,
6_20    B6,
9_01    B9,
9_02    B9,
9_03    B9,
9_04    B9,
9_05    B9,
9_06    B9,
9_07    B9,
9_08    B9,
9_09    B9,
9_10    B9,
9_11    B9,
9_12    B9,
9_13    B9,
9_14    B9,
9_15    B9,
9_16    B9,
9_17    B9,
9_18    B9,
9_19    B9,
9_20    B9,
10_01   B1,0
10_02   B1,0
10_03   B1,0
10_04   B1,0
10_05   B1,0
10_06   B1,0
10_07   B1,0
10_08   B1,0
10_09   B1,0
10_10   B1,0
10_11   B1,0
10_12   B1,0
10_13   B1,0
10_14   B1,0
10_15   B1,0
10_16   B1,0
10_17   B1,0
10_18   B1,0
10_19   B1,0
10_20   B1,0
13_01   B1,3
13_02   B1,3
13_03   B1,3
13_04   B1,3
13_05   B1,3
13_06   B1,3
13_07   B1,3
13_08   B1,3
13_09   B1,3
13_10   B1,3
13_11   B1,3
13_12   B1,3
13_13   B1,3
13_14   B1,3
13_15   B1,3
13_16   B1,3
13_17   B1,3
13_18   B1,3
13_19   B1,3
13_20   B1,3
15_01   B1,5
15_02   B1,5
15_03   B1,5
15_04   B1,5
15_05   B1,5
15_06   B1,5
15_07   B1,5
15_08   B1,5
15_09   B1,5
15_10   B1,5
15_11   B1,5
15_12   B1,5
15_13   B1,5
15_14   B1,5
15_15   B1,5
15_16   B1,5
15_17   B1,5
15_18   B1,5
15_19   B1,5
15_20   B1,5
16_01   B1,6
16_02   B1,6
16_03   B1,6
16_04   B1,6
16_05   B1,6
16_06   B1,6
16_07   B1,6
16_08   B1,6
16_09   B1,6
16_10   B1,6
16_11   B1,6
16_12   B1,6
16_13   B1,6
16_14   B1,6
16_15   B1,6
16_16   B1,6
16_17   B1,6
16_18   B1,6
16_19   B1,6
16_20   B1,6
208     V2,8
209     V2,9
213     V2,13
215     V2,15
216     V2,16
217     V2,17
220     V2,20
221     V2,21
223     V2,23
225     V2,25
226     V2,26
227     V2,27
228     V2,28
229     V2,29
230     V2,30
231     V2,31
232     V2,32
233     V2,33
234     V2,34
235     V2,35
237     V2,37
239     V2,39
240     V2,40
241     V2,41
242     V2,42
243     V2,43
244     V2,44
301     V3,1
302     V3,2
302a    V3,02A
304a_01 V3,04A
304a_02 V3,04A
304a_03 V3,04A
304a_04 V3,04A
304a_05 V3,04A
304a_06 V3,04A
304a_07 V3,04A
304a_08 V3,04A
304a_09 V3,04A
304a_10 V3,04A
304a_11 V3,04A
304a_12 V3,04A
304a_13 V3,04A
304a_14 V3,04A
304a_15 V3,04A
304a_16 V3,04A
304a_17 V3,04A
304a_18 V3,04A
304a_19 V3,04A
304a_20 V3,04A
304_01  V3,4
304_02  V3,4
304_03  V3,4
304_04  V3,4
304_05  V3,4
304_06  V3,4
304_07  V3,4
304_08  V3,4
304_09  V3,4
304_10  V3,4
304_11  V3,4
304_12  V3,4
304_13  V3,4
304_14  V3,4
304_15  V3,4
304_16  V3,4
304_17  V3,4
304_18  V3,4
304_19  V3,4
304_20  V3,4
305_01  V3,5
305_02  V3,5
305_03  V3,5
305_04  V3,5
305_05  V3,5
305_06  V3,5
305_07  V3,5
305_08  V3,5
305_09  V3,5
305_10  V3,5
305_11  V3,5
305_12  V3,5
305_13  V3,5
305_14  V3,5
305_15  V3,5
305_16  V3,5
305_17  V3,5
305_18  V3,5
305_19  V3,5
305_20  V3,5
307_01  V3,7
307_02  V3,7
307_03  V3,7
307_04  V3,7
307_05  V3,7
307_06  V3,7
307_07  V3,7
307_08  V3,7
307_09  V3,7
307_10  V3,7
307_11  V3,7
307_12  V3,7
307_13  V3,7
307_14  V3,7
307_15  V3,7
307_16  V3,7
307_17  V3,7
307_18  V3,7
307_19  V3,7
307_20  V3,7
311     V3,11
312     V3,12
313     V3,13
318     V3,18
319     V3,19
320     V3,20
321     V3,21
322     V3,22
323     V3,23
323a    V3,23A
325a    V3,25A
326     V3,26
327     V3,27
337     V3,37
359     V3,59
360     V3,60
361     V3,61
362     V3,62
363     V3,63
364     V3,64
367     V3,67
372     V3,72
372a    V3,72A
375a    V3,75A
376     V3,76
376a    V3,76A
379     V3,79
380     V3,80
384a    V3,84A
384b    V3,84B
384c    V3,84C
384d    V3,84D
393     V3,93
393a    V3,93A
394     V3,94
395     V3,95
3a00a   V3,A00A
3a00b   V3,A00B
3a00c   V3,A00C
3a00d   V3,A00D
3a00e   V3,A00E
3a00f   V3,A00F
3a00g   V3,A00G
3a00h   V3,A00H
3a00i   V3,A00I
3a00j   V3,A00J
3a00k   V3,A00K
3a00l   V3,A00L
3a00m   V3,A00M
3a00n   V3,A00N
3a00o   V3,A00O
3a00p   V3,A00P
3a00q   V3,A00Q
3a00r   V3,A00R
3a00s   V3,A00S
3a00t   V3,A00T
3a00u   V3,A00U
3a00v   V3,A00V
3a00w   V3,A00W
3a00x   V3,A00X
3a00y   V3,A00Y
3a00z   V3,A00Z
3a01    V3,A01
3a02    V3,A02
3a03    V3,A03
3a04    V3,A04
3a05    V3,A05
3a06    V3,A06
3a07    V3,A07
3a08a   V3,A08A
3a08b   V3,A08B
3a08c   V3,A08C
3a08d   V3,A08D
3a08e   V3,A08E
3a08f   V3,A08F
3a08g   V3,A08G
3a08h   V3,A08H
3a08i   V3,A08I
3a08j   V3,A08J
3a08k   V3,A08K
3a08l   V3,A08L
3a08m   V3,A08M
3a08n   V3,A08N
3a08o   V3,A08O
3a08p   V3,A08P
3a08q   V3,A08Q
3a08r   V3,A08R
3a08s   V3,A08S
3a08t   V3,A08T
3a08u   V3,A08U
3a08v   V3,A08V
3a08w   V3,A08W
3a08aa  V3,A08AA
3a08ab  V3,A08AB
3a08ac  V3,A08AC
3a08ad  V3,A08AD
3a08x   V3,A08X
3a08z   V3,A08Z
3a09a   V3,A09A
3a09b   V3,A09B
1_1     M1,
1_2     M1,
1_3     M1,
1_4     M1,
1_5     M1,
1_6     M1,
1a_1    M1,A
1a_2    M1,A
1a_3    M1,A
1a_4    M1,A
1a_5    M1,A
1a_6    M1,A
1b_1    M1,B
1b_2    M1,B
1b_3    M1,B
1b_4    M1,B
1b_5    M1,B
1b_6    M1,B
1c_1    M1,C
1c_2    M1,C
1c_3    M1,C
1c_4    M1,C
1c_5    M1,C
1c_6    M1,C
1e_1    M1,E
1e_2    M1,E
1e_3    M1,E
1e_4    M1,E
1e_5    M1,E
1e_6    M1,E
2a_1    M2,A
2a_2    M2,A
2a_3    M2,A
2a_4    M2,A
2a_5    M2,A
2a_6    M2,A
2b_1    M2,B
2b_2    M2,B
2b_3    M2,B
2b_4    M2,B
2b_5    M2,B
2b_6    M2,B
2c_1    M2,C
2c_2    M2,C
2c_3    M2,C
2c_4    M2,C
2c_5    M2,C
2c_6    M2,C
2d_1    M2,D
2d_2    M2,D
2d_3    M2,D
2d_4    M2,D
2d_5    M2,D
2d_6    M2,D
2e_1    M2,E
2e_2    M2,E
2e_3    M2,E
2e_4    M2,E
2e_5    M2,E
2e_6    M2,E
2f_1    M2,F
2f_2    M2,F
2f_3    M2,F
2f_4    M2,F
2f_5    M2,F
2f_6    M2,F
2g_1    M2,G
2g_2    M2,G
2g_3    M2,G
2g_4    M2,G
2g_5    M2,G
2g_6    M2,G
2h_1    M2,H
2h_2    M2,H
2h_3    M2,H
2h_4    M2,H
2h_5    M2,H
2h_6    M2,H
2i_1    M2,I
2i_2    M2,I
2i_3    M2,I
2i_4    M2,I
2i_5    M2,I
2i_6    M2,I
2j_1    M2,J
2j_2    M2,J
2j_3    M2,J
2j_4    M2,J
2j_5    M2,J
2j_6    M2,J
2k_1    M2,K
2k_2    M2,K
2k_3    M2,K
2k_4    M2,K
2k_5    M2,K
2k_6    M2,K
2l_1    M2,L
2l_2    M2,L
2l_3    M2,L
2l_4    M2,L
2l_5    M2,L
2l_6    M2,L
2m_1    M2,M
2m_2    M2,M
2m_3    M2,M
2m_4    M2,M
2m_5    M2,M
2m_6    M2,M
2n_1    M2,N
2n_2    M2,N
2n_3    M2,N
2n_4    M2,N
2n_5    M2,N
2n_6    M2,N
3a_1    M3,A
3a_2    M3,A
3a_3    M3,A
3a_4    M3,A
3a_5    M3,A
3a_6    M3,A
3b_1    M3,B
3b_2    M3,B
3b_3    M3,B
3b_4    M3,B
3b_5    M3,B
3b_6    M3,B
3c_1    M3,C
3c_2    M3,C
3c_3    M3,C
3c_4    M3,C
3c_5    M3,C
3c_6    M3,C
3d_1    M3,D
3d_2    M3,D
3d_3    M3,D
3d_4    M3,D
3d_5    M3,D
3d_6    M3,D
3e_1    M3,E
3e_2    M3,E
3e_3    M3,E
3e_4    M3,E
3e_5    M3,E
3e_6    M3,E
3f_1    M3,F
3f_2    M3,F
3f_3    M3,F
3f_4    M3,F
3f_5    M3,F
3f_6    M3,F
3g_1    M3,G
3g_2    M3,G
3g_3    M3,G
3g_4    M3,G
3g_5    M3,G
3g_6    M3,G
3h_1    M3,H
3h_2    M3,H
3h_3    M3,H
3h_4    M3,H
3h_5    M3,H
3h_6    M3,H
3i_1    M3,I
3i_2    M3,I
3i_3    M3,I
3i_4    M3,I
3i_5    M3,I
3i_6    M3,I
3j_1    M3,J
3j_2    M3,J
3j_3    M3,J
3j_4    M3,J
3j_5    M3,J
3j_6    M3,J
3k_1    M3,K
3k_2    M3,K
3k_3    M3,K
3k_4    M3,K
3k_5    M3,K
3k_6    M3,K
3l_1    M3,L
3l_2    M3,L
3l_3    M3,L
3l_4    M3,L
3l_5    M3,L
3l_6    M3,L
3m_1    M3,M
3m_2    M3,M
3m_3    M3,M
3m_4    M3,M
3m_5    M3,M
3m_6    M3,M
3n_1    M3,N
3n_2    M3,N
3n_3    M3,N
3n_4    M3,N
3n_5    M3,N
3n_6    M3,N
4_1     M4,
4_2     M4,
4_3     M4,
4_4     M4,
4_5     M4,
4_6     M4,
5_1     M5,
5_2     M5,
5_3     M5,
5_4     M5,
5_5     M5,
5_6     M5,
6_1     M6,
6_2     M6,
6_3     M6,
6_4     M6,
6_5     M6,
6_6     M6,
7_1     M7,
7_2     M7,
7_3     M7,
7_4     M7,
7_5     M7,
7_6     M7,
8_1     M8,
8_2     M8,
8_3     M8,
8_4     M8,
8_5     M8,
8_6     M8,
9_1     M9,
9_2     M9,
9_3     M9,
9_4     M9,
9_5     M9,
9_6     M9,
10_1    M1,0
10_2    M1,0
10_3    M1,0
10_4    M1,0
10_5    M1,0
10_6    M1,0
11_1    M1,1
11_2    M1,1
11_3    M1,1
11_4    M1,1
11_5    M1,1
11_6    M1,1
13_1    M1,3
13_2    M1,3
13_3    M1,3
13_4    M1,3
13_5    M1,3
13_6    M1,3
14_1    M1,4
14_2    M1,4
14_3    M1,4
14_4    M1,4
14_5    M1,4
14_6    M1,4
15_1    M1,5
15_2    M1,5
15_3    M1,5
15_4    M1,5
15_5    M1,5
15_6    M1,5
17_1    M1,7
17_2    M1,7
17_3    M1,7
17_4    M1,7
17_5    M1,7
17_6    M1,7
17a_1   M1,7A
17a_2   M1,7A
17a_3   M1,7A
17a_4   M1,7A
17a_5   M1,7A
17a_6   M1,7A
18_1    M1,8
18_2    M1,8
18_3    M1,8
18_4    M1,8
18_5    M1,8
18_6    M1,8
19_1    M1,9
19_2    M1,9
19_3    M1,9
19_4    M1,9
19_5    M1,9
19_6    M1,9
19a_1   M1,9A
19a_2   M1,9A
19a_3   M1,9A
19a_4   M1,9A
19a_5   M1,9A
19a_6   M1,9A
27_1    M2,7
27_2    M2,7
27_3    M2,7
27_4    M2,7
27_5    M2,7
27_6    M2,7
28_1    M2,8
28_2    M2,8
28_3    M2,8
28_4    M2,8
28_5    M2,8
28_6    M2,8
29_1    M2,9
29_2    M2,9
29_3    M2,9
29_4    M2,9
29_5    M2,9
29_6    M2,9
34_1    M3,4
34_2    M3,4
34_3    M3,4
34_4    M3,4
34_5    M3,4
34_6    M3,4
35_1    M3,5
35_2    M3,5
35_3    M3,5
35_4    M3,5
35_5    M3,5
35_6    M3,5
36_1    M3,6
36_2    M3,6
36_3    M3,6
36_4    M3,6
36_5    M3,6
36_6    M3,6
38_1    M3,8
38_2    M3,8
38_3    M3,8
38_4    M3,8
38_5    M3,8
38_6    M3,8
39a_1   M3,9A
39a_2   M3,9A
39a_3   M3,9A
39a_4   M3,9A
39a_5   M3,9A
39a_6   M3,9A
39_1    M3,9
39_2    M3,9
39_3    M3,9
39_4    M3,9
39_5    M3,9
39_6    M3,9
42a_1   M4,2A
42a_2   M4,2A
42a_3   M4,2A
42a_4   M4,2A
42a_5   M4,2A
42a_6   M4,2A
42b_1   M4,2B
42b_2   M4,2B
42b_3   M4,2B
42b_4   M4,2B
42b_5   M4,2B
42b_6   M4,2B
42c_1   M4,2C
42c_2   M4,2C
42c_3   M4,2C
42c_4   M4,2C
42c_5   M4,2C
42c_6   M4,2C
42d_1   M4,2D
42d_2   M4,2D
42d_3   M4,2D
42d_4   M4,2D
42d_5   M4,2D
42d_6   M4,2D
42e_1   M4,2E
42e_2   M4,2E
42e_3   M4,2E
42e_4   M4,2E
42e_5   M4,2E
42e_6   M4,2E
43_1    M4,3
43_2    M4,3
43_3    M4,3
43_4    M4,3
43_5    M4,3
43_6    M4,3
44_1    M4,4
44_2    M4,4
44_3    M4,4
44_4    M4,4
44_5    M4,4
44_6    M4,4
45_1    M4,5
45_2    M4,5
45_3    M4,5
45_4    M4,5
45_5    M4,5
45_6    M4,5
46_1    M4,6
46_2    M4,6
46_3    M4,6
46_4    M4,6
46_5    M4,6
46_6    M4,6
47_1    M4,7
47_2    M4,7
47_3    M4,7
47_4    M4,7
47_5    M4,7
47_6    M4,7
48_1    M4,8
48_2    M4,8
48_3    M4,8
48_4    M4,8
48_5    M4,8
48_6    M4,8
49a_1   M4,9A
49a_2   M4,9A
49a_3   M4,9A
49a_4   M4,9A
49a_5   M4,9A
49a_6   M4,9A
49b_1   M4,9B
49b_2   M4,9B
49b_3   M4,9B
49b_4   M4,9B
49b_5   M4,9B
49b_6   M4,9B
49c_1   M4,9C
49c_2   M4,9C
49c_3   M4,9C
49c_4   M4,9C
49c_5   M4,9C
49c_6   M4,9C
49d_1   M4,9D
49d_2   M4,9D
49d_3   M4,9D
49d_4   M4,9D
49d_5   M4,9D
49d_6   M4,9D
49e_1   M4,9E
49e_2   M4,9E
49e_3   M4,9E
49e_4   M4,9E
49e_5   M4,9E
49e_6   M4,9E
49f_1   M4,9F
49f_2   M4,9F
49f_3   M4,9F
49f_4   M4,9F
49f_5   M4,9F
49f_6   M4,9F
49g_1   M4,9G
49g_2   M4,9G
49g_3   M4,9G
49g_4   M4,9G
49g_5   M4,9G
49g_6   M4,9G
49x_1   M4,9X
49x_2   M4,9X
49x_3   M4,9X
49x_4   M4,9X
49x_5   M4,9X
49x_6   M4,9X
49z_1   M4,9Z
49z_2   M4,9Z
49z_3   M4,9Z
49z_4   M4,9Z
49z_5   M4,9Z
49z_6   M4,9Z
49y_1   M4,9Y
49y_2   M4,9Y
49y_3   M4,9Y
49y_4   M4,9Y
49y_5   M4,9Y
49y_6   M4,9Y
54_1    M5,4
54_2    M5,4
54_3    M5,4
54_4    M5,4
54_5    M5,4
54_6    M5,4
55_1    M5,5
55_2    M5,5
55_3    M5,5
55_4    M5,5
55_5    M5,5
55_6    M5,5
55a_1   M5,5A
55a_2   M5,5A
55a_3   M5,5A
55a_4   M5,5A
55a_5   M5,5A
55a_6   M5,5A
55b_1   M5,5B
55b_2   M5,5B
55b_3   M5,5B
55b_4   M5,5B
55b_5   M5,5B
55b_6   M5,5B
55c_1   M5,5C
55c_2   M5,5C
55c_3   M5,5C
55c_4   M5,5C
55c_5   M5,5C
55c_6   M5,5C
55d_1   M5,5D
55d_2   M5,5D
55d_3   M5,5D
55d_4   M5,5D
55d_5   M5,5D
55d_6   M5,5D
55e_1   M5,5E
55e_2   M5,5E
55e_3   M5,5E
55e_4   M5,5E
55e_5   M5,5E
55e_6   M5,5E
55f_1   M5,5F
55f_2   M5,5F
55f_3   M5,5F
55f_4   M5,5F
55f_5   M5,5F
55f_6   M5,5F
55g_1   M5,5G
55g_2   M5,5G
55g_3   M5,5G
55g_4   M5,5G
55g_5   M5,5G
55g_6   M5,5G
55h_1   M5,5H
55h_2   M5,5H
55h_3   M5,5H
55h_4   M5,5H
55h_5   M5,5H
55h_6   M5,5H
55i_1   M5,5I
55i_2   M5,5I
55i_3   M5,5I
55i_4   M5,5I
55i_5   M5,5I
55i_6   M5,5I
55j_1   M5,5J
55j_2   M5,5J
55j_3   M5,5J
55j_4   M5,5J
55j_5   M5,5J
55j_6   M5,5J
55k_1   M5,5K
55k_2   M5,5K
55k_3   M5,5K
55k_4   M5,5K
55k_5   M5,5K
55k_6   M5,5K
55l_1   M5,5L
55l_2   M5,5L
55l_3   M5,5L
55l_4   M5,5L
55l_5   M5,5L
55l_6   M5,5L
55m_1   M5,5M
55m_2   M5,5M
55m_3   M5,5M
55m_4   M5,5M
55m_5   M5,5M
55m_6   M5,5M
55n_1   M5,5N
55n_2   M5,5N
55n_3   M5,5N
55n_4   M5,5N
55n_5   M5,5N
55n_6   M5,5N
55o_1   M5,5O
55o_2   M5,5O
55o_3   M5,5O
55o_4   M5,5O
55o_5   M5,5O
55o_6   M5,5O
55x_1   M5,5X
55x_2   M5,5X
55x_3   M5,5X
55x_4   M5,5X
55x_5   M5,5X
55x_6   M5,5X
55z_1   M5,5Z
55z_2   M5,5Z
55z_3   M5,5Z
55z_4   M5,5Z
55z_5   M5,5Z
55z_6   M5,5Z
57a_1   M5,7A
57a_2   M5,7A
57a_3   M5,7A
57a_4   M5,7A
57a_5   M5,7A
57a_6   M5,7A
57b_1   M5,7B
57b_2   M5,7B
57b_3   M5,7B
57b_4   M5,7B
57b_5   M5,7B
57b_6   M5,7B
57c_1   M5,7C
57c_2   M5,7C
57c_3   M5,7C
57c_4   M5,7C
57c_5   M5,7C
57c_6   M5,7C
57d_1   M5,7D
57d_2   M5,7D
57d_3   M5,7D
57d_4   M5,7D
57d_5   M5,7D
57d_6   M5,7D
57e_1   M5,7E
57e_2   M5,7E
57e_3   M5,7E
57e_4   M5,7E
57e_5   M5,7E
57e_6   M5,7E
57f_1   M5,7F
57f_2   M5,7F
57f_3   M5,7F
57f_4   M5,7F
57f_5   M5,7F
57f_6   M5,7F
57g_1   M5,7G
57g_2   M5,7G
57g_3   M5,7G
57g_4   M5,7G
57g_5   M5,7G
57g_6   M5,7G
57h_1   M5,7H
57h_2   M5,7H
57h_3   M5,7H
57h_4   M5,7H
57h_5   M5,7H
57h_6   M5,7H
57i_1   M5,7I
57i_2   M5,7I
57i_3   M5,7I
57i_4   M5,7I
57i_5   M5,7I
57i_6   M5,7I
57j_1   M5,7J
57j_2   M5,7J
57j_3   M5,7J
57j_4   M5,7J
57j_5   M5,7J
57j_6   M5,7J
57k_1   M5,7K
57k_2   M5,7K
57k_3   M5,7K
57k_4   M5,7K
57k_5   M5,7K
57k_6   M5,7K
57l_1   M5,7L
57l_2   M5,7L
57l_3   M5,7L
57l_4   M5,7L
57l_5   M5,7L
57l_6   M5,7L
57m_1   M5,7M
57m_2   M5,7M
57m_3   M5,7M
57m_4   M5,7M
57m_5   M5,7M
57m_6   M5,7M
57n_1   M5,7N
57n_2   M5,7N
57n_3   M5,7N
57n_4   M5,7N
57n_5   M5,7N
57n_6   M5,7N
57o_1   M5,7O
57o_2   M5,7O
57o_3   M5,7O
57o_4   M5,7O
57o_5   M5,7O
57o_6   M5,7O
57p_1   M5,7P
57p_2   M5,7P
57p_3   M5,7P
57p_4   M5,7P
57p_5   M5,7P
57p_6   M5,7P
57q_1   M5,7Q
57q_2   M5,7Q
57q_3   M5,7Q
57q_4   M5,7Q
57q_5   M5,7Q
57q_6   M5,7Q
57r_1   M5,7R
57r_2   M5,7R
57r_3   M5,7R
57r_4   M5,7R
57r_5   M5,7R
57r_6   M5,7R
57s_1   M5,7S
57s_2   M5,7S
57s_3   M5,7S
57s_4   M5,7S
57s_5   M5,7S
57s_6   M5,7S
57t_1   M5,7T
57t_2   M5,7T
57t_3   M5,7T
57t_4   M5,7T
57t_5   M5,7T
57t_6   M5,7T
57u_1   M5,7U
57u_2   M5,7U
57u_3   M5,7U
57u_4   M5,7U
57u_5   M5,7U
57u_6   M5,7U
57v_1   M5,7V
57v_2   M5,7V
57v_3   M5,7V
57v_4   M5,7V
57v_5   M5,7V
57v_6   M5,7V
57x_1   M5,7X
57x_2   M5,7X
57x_3   M5,7X
57x_4   M5,7X
57x_5   M5,7X
57x_6   M5,7X
60_1    M6,0
60_2    M6,0
60_3    M6,0
60_4    M6,0
60_5    M6,0
60_6    M6,0
61_1    M6,1
61_2    M6,1
61_3    M6,1
61_4    M6,1
61_5    M6,1
61_6    M6,1
62_1    M6,2
62_2    M6,2
62_3    M6,2
62_4    M6,2
62_5    M6,2
62_6    M6,2
63_1    M6,3
63_2    M6,3
63_3    M6,3
63_4    M6,3
63_5    M6,3
63_6    M6,3
64_1    M6,4
64_2    M6,4
64_3    M6,4
64_4    M6,4
64_5    M6,4
64_6    M6,4
65a_1   M6,5A
65a_2   M6,5A
65a_3   M6,5A
65a_4   M6,5A
65a_5   M6,5A
65a_6   M6,5A
65b_1   M6,5B
65b_2   M6,5B
65b_3   M6,5B
65b_4   M6,5B
65b_5   M6,5B
65b_6   M6,5B
65c_1   M6,5C
65c_2   M6,5C
65c_3   M6,5C
65c_4   M6,5C
65c_5   M6,5C
65c_6   M6,5C
65d_1   M6,5D
65d_2   M6,5D
65d_3   M6,5D
65d_4   M6,5D
65d_5   M6,5D
65d_6   M6,5D
65e_1   M6,5E
65e_2   M6,5E
65e_3   M6,5E
65e_4   M6,5E
65e_5   M6,5E
65e_6   M6,5E
65f_1   M6,5F
65f_2   M6,5F
65f_3   M6,5F
65f_4   M6,5F
65f_5   M6,5F
65f_6   M6,5F
65g_1   M6,5G
65g_2   M6,5G
65g_3   M6,5G
65g_4   M6,5G
65g_5   M6,5G
65g_6   M6,5G
65h_1   M6,5H
65h_2   M6,5H
65h_3   M6,5H
65h_4   M6,5H
65h_5   M6,5H
65h_6   M6,5H
65i_1   M6,5I
65i_2   M6,5I
65i_3   M6,5I
65i_4   M6,5I
65i_5   M6,5I
65i_6   M6,5I
65j_1   M6,5J
65j_2   M6,5J
65j_3   M6,5J
65j_4   M6,5J
65j_5   M6,5J
65j_6   M6,5J
65k_1   M6,5K
65k_2   M6,5K
65k_3   M6,5K
65k_4   M6,5K
65k_5   M6,5K
65k_6   M6,5K
65l_1   M6,5L
65l_2   M6,5L
65l_3   M6,5L
65l_4   M6,5L
65l_5   M6,5L
65l_6   M6,5L
65x_1   M6,5X
65x_2   M6,5X
65x_3   M6,5X
65x_4   M6,5X
65x_5   M6,5X
65x_6   M6,5X
66_1    M6,6
66_2    M6,6
66_3    M6,6
66_4    M6,6
66_5    M6,6
66_6    M6,6
67_1    M6,7
67_2    M6,7
67_3    M6,7
67_4    M6,7
67_5    M6,7
67_6    M6,7
68_1    M6,8
68_2    M6,8
68_3    M6,8
68_4    M6,8
68_5    M6,8
68_6    M6,8
69_1    M6,9
69_2    M6,9
69_3    M6,9
69_4    M6,9
69_5    M6,9
69_6    M6,9
70_1    M7,0
70_2    M7,0
70_3    M7,0
70_4    M7,0
70_5    M7,0
70_6    M7,0
71_1    M7,1
71_2    M7,1
71_3    M7,1
71_4    M7,1
71_5    M7,1
71_6    M7,1
72_1    M7,2
72_2    M7,2
72_3    M7,2
72_4    M7,2
72_5    M7,2
72_6    M7,2
73_1    M7,3
73_2    M7,3
73_3    M7,3
73_4    M7,3
73_5    M7,3
73_6    M7,3
74_1    M7,4
74_2    M7,4
74_3    M7,4
74_4    M7,4
74_5    M7,4
74_6    M7,4
75_1    M7,5
75_2    M7,5
75_3    M7,5
75_4    M7,5
75_5    M7,5
75_6    M7,5
76_1    M7,6
76_2    M7,6
76_3    M7,6
76_4    M7,6
76_5    M7,6
76_6    M7,6
77_1    M7,7
77_2    M7,7
77_3    M7,7
77_4    M7,7
77_5    M7,7
77_6    M7,7
78a_1   M7,8A
78a_2   M7,8A
78a_3   M7,8A
78a_4   M7,8A
78a_5   M7,8A
78a_6   M7,8A
78b_1   M7,8B
78b_2   M7,8B
78b_3   M7,8B
78b_4   M7,8B
78b_5   M7,8B
78b_6   M7,8B
78c_1   M7,8C
78c_2   M7,8C
78c_3   M7,8C
78c_4   M7,8C
78c_5   M7,8C
78c_6   M7,8C
78d_1   M7,8D
78d_2   M7,8D
78d_3   M7,8D
78d_4   M7,8D
78d_5   M7,8D
78d_6   M7,8D
78e_1   M7,8E
78e_2   M7,8E
78e_3   M7,8E
78e_4   M7,8E
78e_5   M7,8E
78e_6   M7,8E
78f_1   M7,8F
78f_2   M7,8F
78f_3   M7,8F
78f_4   M7,8F
78f_5   M7,8F
78f_6   M7,8F
78g_1   M7,8G
78g_2   M7,8G
78g_3   M7,8G
78g_4   M7,8G
78g_5   M7,8G
78g_6   M7,8G
78h_1   M7,8H
78h_2   M7,8H
78h_3   M7,8H
78h_4   M7,8H
78h_5   M7,8H
78h_6   M7,8H
78i_1   M7,8I
78i_2   M7,8I
78i_3   M7,8I
78i_4   M7,8I
78i_5   M7,8I
78i_6   M7,8I
78j_1   M7,8J
78j_2   M7,8J
78j_3   M7,8J
78j_4   M7,8J
78j_5   M7,8J
78j_6   M7,8J
401     V4,1
404     V4,4
405     V4,5
406     V4,6
407     V4,7
408     V4,8
409     V4,9
409a    V4,09A
410     V4,10
410a    V4,10A
411     V4,11
411a    V4,11A
412     V4,12
412a    V4,12A
412b    V4,12B
412c    V4,12C
413     V4,13
413a    V4,13A
413b    V4,13B
413c    V4,13C
413d    V4,13D
414a    V4,14A
414b    V4,14B
414c    V4,14C
414d    V4,14D
414e    V4,14E
414f    V4,14F
414g    V4,14G
414h    V4,14H
414i    V4,14I
414j    V4,14J
414k    V4,14K
414l    V4,14L
414m    V4,14M
414n    V4,14N
414o    V4,14O
414p    V4,14P
414q    V4,14Q
414r    V4,14R
414s    V4,14S
414t    V4,14T
414u    V4,14U
414v    V4,14V
414w    V4,14W
415     V4,15
416     V4,16
426     V4,26
437     V4,37
438     V4,38
439     V4,39
440     V4,40
441     V4,41
442     V4,42
443     V4,43
444     V4,44
444a    V4,44A
445     V4,45
446     V4,46
447     V4,47
452a    V4,52A
452b    V4,52B
452c    V4,52C
453     V4,53
454     V4,54
455     V4,55
457     V4,57
458     V4,58
459     V4,59
460     V4,60
461     V4,61
462     V4,62
463a    V4,63A
463b    V4,63B
463c    V4,63C
463d    V4,63D
463e    V4,63E
463f    V4,63F
463g    V4,63G
463h    V4,63H
463i    V4,63I
463j    V4,63J
463k    V4,63K
463l    V4,63L
463x    V4,63X
463z    V4,63Z
463aa   V4,63AA
463ab   V4,63AB
464     V4,64
465     V4,65
466     V4,66
467a    V4,67A
467b    V4,67B
467c    V4,67C
467d    V4,67D
467e    V4,67E
467f    V4,67F
467g    V4,67G
467h    V4,67H
467i    V4,67I
467j    V4,67J
467k    V4,67K
467l    V4,67L
467m    V4,67M
468     V4,68
469e    V4,69E
469f    V4,69F
469x    V4,69X
471a    V4,71A
471b    V4,71B
471c    V4,71C
471d    V4,71D
471e    V4,71E
471f    V4,71F
471g    V4,71G
472a    V4,72A
472b    V4,72B
472c    V4,72C
472d    V4,72D
472e    V4,72E
472f    V4,72F
472g    V4,72G
472h    V4,72H
472i    V4,72I
472j    V4,72J
472k    V4,72K
472l    V4,72L
472m    V4,72M
472n    V4,72N
472o    V4,72O
472p    V4,72P
472q    V4,72Q
472r    V4,72R
472s    V4,72S
472t    V4,72T
472u    V4,72U
473a    V4,73A
473b    V4,73B
474     V4,74
474a    V4,74A
474b    V4,74B
474c    V4,74C
474d    V4,74D
474e    V4,74E
474f    V4,74F
474g    V4,74G
474h    V4,74H
474i    V4,74I
474j    V4,74J
474x    V4,74X
474z    V4,74Z
475     V4,75
476     V4,76
477     V4,77
478     V4,78
479     V4,79
480     V4,80
481     V4,81
481a    V4,81A
481b    V4,81B
481c    V4,81C
481d    V4,81D
481e    V4,81E
481f    V4,81F
481g    V4,81G
481h    V4,81H
481x    V4,81X
482a    V4,82A
482b    V4,82B
482c    V4,82C
1_1     H1,
1_2     H1,
1_3     H1,
1_4     H1,
1_5     H1,
1_6     H1,
1a_1    H1,A
1a_2    H1,A
1a_3    H1,A
1a_4    H1,A
1a_5    H1,A
1a_6    H1,A
2_1     H2,
2_2     H2,
2_3     H2,
2_4     H2,
2_5     H2,
2_6     H2,
2d_1    H2,D
2d_2    H2,D
2d_3    H2,D
2d_4    H2,D
2d_5    H2,D
2d_6    H2,D
2m_1    H2,M
2m_2    H2,M
2m_3    H2,M
2m_4    H2,M
2m_5    H2,M
2m_6    H2,M
2y_1    H2,Y
2y_2    H2,Y
2y_3    H2,Y
2y_4    H2,Y
2y_5    H2,Y
2y_6    H2,Y
3_1     H3,
3_2     H3,
3_3     H3,
3_4     H3,
3_5     H3,
3_6     H3,
3d_1    H3,D
3d_2    H3,D
3d_3    H3,D
3d_4    H3,D
3d_5    H3,D
3d_6    H3,D
3m_1    H3,M
3m_2    H3,M
3m_3    H3,M
3m_4    H3,M
3m_5    H3,M
3m_6    H3,M
3y_1    H3,Y
3y_2    H3,Y
3y_3    H3,Y
3y_4    H3,Y
3y_5    H3,Y
3y_6    H3,Y
4_1     H4,
4_2     H4,
4_3     H4,
4_4     H4,
4_5     H4,
4_6     H4,
4d_1    H4,D
4d_2    H4,D
4d_3    H4,D
4d_4    H4,D
4d_5    H4,D
4d_6    H4,D
4m_1    H4,M
4m_2    H4,M
4m_3    H4,M
4m_4    H4,M
4m_5    H4,M
4m_6    H4,M
4y_1    H4,Y
4y_2    H4,Y
4y_3    H4,Y
4y_4    H4,Y
4y_5    H4,Y
4y_6    H4,Y
5_1     H5,
5_2     H5,
5_3     H5,
5_4     H5,
5_5     H5,
5_6     H5,
5d_1    H5,D
5d_2    H5,D
5d_3    H5,D
5d_4    H5,D
5d_5    H5,D
5d_6    H5,D
5m_1    H5,M
5m_2    H5,M
5m_3    H5,M
5m_4    H5,M
5m_5    H5,M
5m_6    H5,M
5y_1    H5,Y
5y_2    H5,Y
5y_3    H5,Y
5y_4    H5,Y
5y_5    H5,Y
5y_6    H5,Y
6_1     H6,
6_2     H6,
6_3     H6,
6_4     H6,
6_5     H6,
6_6     H6,
6d_1    H6,D
6d_2    H6,D
6d_3    H6,D
6d_4    H6,D
6d_5    H6,D
6d_6    H6,D
6m_1    H6,M
6m_2    H6,M
6m_3    H6,M
6m_4    H6,M
6m_5    H6,M
6m_6    H6,M
6y_1    H6,Y
6y_2    H6,Y
6y_3    H6,Y
6y_4    H6,Y
6y_5    H6,Y
6y_6    H6,Y
7_1     H7,
7_2     H7,
7_3     H7,
7_4     H7,
7_5     H7,
7_6     H7,
7d_1    H7,D
7d_2    H7,D
7d_3    H7,D
7d_4    H7,D
7d_5    H7,D
7d_6    H7,D
7m_1    H7,M
7m_2    H7,M
7m_3    H7,M
7m_4    H7,M
7m_5    H7,M
7m_6    H7,M
7y_1    H7,Y
7y_2    H7,Y
7y_3    H7,Y
7y_4    H7,Y
7y_5    H7,Y
7y_6    H7,Y
8_1     H8,
8_2     H8,
8_3     H8,
8_4     H8,
8_5     H8,
8_6     H8,
8d_1    H8,D
8d_2    H8,D
8d_3    H8,D
8d_4    H8,D
8d_5    H8,D
8d_6    H8,D
8m_1    H8,M
8m_2    H8,M
8m_3    H8,M
8m_4    H8,M
8m_5    H8,M
8m_6    H8,M
8y_1    H8,Y
8y_2    H8,Y
8y_3    H8,Y
8y_4    H8,Y
8y_5    H8,Y
8y_6    H8,Y
9_1     H9,
9_2     H9,
9_3     H9,
9_4     H9,
9_5     H9,
9_6     H9,
9d_1    H9,D
9d_2    H9,D
9d_3    H9,D
9d_4    H9,D
9d_5    H9,D
9d_6    H9,D
9m_1    H9,M
9m_2    H9,M
9m_3    H9,M
9m_4    H9,M
9m_5    H9,M
9m_6    H9,M
9y_1    H9,Y
9y_2    H9,Y
9y_3    H9,Y
9y_4    H9,Y
9y_5    H9,Y
9y_6    H9,Y
9a_1    H9,A
9a_2    H9,A
9a_3    H9,A
9a_4    H9,A
9a_5    H9,A
9a_6    H9,A
9ad_1   H9,AD
9ad_2   H9,AD
9ad_3   H9,AD
9ad_4   H9,AD
9ad_5   H9,AD
9ad_6   H9,AD
9am_1   H9,AM
9am_2   H9,AM
9am_3   H9,AM
9am_4   H9,AM
9am_5   H9,AM
9am_6   H9,AM
9ay_1   H9,AY
9ay_2   H9,AY
9ay_3   H9,AY
9ay_4   H9,AY
9ay_5   H9,AY
9ay_6   H9,AY
0_1     H0,
0_2     H0,
0_3     H0,
0_4     H0,
0_5     H0,
0_6     H0,
0d_1    H0,D
0d_2    H0,D
0d_3    H0,D
0d_4    H0,D
0d_5    H0,D
0d_6    H0,D
0m_1    H0,M
0m_2    H0,M
0m_3    H0,M
0m_4    H0,M
0m_5    H0,M
0m_6    H0,M
0y_1    H0,Y
0y_2    H0,Y
0y_3    H0,Y
0y_4    H0,Y
0y_5    H0,Y
0y_6    H0,Y
10_1    H1,0
10_2    H1,0
10_3    H1,0
10_4    H1,0
10_5    H1,0
10_6    H1,0
33_1    H3,3
33_2    H3,3
33_3    H3,3
33_4    H3,3
33_5    H3,3
33_6    H3,3
33d_1   H3,3D
33d_2   H3,3D
33d_3   H3,3D
33d_4   H3,3D
33d_5   H3,3D
33d_6   H3,3D
33m_1   H3,3M
33m_2   H3,3M
33m_3   H3,3M
33m_4   H3,3M
33m_5   H3,3M
33m_6   H3,3M
33y_1   H3,3Y
33y_2   H3,3Y
33y_3   H3,3Y
33y_4   H3,3Y
33y_5   H3,3Y
33y_6   H3,3Y
35_1    H3,5
35_2    H3,5
35_3    H3,5
35_4    H3,5
35_5    H3,5
35_6    H3,5
36a_1   H3,6A
36a_2   H3,6A
36a_3   H3,6A
36a_4   H3,6A
36a_5   H3,6A
36a_6   H3,6A
36b_1   H3,6B
36b_2   H3,6B
36b_3   H3,6B
36b_4   H3,6B
36b_5   H3,6B
36b_6   H3,6B
36c_1   H3,6C
36c_2   H3,6C
36c_3   H3,6C
36c_4   H3,6C
36c_5   H3,6C
36c_6   H3,6C
36d_1   H3,6D
36d_2   H3,6D
36d_3   H3,6D
36d_4   H3,6D
36d_5   H3,6D
36d_6   H3,6D
36e_1   H3,6E
36e_2   H3,6E
36e_3   H3,6E
36e_4   H3,6E
36e_5   H3,6E
36e_6   H3,6E
36f_1   H3,6F
36f_2   H3,6F
36f_3   H3,6F
36f_4   H3,6F
36f_5   H3,6F
36f_6   H3,6F
40_1    H4,0
40_2    H4,0
40_3    H4,0
40_4    H4,0
40_5    H4,0
40_6    H4,0
40d_1   H4,0D
40d_2   H4,0D
40d_3   H4,0D
40d_4   H4,0D
40d_5   H4,0D
40d_6   H4,0D
40m_1   H4,0M
40m_2   H4,0M
40m_3   H4,0M
40m_4   H4,0M
40m_5   H4,0M
40m_6   H4,0M
40y_1   H4,0Y
40y_2   H4,0Y
40y_3   H4,0Y
40y_4   H4,0Y
40y_5   H4,0Y
40y_6   H4,0Y
41a_1   H4,1A
41a_2   H4,1A
41a_3   H4,1A
41a_4   H4,1A
41a_5   H4,1A
41a_6   H4,1A
41b_1   H4,1B
41b_2   H4,1B
41b_3   H4,1B
41b_4   H4,1B
41b_5   H4,1B
41b_6   H4,1B
50_1    H5,0
50_2    H5,0
50_3    H5,0
50_4    H5,0
50_5    H5,0
50_6    H5,0
50d_1   H5,0D
50d_2   H5,0D
50d_3   H5,0D
50d_4   H5,0D
50d_5   H5,0D
50d_6   H5,0D
50m_1   H5,0M
50m_2   H5,0M
50m_3   H5,0M
50m_4   H5,0M
50m_5   H5,0M
50m_6   H5,0M
50y_1   H5,0Y
50y_2   H5,0Y
50y_3   H5,0Y
50y_4   H5,0Y
50y_5   H5,0Y
50y_6   H5,0Y
51_1    H5,1
51_2    H5,1
51_3    H5,1
51_4    H5,1
51_5    H5,1
51_6    H5,1
51d_1   H5,1D
51d_2   H5,1D
51d_3   H5,1D
51d_4   H5,1D
51d_5   H5,1D
51d_6   H5,1D
51m_1   H5,1M
51m_2   H5,1M
51m_3   H5,1M
51m_4   H5,1M
51m_5   H5,1M
51m_6   H5,1M
51y_1   H5,1Y
51y_2   H5,1Y
51y_3   H5,1Y
51y_4   H5,1Y
51y_5   H5,1Y
51y_6   H5,1Y
52_1    H5,2
52_2    H5,2
52_3    H5,2
52_4    H5,2
52_5    H5,2
52_6    H5,2
52d_1   H5,2D
52d_2   H5,2D
52d_3   H5,2D
52d_4   H5,2D
52d_5   H5,2D
52d_6   H5,2D
52m_1   H5,2M
52m_2   H5,2M
52m_3   H5,2M
52m_4   H5,2M
52m_5   H5,2M
52m_6   H5,2M
52y_1   H5,2Y
52y_2   H5,2Y
52y_3   H5,2Y
52y_4   H5,2Y
52y_5   H5,2Y
52y_6   H5,2Y
53_1    H5,3
53_2    H5,3
53_3    H5,3
53_4    H5,3
53_5    H5,3
53_6    H5,3
53d_1   H5,3D
53d_2   H5,3D
53d_3   H5,3D
53d_4   H5,3D
53d_5   H5,3D
53d_6   H5,3D
53m_1   H5,3M
53m_2   H5,3M
53m_3   H5,3M
53m_4   H5,3M
53m_5   H5,3M
53m_6   H5,3M
53y_1   H5,3Y
53y_2   H5,3Y
53y_3   H5,3Y
53y_4   H5,3Y
53y_5   H5,3Y
53y_6   H5,3Y
54_1    H5,4
54_2    H5,4
54_3    H5,4
54_4    H5,4
54_5    H5,4
54_6    H5,4
54d_1   H5,4D
54d_2   H5,4D
54d_3   H5,4D
54d_4   H5,4D
54d_5   H5,4D
54d_6   H5,4D
54m_1   H5,4M
54m_2   H5,4M
54m_3   H5,4M
54m_4   H5,4M
54m_5   H5,4M
54m_6   H5,4M
54y_1   H5,4Y
54y_2   H5,4Y
54y_3   H5,4Y
54y_4   H5,4Y
54y_5   H5,4Y
54y_6   H5,4Y
55_1    H5,5
55_2    H5,5
55_3    H5,5
55_4    H5,5
55_5    H5,5
55_6    H5,5
55d_1   H5,5D
55d_2   H5,5D
55d_3   H5,5D
55d_4   H5,5D
55d_5   H5,5D
55d_6   H5,5D
55m_1   H5,5M
55m_2   H5,5M
55m_3   H5,5M
55m_4   H5,5M
55m_5   H5,5M
55m_6   H5,5M
55y_1   H5,5Y
55y_2   H5,5Y
55y_3   H5,5Y
55y_4   H5,5Y
55y_5   H5,5Y
55y_6   H5,5Y
56_1    H5,6
56_2    H5,6
56_3    H5,6
56_4    H5,6
56_5    H5,6
56_6    H5,6
56d_1   H5,6D
56d_2   H5,6D
56d_3   H5,6D
56d_4   H5,6D
56d_5   H5,6D
56d_6   H5,6D
56m_1   H5,6M
56m_2   H5,6M
56m_3   H5,6M
56m_4   H5,6M
56m_5   H5,6M
56m_6   H5,6M
56y_1   H5,6Y
56y_2   H5,6Y
56y_3   H5,6Y
56y_4   H5,6Y
56y_5   H5,6Y
56y_6   H5,6Y
57_1    H5,7
57_2    H5,7
57_3    H5,7
57_4    H5,7
57_5    H5,7
57_6    H5,7
57d_1   H5,7D
57d_2   H5,7D
57d_3   H5,7D
57d_4   H5,7D
57d_5   H5,7D
57d_6   H5,7D
57m_1   H5,7M
57m_2   H5,7M
57m_3   H5,7M
57m_4   H5,7M
57m_5   H5,7M
57m_6   H5,7M
57y_1   H5,7Y
57y_2   H5,7Y
57y_3   H5,7Y
57y_4   H5,7Y
57y_5   H5,7Y
57y_6   H5,7Y
58_1    H5,8
58_2    H5,8
58_3    H5,8
58_4    H5,8
58_5    H5,8
58_6    H5,8
58d_1   H5,8D
58d_2   H5,8D
58d_3   H5,8D
58d_4   H5,8D
58d_5   H5,8D
58d_6   H5,8D
58m_1   H5,8M
58m_2   H5,8M
58m_3   H5,8M
58m_4   H5,8M
58m_5   H5,8M
58m_6   H5,8M
58y_1   H5,8Y
58y_2   H5,8Y
58y_3   H5,8Y
58y_4   H5,8Y
58y_5   H5,8Y
58y_6   H5,8Y
59_1    H5,9
59_2    H5,9
59_3    H5,9
59_4    H5,9
59_5    H5,9
59_6    H5,9
59d_1   H5,9D
59d_2   H5,9D
59d_3   H5,9D
59d_4   H5,9D
59d_5   H5,9D
59d_6   H5,9D
59m_1   H5,9M
59m_2   H5,9M
59m_3   H5,9M
59m_4   H5,9M
59m_5   H5,9M
59m_6   H5,9M
59y_1   H5,9Y
59y_2   H5,9Y
59y_3   H5,9Y
59y_4   H5,9Y
59y_5   H5,9Y
59y_6   H5,9Y
60_1    H6,0
60_2    H6,0
60_3    H6,0
60_4    H6,0
60_5    H6,0
60_6    H6,0
60d_1   H6,0D
60d_2   H6,0D
60d_3   H6,0D
60d_4   H6,0D
60d_5   H6,0D
60d_6   H6,0D
60m_1   H6,0M
60m_2   H6,0M
60m_3   H6,0M
60m_4   H6,0M
60m_5   H6,0M
60m_6   H6,0M
60y_1   H6,0Y
60y_2   H6,0Y
60y_3   H6,0Y
60y_4   H6,0Y
60y_5   H6,0Y
60y_6   H6,0Y
61_1    H6,1
61_2    H6,1
61_3    H6,1
61_4    H6,1
61_5    H6,1
61_6    H6,1
61d_1   H6,1D
61d_2   H6,1D
61d_3   H6,1D
61d_4   H6,1D
61d_5   H6,1D
61d_6   H6,1D
61m_1   H6,1M
61m_2   H6,1M
61m_3   H6,1M
61m_4   H6,1M
61m_5   H6,1M
61m_6   H6,1M
61y_1   H6,1Y
61y_2   H6,1Y
61y_3   H6,1Y
61y_4   H6,1Y
61y_5   H6,1Y
61y_6   H6,1Y
62_1    H6,2
62_2    H6,2
62_3    H6,2
62_4    H6,2
62_5    H6,2
62_6    H6,2
62d_1   H6,2D
62d_2   H6,2D
62d_3   H6,2D
62d_4   H6,2D
62d_5   H6,2D
62d_6   H6,2D
62m_1   H6,2M
62m_2   H6,2M
62m_3   H6,2M
62m_4   H6,2M
62m_5   H6,2M
62m_6   H6,2M
62y_1   H6,2Y
62y_2   H6,2Y
62y_3   H6,2Y
62y_4   H6,2Y
62y_5   H6,2Y
62y_6   H6,2Y
63_1    H6,3
63_2    H6,3
63_3    H6,3
63_4    H6,3
63_5    H6,3
63_6    H6,3
63d_1   H6,3D
63d_2   H6,3D
63d_3   H6,3D
63d_4   H6,3D
63d_5   H6,3D
63d_6   H6,3D
63m_1   H6,3M
63m_2   H6,3M
63m_3   H6,3M
63m_4   H6,3M
63m_5   H6,3M
63m_6   H6,3M
63y_1   H6,3Y
63y_2   H6,3Y
63y_3   H6,3Y
63y_4   H6,3Y
63y_5   H6,3Y
63y_6   H6,3Y
64_1    H6,4
64_2    H6,4
64_3    H6,4
64_4    H6,4
64_5    H6,4
64_6    H6,4
64d_1   H6,4D
64d_2   H6,4D
64d_3   H6,4D
64d_4   H6,4D
64d_5   H6,4D
64d_6   H6,4D
64m_1   H6,4M
64m_2   H6,4M
64m_3   H6,4M
64m_4   H6,4M
64m_5   H6,4M
64m_6   H6,4M
64y_1   H6,4Y
64y_2   H6,4Y
64y_3   H6,4Y
64y_4   H6,4Y
64y_5   H6,4Y
64y_6   H6,4Y
65_1    H6,5
65_2    H6,5
65_3    H6,5
65_4    H6,5
65_5    H6,5
65_6    H6,5
65d_1   H6,5D
65d_2   H6,5D
65d_3   H6,5D
65d_4   H6,5D
65d_5   H6,5D
65d_6   H6,5D
65m_1   H6,5M
65m_2   H6,5M
65m_3   H6,5M
65m_4   H6,5M
65m_5   H6,5M
65m_6   H6,5M
65y_1   H6,5Y
65y_2   H6,5Y
65y_3   H6,5Y
65y_4   H6,5Y
65y_5   H6,5Y
65y_6   H6,5Y
66_1    H6,6
66_2    H6,6
66_3    H6,6
66_4    H6,6
66_5    H6,6
66_6    H6,6
66d_1   H6,6D
66d_2   H6,6D
66d_3   H6,6D
66d_4   H6,6D
66d_5   H6,6D
66d_6   H6,6D
66m_1   H6,6M
66m_2   H6,6M
66m_3   H6,6M
66m_4   H6,6M
66m_5   H6,6M
66m_6   H6,6M
66y_1   H6,6Y
66y_2   H6,6Y
66y_3   H6,6Y
66y_4   H6,6Y
66y_5   H6,6Y
66y_6   H6,6Y
80a_1   H8,0A
80a_2   H8,0A
80a_3   H8,0A
80a_4   H8,0A
80a_5   H8,0A
80a_6   H8,0A
80b_1   H8,0B
80b_2   H8,0B
80b_3   H8,0B
80b_4   H8,0B
80b_5   H8,0B
80b_6   H8,0B
80c_1   H8,0C
80c_2   H8,0C
80c_3   H8,0C
80c_4   H8,0C
80c_5   H8,0C
80c_6   H8,0C
80d_1   H8,0D
80d_2   H8,0D
80d_3   H8,0D
80d_4   H8,0D
80d_5   H8,0D
80d_6   H8,0D
80e_1   H8,0E
80e_2   H8,0E
80e_3   H8,0E
80e_4   H8,0E
80e_5   H8,0E
80e_6   H8,0E
80f_1   H8,0F
80f_2   H8,0F
80f_3   H8,0F
80f_4   H8,0F
80f_5   H8,0F
80f_6   H8,0F
80g_1   H8,0G
80g_2   H8,0G
80g_3   H8,0G
80g_4   H8,0G
80g_5   H8,0G
80g_6   H8,0G
11_1    H1,1
11_2    H1,1
11_3    H1,1
11_4    H1,1
11_5    H1,1
11_6    H1,1
11b_1   H1,1B
11b_2   H1,1B
11b_3   H1,1B
11b_4   H1,1B
11b_5   H1,1B
11b_6   H1,1B
12a_1   H1,2A
12a_2   H1,2A
12a_3   H1,2A
12a_4   H1,2A
12a_5   H1,2A
12a_6   H1,2A
12b_1   H1,2B
12b_2   H1,2B
12b_3   H1,2B
12b_4   H1,2B
12b_5   H1,2B
12b_6   H1,2B
12c_1   H1,2C
12c_2   H1,2C
12c_3   H1,2C
12c_4   H1,2C
12c_5   H1,2C
12c_6   H1,2C
12d_1   H1,2D
12d_2   H1,2D
12d_3   H1,2D
12d_4   H1,2D
12d_5   H1,2D
12d_6   H1,2D
12e_1   H1,2E
12e_2   H1,2E
12e_3   H1,2E
12e_4   H1,2E
12e_5   H1,2E
12e_6   H1,2E
12f_1   H1,2F
12f_2   H1,2F
12f_3   H1,2F
12f_4   H1,2F
12f_5   H1,2F
12f_6   H1,2F
12g_1   H1,2G
12g_2   H1,2G
12g_3   H1,2G
12g_4   H1,2G
12g_5   H1,2G
12g_6   H1,2G
12h_1   H1,2H
12h_2   H1,2H
12h_3   H1,2H
12h_4   H1,2H
12h_5   H1,2H
12h_6   H1,2H
12i_1   H1,2I
12i_2   H1,2I
12i_3   H1,2I
12i_4   H1,2I
12i_5   H1,2I
12i_6   H1,2I
12j_1   H1,2J
12j_2   H1,2J
12j_3   H1,2J
12j_4   H1,2J
12j_5   H1,2J
12j_6   H1,2J
12k_1   H1,2K
12k_2   H1,2K
12k_3   H1,2K
12k_4   H1,2K
12k_5   H1,2K
12k_6   H1,2K
12l_1   H1,2L
12l_2   H1,2L
12l_3   H1,2L
12l_4   H1,2L
12l_5   H1,2L
12l_6   H1,2L
12m_1   H1,2M
12m_2   H1,2M
12m_3   H1,2M
12m_4   H1,2M
12m_5   H1,2M
12m_6   H1,2M
12n_1   H1,2N
12n_2   H1,2N
12n_3   H1,2N
12n_4   H1,2N
12n_5   H1,2N
12n_6   H1,2N
12o_1   H1,2O
12o_2   H1,2O
12o_3   H1,2O
12o_4   H1,2O
12o_5   H1,2O
12o_6   H1,2O
12p_1   H1,2P
12p_2   H1,2P
12p_3   H1,2P
12p_4   H1,2P
12p_5   H1,2P
12p_6   H1,2P
12q_1   H1,2Q
12q_2   H1,2Q
12q_3   H1,2Q
12q_4   H1,2Q
12q_5   H1,2Q
12q_6   H1,2Q
12r_1   H1,2R
12r_2   H1,2R
12r_3   H1,2R
12r_4   H1,2R
12r_5   H1,2R
12r_6   H1,2R
12s_1   H1,2S
12s_2   H1,2S
12s_3   H1,2S
12s_4   H1,2S
12s_5   H1,2S
12s_6   H1,2S
12t_1   H1,2T
12t_2   H1,2T
12t_3   H1,2T
12t_4   H1,2T
12t_5   H1,2T
12t_6   H1,2T
12u_1   H1,2U
12u_2   H1,2U
12u_3   H1,2U
12u_4   H1,2U
12u_5   H1,2U
12u_6   H1,2U
12v_1   H1,2V
12v_2   H1,2V
12v_3   H1,2V
12v_4   H1,2V
12v_5   H1,2V
12v_6   H1,2V
12w_1   H1,2W
12w_2   H1,2W
12w_3   H1,2W
12w_4   H1,2W
12w_5   H1,2W
12w_6   H1,2W
12x_1   H1,2X
12x_2   H1,2X
12x_3   H1,2X
12x_4   H1,2X
12x_5   H1,2X
12x_6   H1,2X
12y_1   H1,2Y
12y_2   H1,2Y
12y_3   H1,2Y
12y_4   H1,2Y
12y_5   H1,2Y
12y_6   H1,2Y
12z_1   H1,2Z
12z_2   H1,2Z
12z_3   H1,2Z
12z_4   H1,2Z
12z_5   H1,2Z
12z_6   H1,2Z
13_1    H1,3
13_2    H1,3
13_3    H1,3
13_4    H1,3
13_5    H1,3
13_6    H1,3
13b_1   H1,3B
13b_2   H1,3B
13b_3   H1,3B
13b_4   H1,3B
13b_5   H1,3B
13b_6   H1,3B
14_1    H1,4
14_2    H1,4
14_3    H1,4
14_4    H1,4
14_5    H1,4
14_6    H1,4
15_1    H1,5
15_2    H1,5
15_3    H1,5
15_4    H1,5
15_5    H1,5
15_6    H1,5
15a_1   H1,5A
15a_2   H1,5A
15a_3   H1,5A
15a_4   H1,5A
15a_5   H1,5A
15a_6   H1,5A
15b_1   H1,5B
15b_2   H1,5B
15b_3   H1,5B
15b_4   H1,5B
15b_5   H1,5B
15b_6   H1,5B
15c_1   H1,5C
15c_2   H1,5C
15c_3   H1,5C
15c_4   H1,5C
15c_5   H1,5C
15c_6   H1,5C
15d_1   H1,5D
15d_2   H1,5D
15d_3   H1,5D
15d_4   H1,5D
15d_5   H1,5D
15d_6   H1,5D
15e_1   H1,5E
15e_2   H1,5E
15e_3   H1,5E
15e_4   H1,5E
15e_5   H1,5E
15e_6   H1,5E
15f_1   H1,5F
15f_2   H1,5F
15f_3   H1,5F
15f_4   H1,5F
15f_5   H1,5F
15f_6   H1,5F
15g_1   H1,5G
15g_2   H1,5G
15g_3   H1,5G
15g_4   H1,5G
15g_5   H1,5G
15g_6   H1,5G
15h_1   H1,5H
15h_2   H1,5H
15h_3   H1,5H
15h_4   H1,5H
15h_5   H1,5H
15h_6   H1,5H
15i_1   H1,5I
15i_2   H1,5I
15i_3   H1,5I
15i_4   H1,5I
15i_5   H1,5I
15i_6   H1,5I
15j_1   H1,5J
15j_2   H1,5J
15j_3   H1,5J
15j_4   H1,5J
15j_5   H1,5J
15j_6   H1,5J
15k_1   H1,5K
15k_2   H1,5K
15k_3   H1,5K
15k_4   H1,5K
15k_5   H1,5K
15k_6   H1,5K
15l_1   H1,5L
15l_2   H1,5L
15l_3   H1,5L
15l_4   H1,5L
15l_5   H1,5L
15l_6   H1,5L
15m_1   H1,5M
15m_2   H1,5M
15m_3   H1,5M
15m_4   H1,5M
15m_5   H1,5M
15m_6   H1,5M
20_1    H2,0
20_2    H2,0
20_3    H2,0
20_4    H2,0
20_5    H2,0
20_6    H2,0
21a_1   H2,1A
21a_2   H2,1A
21a_3   H2,1A
21a_4   H2,1A
21a_5   H2,1A
21a_6   H2,1A
21_1    H2,1
21_2    H2,1
21_3    H2,1
21_4    H2,1
21_5    H2,1
21_6    H2,1
22_1    H2,2
22_2    H2,2
22_3    H2,2
22_4    H2,2
22_5    H2,2
22_6    H2,2
31_1    H3,1
31_2    H3,1
31_3    H3,1
31_4    H3,1
31_5    H3,1
31_6    H3,1
31b_1   H3,1B
31b_2   H3,1B
31b_3   H3,1B
31b_4   H3,1B
31b_5   H3,1B
31b_6   H3,1B
31c_1   H3,1C
31c_2   H3,1C
31c_3   H3,1C
31c_4   H3,1C
31c_5   H3,1C
31c_6   H3,1C
31d_1   H3,1D
31d_2   H3,1D
31d_3   H3,1D
31d_4   H3,1D
31d_5   H3,1D
31d_6   H3,1D
31e_1   H3,1E
31e_2   H3,1E
31e_3   H3,1E
31e_4   H3,1E
31e_5   H3,1E
31e_6   H3,1E
32a_1   H3,2A
32a_2   H3,2A
32a_3   H3,2A
32a_4   H3,2A
32a_5   H3,2A
32a_6   H3,2A
32b_1   H3,2B
32b_2   H3,2B
32b_3   H3,2B
32b_4   H3,2B
32b_5   H3,2B
32b_6   H3,2B
32c_1   H3,2C
32c_2   H3,2C
32c_3   H3,2C
32c_4   H3,2C
32c_5   H3,2C
32c_6   H3,2C
32d_1   H3,2D
32d_2   H3,2D
32d_3   H3,2D
32d_4   H3,2D
32d_5   H3,2D
32d_6   H3,2D
32e_1   H3,2E
32e_2   H3,2E
32e_3   H3,2E
32e_4   H3,2E
32e_5   H3,2E
32e_6   H3,2E
32f_1   H3,2F
32f_2   H3,2F
32f_3   H3,2F
32f_4   H3,2F
32f_5   H3,2F
32f_6   H3,2F
32g_1   H3,2G
32g_2   H3,2G
32g_3   H3,2G
32g_4   H3,2G
32g_5   H3,2G
32g_6   H3,2G
32h_1   H3,2H
32h_2   H3,2H
32h_3   H3,2H
32h_4   H3,2H
32h_5   H3,2H
32h_6   H3,2H
32i_1   H3,2I
32i_2   H3,2I
32i_3   H3,2I
32i_4   H3,2I
32i_5   H3,2I
32i_6   H3,2I
32j_1   H3,2J
32j_2   H3,2J
32j_3   H3,2J
32j_4   H3,2J
32j_5   H3,2J
32j_6   H3,2J
32k_1   H3,2K
32k_2   H3,2K
32k_3   H3,2K
32k_4   H3,2K
32k_5   H3,2K
32k_6   H3,2K
32l_1   H3,2L
32l_2   H3,2L
32l_3   H3,2L
32l_4   H3,2L
32l_5   H3,2L
32l_6   H3,2L
32m_1   H3,2M
32m_2   H3,2M
32m_3   H3,2M
32m_4   H3,2M
32m_5   H3,2M
32m_6   H3,2M
32n_1   H3,2N
32n_2   H3,2N
32n_3   H3,2N
32n_4   H3,2N
32n_5   H3,2N
32n_6   H3,2N
32o_1   H3,2O
32o_2   H3,2O
32o_3   H3,2O
32o_4   H3,2O
32o_5   H3,2O
32o_6   H3,2O
32p_1   H3,2P
32p_2   H3,2P
32p_3   H3,2P
32p_4   H3,2P
32p_5   H3,2P
32p_6   H3,2P
32q_1   H3,2Q
32q_2   H3,2Q
32q_3   H3,2Q
32q_4   H3,2Q
32q_5   H3,2Q
32q_6   H3,2Q
32r_1   H3,2R
32r_2   H3,2R
32r_3   H3,2R
32r_4   H3,2R
32r_5   H3,2R
32r_6   H3,2R
32s_1   H3,2S
32s_2   H3,2S
32s_3   H3,2S
32s_4   H3,2S
32s_5   H3,2S
32s_6   H3,2S
32t_1   H3,2T
32t_2   H3,2T
32t_3   H3,2T
32t_4   H3,2T
32t_5   H3,2T
32t_6   H3,2T
32u_1   H3,2U
32u_2   H3,2U
32u_3   H3,2U
32u_4   H3,2U
32u_5   H3,2U
32u_6   H3,2U
32v_1   H3,2V
32v_2   H3,2V
32v_3   H3,2V
32v_4   H3,2V
32v_5   H3,2V
32v_6   H3,2V
32w_1   H3,2W
32w_2   H3,2W
32w_3   H3,2W
32w_4   H3,2W
32w_5   H3,2W
32w_6   H3,2W
32x_1   H3,2X
32x_2   H3,2X
32x_3   H3,2X
32x_4   H3,2X
32x_5   H3,2X
32x_6   H3,2X
32y_1   H3,2Y
32y_2   H3,2Y
32y_3   H3,2Y
32y_4   H3,2Y
32y_5   H3,2Y
32y_6   H3,2Y
32z_1   H3,2Z
32z_2   H3,2Z
32z_3   H3,2Z
32z_4   H3,2Z
32z_5   H3,2Z
32z_6   H3,2Z
34_1    H3,4
34_2    H3,4
34_3    H3,4
34_4    H3,4
34_5    H3,4
34_6    H3,4
37a_1   H3,7A
37a_2   H3,7A
37a_3   H3,7A
37a_4   H3,7A
37a_5   H3,7A
37a_6   H3,7A
37b_1   H3,7B
37b_2   H3,7B
37b_3   H3,7B
37b_4   H3,7B
37b_5   H3,7B
37b_6   H3,7B
37c_1   H3,7C
37c_2   H3,7C
37c_3   H3,7C
37c_4   H3,7C
37c_5   H3,7C
37c_6   H3,7C
37d_1   H3,7D
37d_2   H3,7D
37d_3   H3,7D
37d_4   H3,7D
37d_5   H3,7D
37d_6   H3,7D
37da_1  H3,7DA
37da_2  H3,7DA
37da_3  H3,7DA
37da_4  H3,7DA
37da_5  H3,7DA
37da_6  H3,7DA
37e_1   H3,7E
37e_2   H3,7E
37e_3   H3,7E
37e_4   H3,7E
37e_5   H3,7E
37e_6   H3,7E
37aa_1  H3,7AA
37aa_2  H3,7AA
37aa_3  H3,7AA
37aa_4  H3,7AA
37aa_5  H3,7AA
37aa_6  H3,7AA
37ab_1  H3,7AB
37ab_2  H3,7AB
37ab_3  H3,7AB
37ab_4  H3,7AB
37ab_5  H3,7AB
37ab_6  H3,7AB
37f_1   H3,7F
37f_2   H3,7F
37f_3   H3,7F
37f_4   H3,7F
37f_5   H3,7F
37f_6   H3,7F
37g_1   H3,7G
37g_2   H3,7G
37g_3   H3,7G
37g_4   H3,7G
37g_5   H3,7G
37g_6   H3,7G
37h_1   H3,7H
37h_2   H3,7H
37h_3   H3,7H
37h_4   H3,7H
37h_5   H3,7H
37h_6   H3,7H
37i_1   H3,7I
37i_2   H3,7I
37i_3   H3,7I
37i_4   H3,7I
37i_5   H3,7I
37i_6   H3,7I
37j_1   H3,7J
37j_2   H3,7J
37j_3   H3,7J
37j_4   H3,7J
37j_5   H3,7J
37j_6   H3,7J
37k_1   H3,7K
37k_2   H3,7K
37k_3   H3,7K
37k_4   H3,7K
37k_5   H3,7K
37k_6   H3,7K
37l_1   H3,7L
37l_2   H3,7L
37l_3   H3,7L
37l_4   H3,7L
37l_5   H3,7L
37l_6   H3,7L
37m_1   H3,7M
37m_2   H3,7M
37m_3   H3,7M
37m_4   H3,7M
37m_5   H3,7M
37m_6   H3,7M
37n_1   H3,7N
37n_2   H3,7N
37n_3   H3,7N
37n_4   H3,7N
37n_5   H3,7N
37n_6   H3,7N
37o_1   H3,7O
37o_2   H3,7O
37o_3   H3,7O
37o_4   H3,7O
37o_5   H3,7O
37o_6   H3,7O
37p_1   H3,7P
37p_2   H3,7P
37p_3   H3,7P
37p_4   H3,7P
37p_5   H3,7P
37p_6   H3,7P
37x_1   H3,7X
37x_2   H3,7X
37x_3   H3,7X
37x_4   H3,7X
37x_5   H3,7X
37x_6   H3,7X
37y_1   H3,7Y
37y_2   H3,7Y
37y_3   H3,7Y
37y_4   H3,7Y
37y_5   H3,7Y
37y_6   H3,7Y
37z_1   H3,7Z
37z_2   H3,7Z
37z_3   H3,7Z
37z_4   H3,7Z
37z_5   H3,7Z
37z_6   H3,7Z
38_1    H3,8
38_2    H3,8
38_3    H3,8
38_4    H3,8
38_5    H3,8
38_6    H3,8
39_1    H3,9
39_2    H3,9
39_3    H3,9
39_4    H3,9
39_5    H3,9
39_6    H3,9
42_1    H4,2
42_2    H4,2
42_3    H4,2
42_4    H4,2
42_5    H4,2
42_6    H4,2
43_1    H4,3
43_2    H4,3
43_3    H4,3
43_4    H4,3
43_5    H4,3
43_6    H4,3
44a_1   H4,4A
44a_2   H4,4A
44a_3   H4,4A
44a_4   H4,4A
44a_5   H4,4A
44a_6   H4,4A
44b_1   H4,4B
44b_2   H4,4B
44b_3   H4,4B
44b_4   H4,4B
44b_5   H4,4B
44b_6   H4,4B
44c_1   H4,4C
44c_2   H4,4C
44c_3   H4,4C
44c_4   H4,4C
44c_5   H4,4C
44c_6   H4,4C
45_1    H4,5
45_2    H4,5
45_3    H4,5
45_4    H4,5
45_5    H4,5
45_6    H4,5
46a_1   H4,6A
46a_2   H4,6A
46a_3   H4,6A
46a_4   H4,6A
46a_5   H4,6A
46a_6   H4,6A
46b_1   H4,6B
46b_2   H4,6B
46b_3   H4,6B
46b_4   H4,6B
46b_5   H4,6B
46b_6   H4,6B
47_1    H4,7
47_2    H4,7
47_3    H4,7
47_4    H4,7
47_5    H4,7
47_6    H4,7
100_1   H1,0
100_2   H1,0
100_3   H1,0
100_4   H1,0
100_5   H1,0
100_6   H1,0
w2_1    HW,2
w2_2    HW,2
w2_3    HW,2
w2_4    HW,2
w2_5    HW,2
w2_6    HW,2
w3_1    HW,3
w3_2    HW,3
w3_3    HW,3
w3_4    HW,3
w3_5    HW,3
w3_6    HW,3
w4_1    HW,4
w4_2    HW,4
w4_3    HW,4
w4_4    HW,4
w4_5    HW,4
w4_6    HW,4
w5_1    HW,5
w5_2    HW,5
w5_3    HW,5
w5_4    HW,5
w5_5    HW,5
w5_6    HW,5
w6_1    HW,6
w6_2    HW,6
w6_3    HW,6
w6_4    HW,6
w6_5    HW,6
w6_6    HW,6
w7_1    HW,7
w7_2    HW,7
w7_3    HW,7
w7_4    HW,7
w7_5    HW,7
w7_6    HW,7
w8_1    HW,8
w8_2    HW,8
w8_3    HW,8
w8_4    HW,8
w8_5    HW,8
w8_6    HW,8
w9_1    HW,9
w9_2    HW,9
w9_3    HW,9
w9_4    HW,9
w9_5    HW,9
w9_6    HW,9
w10_1   HW,10
w10_2   HW,10
w10_3   HW,10
w10_4   HW,10
w10_5   HW,10
w10_6   HW,10
w11_1   HW,11
w11_2   HW,11
w11_3   HW,11
w11_4   HW,11
w11_5   HW,11
w11_6   HW,11
w12_1   HW,12
w12_2   HW,12
w12_3   HW,12
w12_4   HW,12
w12_5   HW,12
w12_6   HW,12
w13_1   HW,13
w13_2   HW,13
w13_3   HW,13
w13_4   HW,13
w13_5   HW,13
w13_6   HW,13
w15_1   HW,15
w15_2   HW,15
w15_3   HW,15
w15_4   HW,15
w15_5   HW,15
w15_6   HW,15
w16_1   HW,16
w16_2   HW,16
w16_3   HW,16
w16_4   HW,16
w16_5   HW,16
w16_6   HW,16
w51_1   HW,51
w51_2   HW,51
w51_3   HW,51
w51_4   HW,51
w51_5   HW,51
w51_6   HW,51
w52_1   HW,52
w52_2   HW,52
w52_3   HW,52
w52_4   HW,52
w52_5   HW,52
w52_6   HW,52
w53_1   HW,53
w53_2   HW,53
w53_3   HW,53
w53_4   HW,53
w53_5   HW,53
w53_6   HW,53
w55_1   HW,55
w55_2   HW,55
w55_3   HW,55
w55_4   HW,55
w55_5   HW,55
w55_6   HW,55
w56_1   HW,56
w56_2   HW,56
w56_3   HW,56
w56_4   HW,56
w56_5   HW,56
w56_6   HW,56
w57_1   HW,57
w57_2   HW,57
w57_3   HW,57
w57_4   HW,57
w57_5   HW,57
w57_6   HW,57
w58_1   HW,58
w58_2   HW,58
w58_3   HW,58
w58_4   HW,58
w58_5   HW,58
w58_6   HW,58
w70_1   HW,70
w70_2   HW,70
w70_3   HW,70
w70_4   HW,70
w70_5   HW,70
w70_6   HW,70
w71_1   HW,71
w71_2   HW,71
w71_3   HW,71
w71_4   HW,71
w71_5   HW,71
w71_6   HW,71
w72_1   HW,72
w72_2   HW,72
w72_3   HW,72
w72_4   HW,72
w72_5   HW,72
w72_6   HW,72
w73_1   HW,73
w73_2   HW,73
w73_3   HW,73
w73_4   HW,73
w73_5   HW,73
w73_6   HW,73
501     V5,1
502     V5,2
503     V5,3
504     V5,4
505     V5,5
506     V5,6
510     V5,10
513     V5,13
525     V5,25
527     V5,27
528     V5,28
529     V5,29
530     V5,30
531     V5,31
532     V5,32
535     V5,35
536     V5,36
537     V5,37
538     V5,38
539     V5,39
540     V5,40
541     V5,41
602     V6,2
603     V6,3
604     V6,4
605     V6,5
613     V6,13
614     V6,14
616     V6,16
621     V6,21
623     V6,23
624     V6,24
625     V6,25
626     V6,26
625a    V6,25A
626a    V6,26A
627     V6,27
628     V6,28
629     V6,29
631     V6,31
632     V6,32
632a    V6,32A
633a    V6,33A
633b    V6,33B
633c    V6,33C
633d    V6,33D
633e    V6,33E
633f    V6,33F
633g    V6,33G
634     V6,34
701     V7,1
702     V7,2
704     V7,4
704a    V7,04A
705     V7,5
714     V7,14
714a    V7,14A
715     V7,15
716     V7,16
717     V7,17
719     V7,19
721     V7,21
729     V7,29
730     V7,30
731     V7,31
732     V7,32
739     V7,39
740     V7,40
741     V7,41
743a    V7,43A
743b    V7,43B
743c    V7,43C
743d    V7,43D
743e    V7,43E
743f    V7,43F
744a    V7,44A
744b    V7,44B
744c    V7,44C
744d    V7,44D
744e    V7,44E
745a    V7,45A
745b    V7,45B
745c    V7,45C
745d    V7,45D
746     V7,46
750     V7,50
751     V7,51
754bp   V7,54BP
754cp   V7,54CP
754dp   V7,54DP
754jp   V7,54JP
754wp   V7,54WP
756     V7,56
761     V7,61
761b    V7,61B
761c    V7,61C
762     V7,62
762a    V7,62A
762aa   V7,62AA
762ab   V7,62AB
762ac   V7,62AC
762ad   V7,62AD
762ae   V7,62AE
762af   V7,62AF
762ag   V7,62AG
762ah   V7,62AH
762ai   V7,62AI
762aj   V7,62AJ
762ak   V7,62AK
762al   V7,62AL
762am   V7,62AM
762an   V7,62AN
762ao   V7,62AO
762ap   V7,62AP
762aq   V7,62AQ
762ar   V7,62AR
762as   V7,62AS
762at   V7,62AT
762au   V7,62AU
762av   V7,62AV
762aw   V7,62AW
762ax   V7,62AX
762az   V7,62AZ
762ba   V7,62BA
762bb   V7,62BB
762bc   V7,62BC
762bd   V7,62BD
762be   V7,62BE
762bf   V7,62BF
762bg   V7,62BG
762bh   V7,62BH
762bi   V7,62BI
762bj   V7,62BJ
762bk   V7,62BK
762bl   V7,62BL
762bm   V7,62BM
762bn   V7,62BN
762bo   V7,62BO
762bp   V7,62BP
762bq   V7,62BQ
762br   V7,62BR
762bs   V7,62BS
762bt   V7,62BT
762bu   V7,62BU
762bv   V7,62BV
762bw   V7,62BW
762bx   V7,62BX
762bz   V7,62BZ
763a    V7,63A
763b    V7,63B
763c    V7,63C
763d    V7,63D
763e    V7,63E
763f    V7,63F
763g    V7,63G
766a    V7,66A
766b    V7,66B
767a    V7,67A
767b    V7,67B
767c    V7,67C
768a    V7,68A
768b    V7,68B
768c    V7,68C
769     V7,69
769a    V7,69A
770     V7,70
770a    V7,70A
770b    V7,70B
770c    V7,70C
770d    V7,70D
770e    V7,70E
770f    V7,70F
770g    V7,70G
770h    V7,70H
770i    V7,70I
770j    V7,70J
770k    V7,70K
770l    V7,70L
770m    V7,70M
770n    V7,70N
770o    V7,70O
770p    V7,70P
770q    V7,70Q
770r    V7,70R
770s    V7,70S
770t    V7,70T
770u    V7,70U
770v    V7,70V
770w    V7,70W
770x    V7,70X
774a    V7,74A
774b    V7,74B
774c    V7,74C
775     V7,75
777     V7,77
777a    V7,77A
778     V7,78
779     V7,79
780     V7,80
781     V7,81
783     V7,83
784a    V7,84A
784b    V7,84B
784c    V7,84C
784d    V7,84D
784e    V7,84E
784f    V7,84F
784g    V7,84G
784h    V7,84H
784i    V7,84I
784j    V7,84J
784k    V7,84K
784l    V7,84L
784m    V7,84M
784n    V7,84N
784o    V7,84O
784p    V7,84P
784q    V7,84Q
784r    V7,84R
784s    V7,84S
784t    V7,84T
784u    V7,84U
784v    V7,84V
784x    V7,84X
785     V7,85
791a    V7,91A
820     V8,20
821a    V8,21A
821b    V8,21B
821c    V8,21C
822     V8,22
823     V8,23
824     V8,24
825     V8,25
826     V8,26
826a    V8,26A
827     V8,27
828     V8,28
829     V8,29
830     V8,30
831     V8,31
832b    V8,32B
832c    V8,32C
833a    V8,33A
833b    V8,33B
833c    V8,33C
834a    V8,34A
834b    V8,34B
834c    V8,34C
835a    V8,35A
835b    V8,35B
835c    V8,35C
836     V8,36
837     V8,37
838a    V8,38A
838b    V8,38B
838c    V8,38C
839     V8,39
839a    V8,39A
840     V8,40
840a    V8,40A
841     V8,41
841a    V8,41A
842     V8,42
843     V8,43
844     V8,44
845     V8,45
846     V8,46
847     V8,47
848     V8,48
849     V8,49
850a    V8,50A
850b    V8,50B
851a    V8,51A
851b    V8,51B
851c    V8,51C
851d    V8,51D
851e    V8,51E
851f    V8,51F
851g    V8,51G
851h    V8,51H
851i    V8,51I
851j    V8,51J
851k    V8,51K
851l    V8,51L
852a    V8,52A
852b    V8,52B
852c    V8,52C
853a    V8,53A
853b    V8,53B
853c    V8,53C
854a    V8,54A
854b    V8,54B
855     V8,55
856     V8,56
857a    V8,57A
857b    V8,57B
857c    V8,57C
857d    V8,57D
858     V8,58
803     V8,3
811     V8,11
812     V8,12
813     V8,13
814     V8,14
815a    V8,15A
815b    V8,15B
815c    V8,15C
col_1   VC,OL
col_2   VC,OL
col_3   VC,OL
col_4   VC,OL
col_5   VC,OL
col_6   VC,OL
col_7   VC,OL
col_8   VC,OL
col_9   VC,OL
m1_01   MM,1
m1_02   MM,1
m1_03   MM,1
m1_04   MM,1
m1_05   MM,1
m1_06   MM,1
m1_07   MM,1
m1_08   MM,1
m1_09   MM,1
m1_10   MM,1
m1_11   MM,1
m1_12   MM,1
m1_13   MM,1
m1_14   MM,1
m1_15   MM,1
m1_16   MM,1
m1_17   MM,1
m1_18   MM,1
m1_19   MM,1
m1_20   MM,1
m2_01   MM,2
m2_02   MM,2
m2_03   MM,2
m2_04   MM,2
m2_05   MM,2
m2_06   MM,2
m2_07   MM,2
m2_08   MM,2
m2_09   MM,2
m2_10   MM,2
m2_11   MM,2
m2_12   MM,2
m2_13   MM,2
m2_14   MM,2
m2_15   MM,2
m2_16   MM,2
m2_17   MM,2
m2_18   MM,2
m2_19   MM,2
m2_20   MM,2
m3_01   MM,3
m3_02   MM,3
m3_03   MM,3
m3_04   MM,3
m3_05   MM,3
m3_06   MM,3
m3_07   MM,3
m3_08   MM,3
m3_09   MM,3
m3_10   MM,3
m3_11   MM,3
m3_12   MM,3
m3_13   MM,3
m3_14   MM,3
m3_15   MM,3
m3_16   MM,3
m3_17   MM,3
m3_18   MM,3
m3_19   MM,3
m3_20   MM,3
m5_01   MM,5
m5_02   MM,5
m5_03   MM,5
m5_04   MM,5
m5_05   MM,5
m5_06   MM,5
m5_07   MM,5
m5_08   MM,5
m5_09   MM,5
m5_10   MM,5
m5_11   MM,5
m5_12   MM,5
m5_13   MM,5
m5_14   MM,5
m5_15   MM,5
m5_16   MM,5
m5_17   MM,5
m5_18   MM,5
m5_19   MM,5
m5_20   MM,5
m6_01   MM,6
m6_02   MM,6
m6_03   MM,6
m6_04   MM,6
m6_05   MM,6
m6_06   MM,6
m6_07   MM,6
m6_08   MM,6
m6_09   MM,6
m6_10   MM,6
m6_11   MM,6
m6_12   MM,6
m6_13   MM,6
m6_14   MM,6
m6_15   MM,6
m6_16   MM,6
m6_17   MM,6
m6_18   MM,6
m6_19   MM,6
m6_20   MM,6
m7_01   MM,7
m7_02   MM,7
m7_03   MM,7
m7_04   MM,7
m7_05   MM,7
m7_06   MM,7
m7_07   MM,7
m7_08   MM,7
m7_09   MM,7
m7_10   MM,7
m7_11   MM,7
m7_12   MM,7
m7_13   MM,7
m7_14   MM,7
m7_15   MM,7
m7_16   MM,7
m7_17   MM,7
m7_18   MM,7
m7_19   MM,7
m7_20   MM,7
m9_01   MM,9
m9_02   MM,9
m9_03   MM,9
m9_04   MM,9
m9_05   MM,9
m9_06   MM,9
m9_07   MM,9
m9_08   MM,9
m9_09   MM,9
m9_10   MM,9
m9_11   MM,9
m9_12   MM,9
m9_13   MM,9
m9_14   MM,9
m9_15   MM,9
m9_16   MM,9
m9_17   MM,9
m9_18   MM,9
m9_19   MM,9
m9_20   MM,9
m10_01  MM,10
m10_02  MM,10
m10_03  MM,10
m10_04  MM,10
m10_05  MM,10
m10_06  MM,10
m10_07  MM,10
m10_08  MM,10
m10_09  MM,10
m10_10  MM,10
m10_11  MM,10
m10_12  MM,10
m10_13  MM,10
m10_14  MM,10
m10_15  MM,10
m10_16  MM,10
m10_17  MM,10
m10_18  MM,10
m10_19  MM,10
m10_20  MM,10
m11_01  MM,11
m11_02  MM,11
m11_03  MM,11
m11_04  MM,11
m11_05  MM,11
m11_06  MM,11
m11_07  MM,11
m11_08  MM,11
m11_09  MM,11
m11_10  MM,11
m11_11  MM,11
m11_12  MM,11
m11_13  MM,11
m11_14  MM,11
m11_15  MM,11
m11_16  MM,11
m11_17  MM,11
m11_18  MM,11
m11_19  MM,11
m11_20  MM,11
m12_01  MM,12
m12_02  MM,12
m12_03  MM,12
m12_04  MM,12
m12_05  MM,12
m12_06  MM,12
m12_07  MM,12
m12_08  MM,12
m12_09  MM,12
m12_10  MM,12
m12_11  MM,12
m12_12  MM,12
m12_13  MM,12
m12_14  MM,12
m12_15  MM,12
m12_16  MM,12
m12_17  MM,12
m12_18  MM,12
m12_19  MM,12
m12_20  MM,12
m13_01  MM,13
m13_02  MM,13
m13_03  MM,13
m13_04  MM,13
m13_05  MM,13
m13_06  MM,13
m13_07  MM,13
m13_08  MM,13
m13_09  MM,13
m13_10  MM,13
m13_11  MM,13
m13_12  MM,13
m13_13  MM,13
m13_14  MM,13
m13_15  MM,13
m13_16  MM,13
m13_17  MM,13
m13_18  MM,13
m13_19  MM,13
m13_20  MM,13
m15_01  MM,15
m15_02  MM,15
m15_03  MM,15
m15_04  MM,15
m15_05  MM,15
m15_06  MM,15
m15_07  MM,15
m15_08  MM,15
m15_09  MM,15
m15_10  MM,15
m15_11  MM,15
m15_12  MM,15
m15_13  MM,15
m15_14  MM,15
m15_15  MM,15
m15_16  MM,15
m15_17  MM,15
m15_18  MM,15
m15_19  MM,15
m15_20  MM,15
m16_01  MM,16
m16_02  MM,16
m16_03  MM,16
m16_04  MM,16
m16_05  MM,16
m16_06  MM,16
m16_07  MM,16
m16_08  MM,16
m16_09  MM,16
m16_10  MM,16
m16_11  MM,16
m16_12  MM,16
m16_13  MM,16
m16_14  MM,16
m16_15  MM,16
m16_16  MM,16
m16_17  MM,16
m16_18  MM,16
m16_19  MM,16
m16_20  MM,16
mc3     MM,C3
mc5     MM,C5
l0_1    ML,0
l0_2    ML,0
l0_3    ML,0
l0_4    ML,0
l0_5    ML,0
l0_6    ML,0
l1_1    ML,1
l1_2    ML,1
l1_3    ML,1
l1_4    ML,1
l1_5    ML,1
l1_6    ML,1
l2_1    ML,2
l2_2    ML,2
l2_3    ML,2
l2_4    ML,2
l2_5    ML,2
l2_6    ML,2
l11_1   ML,11
l11_2   ML,11
l11_3   ML,11
l11_4   ML,11
l11_5   ML,11
l11_6   ML,11
l12_1   ML,12
l12_2   ML,12
l12_3   ML,12
l12_4   ML,12
l12_5   ML,12
l12_6   ML,12
l13a_1  ML,13A
l13a_2  ML,13A
l13a_3  ML,13A
l13a_4  ML,13A
l13a_5  ML,13A
l13a_6  ML,13A
l13b_1  ML,13B
l13b_2  ML,13B
l13b_3  ML,13B
l13b_4  ML,13B
l13b_5  ML,13B
l13b_6  ML,13B
l13c_1  ML,13C
l13c_2  ML,13C
l13c_3  ML,13C
l13c_4  ML,13C
l13c_5  ML,13C
l13c_6  ML,13C
l13d_1  ML,13D
l13d_2  ML,13D
l13d_3  ML,13D
l13d_4  ML,13D
l13d_5  ML,13D
l13d_6  ML,13D
l13da_1 ML,13DA
l13da_2 ML,13DA
l13da_3 ML,13DA
l13da_4 ML,13DA
l13da_5 ML,13DA
l13da_6 ML,13DA
l13e_1  ML,13E
l13e_2  ML,13E
l13e_3  ML,13E
l13e_4  ML,13E
l13e_5  ML,13E
l13e_6  ML,13E
l13aa_1 ML,13AA
l13aa_2 ML,13AA
l13aa_3 ML,13AA
l13aa_4 ML,13AA
l13aa_5 ML,13AA
l13aa_6 ML,13AA
l13ab_1 ML,13AB
l13ab_2 ML,13AB
l13ab_3 ML,13AB
l13ab_4 ML,13AB
l13ab_5 ML,13AB
l13ab_6 ML,13AB
l13f_1  ML,13F
l13f_2  ML,13F
l13f_3  ML,13F
l13f_4  ML,13F
l13f_5  ML,13F
l13f_6  ML,13F
l13g_1  ML,13G
l13g_2  ML,13G
l13g_3  ML,13G
l13g_4  ML,13G
l13g_5  ML,13G
l13g_6  ML,13G
l13h_1  ML,13H
l13h_2  ML,13H
l13h_3  ML,13H
l13h_4  ML,13H
l13h_5  ML,13H
l13h_6  ML,13H
l13i_1  ML,13I
l13i_2  ML,13I
l13i_3  ML,13I
l13i_4  ML,13I
l13i_5  ML,13I
l13i_6  ML,13I
l13j_1  ML,13J
l13j_2  ML,13J
l13j_3  ML,13J
l13j_4  ML,13J
l13j_5  ML,13J
l13j_6  ML,13J
l13k_1  ML,13K
l13k_2  ML,13K
l13k_3  ML,13K
l13k_4  ML,13K
l13k_5  ML,13K
l13k_6  ML,13K
l13l_1  ML,13L
l13l_2  ML,13L
l13l_3  ML,13L
l13l_4  ML,13L
l13l_5  ML,13L
l13l_6  ML,13L
l13m_1  ML,13M
l13m_2  ML,13M
l13m_3  ML,13M
l13m_4  ML,13M
l13m_5  ML,13M
l13m_6  ML,13M
l13n_1  ML,13N
l13n_2  ML,13N
l13n_3  ML,13N
l13n_4  ML,13N
l13n_5  ML,13N
l13n_6  ML,13N
l13o_1  ML,13O
l13o_2  ML,13O
l13o_3  ML,13O
l13o_4  ML,13O
l13o_5  ML,13O
l13o_6  ML,13O
l13p_1  ML,13P
l13p_2  ML,13P
l13p_3  ML,13P
l13p_4  ML,13P
l13p_5  ML,13P
l13p_6  ML,13P
l13x_1  ML,13X
l13x_2  ML,13X
l13x_3  ML,13X
l13x_4  ML,13X
l13x_5  ML,13X
l13x_6  ML,13X
l13y_1  ML,13Y
l13y_2  ML,13Y
l13y_3  ML,13Y
l13y_4  ML,13Y
l13y_5  ML,13Y
l13y_6  ML,13Y
l13z_1  ML,13Z
l13z_2  ML,13Z
l13z_3  ML,13Z
l13z_4  ML,13Z
l13z_5  ML,13Z
l13z_6  ML,13Z
l14a_1  ML,14A
l14a_2  ML,14A
l14a_3  ML,14A
l14a_4  ML,14A
l14a_5  ML,14A
l14a_6  ML,14A
l14b_1  ML,14B
l14b_2  ML,14B
l14b_3  ML,14B
l14b_4  ML,14B
l14b_5  ML,14B
l14b_6  ML,14B
l14y_1  ML,14Y
l14y_2  ML,14Y
l14y_3  ML,14Y
l14y_4  ML,14Y
l14y_5  ML,14Y
l14y_6  ML,14Y
l14z_1  ML,14Z
l14z_2  ML,14Z
l14z_3  ML,14Z
l14z_4  ML,14Z
l14z_5  ML,14Z
l14z_6  ML,14Z
l15a_1  ML,15A
l15a_2  ML,15A
l15a_3  ML,15A
l15a_4  ML,15A
l15a_5  ML,15A
l15a_6  ML,15A
l15b_1  ML,15B
l15b_2  ML,15B
l15b_3  ML,15B
l15b_4  ML,15B
l15b_5  ML,15B
l15b_6  ML,15B
l15c_1  ML,15C
l15c_2  ML,15C
l15c_3  ML,15C
l15c_4  ML,15C
l15c_5  ML,15C
l15c_6  ML,15C
l16a_1  ML,16A
l16a_2  ML,16A
l16a_3  ML,16A
l16a_4  ML,16A
l16a_5  ML,16A
l16a_6  ML,16A
l16b_1  ML,16B
l16b_2  ML,16B
l16b_3  ML,16B
l16b_4  ML,16B
l16b_5  ML,16B
l16b_6  ML,16B
l16c_1  ML,16C
l16c_2  ML,16C
l16c_3  ML,16C
l16c_4  ML,16C
l16c_5  ML,16C
l16c_6  ML,16C
l17a_1  ML,17A
l17a_2  ML,17A
l17a_3  ML,17A
l17a_4  ML,17A
l17a_5  ML,17A
l17a_6  ML,17A
l17b_1  ML,17B
l17b_2  ML,17B
l17b_3  ML,17B
l17b_4  ML,17B
l17b_5  ML,17B
l17b_6  ML,17B
l17c_1  ML,17C
l17c_2  ML,17C
l17c_3  ML,17C
l17c_4  ML,17C
l17c_5  ML,17C
l17c_6  ML,17C
l18a_1  ML,18A
l18a_2  ML,18A
l18a_3  ML,18A
l18a_4  ML,18A
l18a_5  ML,18A
l18a_6  ML,18A
l18b_1  ML,18B
l18b_2  ML,18B
l18b_3  ML,18B
l18b_4  ML,18B
l18b_5  ML,18B
l18b_6  ML,18B
l18c_1  ML,18C
l18c_2  ML,18C
l18c_3  ML,18C
l18c_4  ML,18C
l18c_5  ML,18C
l18c_6  ML,18C
l19a_1  ML,19A
l19a_2  ML,19A
l19a_3  ML,19A
l19a_4  ML,19A
l19a_5  ML,19A
l19a_6  ML,19A
l19b_1  ML,19B
l19b_2  ML,19B
l19b_3  ML,19B
l19b_4  ML,19B
l19b_5  ML,19B
l19b_6  ML,19B
l19c_1  ML,19C
l19c_2  ML,19C
l19c_3  ML,19C
l19c_4  ML,19C
l19c_5  ML,19C
l19c_6  ML,19C
l19d_1  ML,19D
l19d_2  ML,19D
l19d_3  ML,19D
l19d_4  ML,19D
l19d_5  ML,19D
l19d_6  ML,19D
l19e_1  ML,19E
l19e_2  ML,19E
l19e_3  ML,19E
l19e_4  ML,19E
l19e_5  ML,19E
l19e_6  ML,19E
l19f_1  ML,19F
l19f_2  ML,19F
l19f_3  ML,19F
l19f_4  ML,19F
l19f_5  ML,19F
l19f_6  ML,19F
l19x_1  ML,19X
l19x_2  ML,19X
l19x_3  ML,19X
l19x_4  ML,19X
l19x_5  ML,19X
l19x_6  ML,19X
l19y_1  ML,19Y
l19y_2  ML,19Y
l19y_3  ML,19Y
l19y_4  ML,19Y
l19y_5  ML,19Y
l19y_6  ML,19Y
l19z_1  ML,19Z
l19z_2  ML,19Z
l19z_3  ML,19Z
l19z_4  ML,19Z
l19z_5  ML,19Z
l19z_6  ML,19Z
l20a_1  ML,20A
l20a_2  ML,20A
l20a_3  ML,20A
l20a_4  ML,20A
l20a_5  ML,20A
l20a_6  ML,20A
l20b_1  ML,20B
l20b_2  ML,20B
l20b_3  ML,20B
l20b_4  ML,20B
l20b_5  ML,20B
l20b_6  ML,20B
l20c_1  ML,20C
l20c_2  ML,20C
l20c_3  ML,20C
l20c_4  ML,20C
l20c_5  ML,20C
l20c_6  ML,20C
l21a_1  ML,21A
l21a_2  ML,21A
l21a_3  ML,21A
l21a_4  ML,21A
l21a_5  ML,21A
l21a_6  ML,21A
l21b_1  ML,21B
l21b_2  ML,21B
l21b_3  ML,21B
l21b_4  ML,21B
l21b_5  ML,21B
l21b_6  ML,21B
l21c_1  ML,21C
l21c_2  ML,21C
l21c_3  ML,21C
l21c_4  ML,21C
l21c_5  ML,21C
l21c_6  ML,21C
l22a_1  ML,22A
l22a_2  ML,22A
l22a_3  ML,22A
l22a_4  ML,22A
l22a_5  ML,22A
l22a_6  ML,22A
l22b_1  ML,22B
l22b_2  ML,22B
l22b_3  ML,22B
l22b_4  ML,22B
l22b_5  ML,22B
l22b_6  ML,22B
l22c_1  ML,22C
l22c_2  ML,22C
l22c_3  ML,22C
l22c_4  ML,22C
l22c_5  ML,22C
l22c_6  ML,22C
l23a_1  ML,23A
l23a_2  ML,23A
l23a_3  ML,23A
l23a_4  ML,23A
l23a_5  ML,23A
l23a_6  ML,23A
l23b_1  ML,23B
l23b_2  ML,23B
l23b_3  ML,23B
l23b_4  ML,23B
l23b_5  ML,23B
l23b_6  ML,23B
l23c_1  ML,23C
l23c_2  ML,23C
l23c_3  ML,23C
l23c_4  ML,23C
l23c_5  ML,23C
l23c_6  ML,23C
l24c_1  ML,24C
l24c_2  ML,24C
l24c_3  ML,24C
l24c_4  ML,24C
l24c_5  ML,24C
l24c_6  ML,24C
l25a_1  ML,25A
l25a_2  ML,25A
l25a_3  ML,25A
l25a_4  ML,25A
l25a_5  ML,25A
l25a_6  ML,25A
101a    D1,01A
101b    D1,01B
101c    D1,01C
101d    D1,01D
101e    D1,01E
101f    D1,01F
101g    D1,01G
101h    D1,01H
101i    D1,01I
101j    D1,01J
103a    D1,03A
103b    D1,03B
103c    D1,03C
103d    D1,03D
103e    D1,03E
103f    D1,03F
104     D1,4
105a    D1,05A
105b    D1,05B
105c    D1,05C
105d    D1,05D
105e    D1,05E
105f    D1,05F
105g    D1,05G
105h    D1,05H
105i    D1,05I
105j    D1,05J
105k    D1,05K
105l    D1,05L
105m    D1,05M
105n    D1,05N
106     D1,6
107     D1,7
108     D1,8
109     D1,9
110a    D1,10A
110b    D1,10B
110c    D1,10C
110d    D1,10D
110e    D1,10E
110f    D1,10F
110g    D1,10G
110h    D1,10H
111     D1,11
112     D1,12
112a    D1,12A
113     D1,13
114     D1,14
115b    D1,15B
115c    D1,15C
115d    D1,15D
115e    D1,15E
115f    D1,15F
115g    D1,15G
115h    D1,15H
115i    D1,15I
115j    D1,15J
115k    D1,15K
115l    D1,15L
115m    D1,15M
115n    D1,15N
115o    D1,15O
115p    D1,15P
115q    D1,15Q
115r    D1,15R
115s    D1,15S
115t    D1,15T
115u    D1,15U
115v    D1,15V
115w    D1,15W
115x    D1,15X
115y    D1,15Y
115xa   D1,15XA
115xb   D1,15XB
115xc   D1,15XC
115xd   D1,15XD
115xe   D1,15XE
115xf   D1,15XF
115xg   D1,15XG
115xh   D1,15XH
115xi   D1,15XI
115xj   D1,15XJ
115xk   D1,15XK
116     D1,16
117a    D1,17A
118a    D1,18A
118b    D1,18B
118c    D1,18C
118d    D1,18D
118e    D1,18E
118f    D1,18F
118g    D1,18G
118h    D1,18H
118i    D1,18I
118j    D1,18J
118k    D1,18K
118l    D1,18L
118m    D1,18M
118n    D1,18N
118o    D1,18O
118p    D1,18P
118q    D1,18Q
118r    D1,18R
118s    D1,18S
118t    D1,18T
118u    D1,18U
118v    D1,18V
118w    D1,18W
118x    D1,18X
118y    D1,18Y
118xa   D1,18XA
118xb   D1,18XB
118xc   D1,18XC
118xd   D1,18XD
118xe   D1,18XE
118xf   D1,18XF
118xg   D1,18XG
118xh   D1,18XH
118xi   D1,18XI
118xj   D1,18XJ
118xk   D1,18XK
119a    D1,19A
119b    D1,19B
119c    D1,19C
119d    D1,19D
119e    D1,19E
119f    D1,19F
119g    D1,19G
119h    D1,19H
119i    D1,19I
119j    D1,19J
119k    D1,19K
119l    D1,19L
119m    D1,19M
119n    D1,19N
119o    D1,19O
119p    D1,19P
119q    D1,19Q
119r    D1,19R
119s    D1,19S
119t    D1,19T
119u    D1,19U
119v    D1,19V
119w    D1,19W
119x    D1,19X
119y    D1,19Y
119xa   D1,19XA
119xb   D1,19XB
119xc   D1,19XC
119xd   D1,19XD
119xe   D1,19XE
119xf   D1,19XF
119xg   D1,19XG
119xh   D1,19XH
119xi   D1,19XI
119xj   D1,19XJ
119xk   D1,19XK
120     D1,20
121     D1,21
122a    D1,22A
122b    D1,22B
122c    D1,22C
123     D1,23
124     D1,24
125     D1,25
126     D1,26
127     D1,27
128     D1,28
129     D1,29
130a    D1,30A
130b    D1,30B
130c    D1,30C
dist    SD,IST
hh121g  SH,H121G
hh121h  SH,H121H
hh121i  SH,H121I
hh121j  SH,H121J
hh121k  SH,H121K
230a1   S2,30A1
230a2   S2,30A2
230a3   S2,30A3
815e    S8,15E
815f    S8,15F
815g    S8,15G
815h    S8,15H
1004a   S1,004A
1019a   S1,019A
1019b   S1,019B
1111    S1,111
1112    S1,112
1113    S1,113
1114    S1,114
1115    S1,115
1116    S1,116
1117    S1,117
1118    S1,118
1119a   S1,119A
1119b   S1,119B
1119c   S1,119C
1119d   S1,119D
1119e   S1,119E
1119f   S1,119F
1119g   S1,119G
1119h   S1,119H
1119x   S1,119X
1120    S1,120
1121    S1,121
1122    S1,122
1322b   S1,322B
1323    S1,323
1029a   S1,029A
413f_1  S4,13F
413f_2  S4,13F
413f_3  S4,13F
413f_4  S4,13F
413f_5  S4,13F
413f_6  S4,13F
413g_1  S4,13G
413g_2  S4,13G
413g_3  S4,13G
413g_4  S4,13G
413g_5  S4,13G
413g_6  S4,13G
611a_1  S6,11A
611a_2  S6,11A
611a_3  S6,11A
611a_4  S6,11A
611a_5  S6,11A
611a_6  S6,11A
